-4.348502680659294128e-02,-1.089415140450000763e-02,5.573371648788452148e-01,1.205538064241409302e-01,1.359472610056400299e-02,4.324963986873626709e-01,-8.934365510940551758e-01,8.083434402942657471e-02,1.024668812751770020e-01,-6.932590156793594360e-02,1.348365098237991333e-01,2.989545762538909912e-01,-1.590734273195266724e-01,-3.392017260193824768e-02,-6.646611541509628296e-02,-3.157611936330795288e-02,2.439161539077758789e-01,4.464954137802124023e-01,1.585002392530441284e-01,-6.637031584978103638e-02,-3.208642825484275818e-02,2.145220935344696045e-01,3.060346543788909912e-01,4.384799003601074219e-01,-2.903503179550170898e-01,7.650535702705383301e-01,-7.833889126777648926e-02,-1.097943857312202454e-01,-1.287701576948165894e-01,2.502762973308563232e-01,-4.221845269203186035e-01,1.049326136708259583e-01,7.110471129417419434e-01,1.922946125268936157e-01,-2.754220739006996155e-02,5.424286425113677979e-02
-4.293235391378402710e-02,-1.103705726563930511e-02,5.571008920669555664e-01,1.044564396142959595e-01,-4.249063786119222641e-03,4.090096950531005859e-01,-9.065218567848205566e-01,2.527786977589130402e-02,7.677993178367614746e-02,-1.195151284337043762e-01,1.186995282769203186e-01,3.250506818294525146e-01,-1.548416018486022949e-01,-7.285163551568984985e-02,-9.802973270416259766e-02,-7.248815149068832397e-02,2.534116506576538086e-01,4.429304897785186768e-01,1.656416952610015869e-01,-1.150744557380676270e-01,-3.307517990469932556e-02,1.414785534143447876e-01,2.798688411712646484e-01,4.179003238677978516e-01,-3.346139788627624512e-01,8.873568177223205566e-01,-1.154027655720710754e-01,-2.111066281795501709e-01,-1.459094285964965820e-01,2.542734444141387939e-01,-4.509176611900329590e-01,1.187020689249038696e-01,8.071640133857727051e-01,2.341368794441223145e-01,-1.144457831978797913e-01,8.564902096986770630e-02
-4.300585761666297913e-02,-1.086805574595928192e-02,5.574423670768737793e-01,1.032035201787948608e-01,-8.024065755307674408e-03,4.071921706199645996e-01,-9.074575304985046387e-01,1.586611382663249969e-02,7.676392048597335815e-02,-1.224118098616600037e-01,1.196872591972351074e-01,3.236085474491119385e-01,-1.537084281444549561e-01,-7.822845876216888428e-02,-9.777029603719711304e-02,-7.508347928524017334e-02,2.508612275123596191e-01,4.425805807113647461e-01,1.684795916080474854e-01,-1.231050118803977966e-01,-2.932474017143249512e-02,1.269274204969406128e-01,2.798521816730499268e-01,4.084486961364746094e-01,-3.363567292690277100e-01,9.121083617210388184e-01,-1.191588863730430603e-01,-2.320818156003952026e-01,-1.487295329570770264e-01,2.545571327209472656e-01,-4.578655958175659180e-01,1.229406222701072693e-01,8.243675231933593750e-01,2.356177568435668945e-01,-1.321087032556533813e-01,9.332937002182006836e-02
-4.311999678611755371e-02,-1.067736186087131500e-02,5.578054189682006836e-01,1.030814796686172485e-01,-9.739250876009464264e-03,4.061224162578582764e-01,-9.079338908195495605e-01,1.292579993605613708e-02,7.772355526685714722e-02,-1.234665066003799438e-01,1.183228120207786560e-01,3.228445351123809814e-01,-1.524206101894378662e-01,-8.124443888664245605e-02,-9.699945896863937378e-02,-7.499618083238601685e-02,2.517745494842529297e-01,4.431127905845642090e-01,1.678381860256195068e-01,-1.260900646448135376e-01,-2.717040851712226868e-02,1.219945698976516724e-01,2.805033624172210693e-01,4.033809900283813477e-01,-3.329602479934692383e-01,9.201304316520690918e-01,-1.206145957112312317e-01,-2.405339330434799194e-01,-1.498722434043884277e-01,2.550691366195678711e-01,-4.606362581253051758e-01,1.234413832426071167e-01,8.306584358215332031e-01,2.345663905143737793e-01,-1.384688019752502441e-01,9.665270894765853882e-02
-4.324873164296150208e-02,-9.669612161815166473e-03,5.580093860626220703e-01,1.022470369935035706e-01,-1.100515760481357574e-02,4.083177447319030762e-01,-9.070286750793457031e-01,1.201788336038589478e-02,7.897338271141052246e-02,-1.205512434244155884e-01,1.167097836732864380e-01,3.215143680572509766e-01,-1.500313729047775269e-01,-8.262447267770767212e-02,-9.615378081798553467e-02,-7.424483448266983032e-02,2.477161884307861328e-01,4.394818246364593506e-01,1.692380011081695557e-01,-1.280935257673263550e-01,-2.661188691854476929e-02,1.204378530383110046e-01,2.862415015697479248e-01,4.005982577800750732e-01,-3.300893008708953857e-01,9.226188659667968750e-01,-1.222199946641921997e-01,-2.434214055538177490e-01,-1.504202485084533691e-01,2.533668577671051025e-01,-4.627156853675842285e-01,1.246947050094604492e-01,8.314927816390991211e-01,2.292134910821914673e-01,-1.400772929191589355e-01,9.954819083213806152e-02
-4.330833628773689270e-02,-8.806423284113407135e-03,5.582484006881713867e-01,1.017195060849189758e-01,-1.189130544662475586e-02,4.101109802722930908e-01,-9.062674641609191895e-01,1.207214407622814178e-02,7.987225800752639771e-02,-1.191929131746292114e-01,1.146623641252517700e-01,3.206222355365753174e-01,-1.474194377660751343e-01,-8.329125493764877319e-02,-9.524143487215042114e-02,-7.272928953170776367e-02,2.449093163013458252e-01,4.367650151252746582e-01,1.692437082529067993e-01,-1.292820423841476440e-01,-2.643159404397010803e-02,1.195282712578773499e-01,2.917962372303009033e-01,3.990078568458557129e-01,-3.260869681835174561e-01,9.221456646919250488e-01,-1.232508122920989990e-01,-2.432929873466491699e-01,-1.507604718208312988e-01,2.531945109367370605e-01,-4.624928534030914307e-01,1.225879639387130737e-01,8.299047946929931641e-01,2.271927744150161743e-01,-1.402490288019180298e-01,1.003584489226341248e-01
-4.334667325019836426e-02,-7.935479283332824707e-03,5.585465431213378906e-01,1.012210622429847717e-01,-1.245373860001564026e-02,4.100931584835052490e-01,-9.063237905502319336e-01,1.236847694963216782e-02,7.987076044082641602e-02,-1.188448145985603333e-01,1.138533130288124084e-01,3.187640011310577393e-01,-1.479431986808776855e-01,-8.267828077077865601e-02,-9.585165232419967651e-02,-7.407961040735244751e-02,2.430298775434494019e-01,4.355209767818450928e-01,1.679037511348724365e-01,-1.292495280504226685e-01,-2.611115574836730957e-02,1.184613406658172607e-01,2.951217591762542725e-01,3.990669250488281250e-01,-3.223566114902496338e-01,9.206819534301757812e-01,-1.244300231337547302e-01,-2.425417006015777588e-01,-1.503031700849533081e-01,2.553941011428833008e-01,-4.624797403812408447e-01,1.211648136377334595e-01,8.300626277923583984e-01,2.220226824283599854e-01,-1.393612474203109741e-01,1.004991307854652405e-01
-4.322468489408493042e-02,-7.224565371870994568e-03,5.589070916175842285e-01,1.007727533578872681e-01,-1.280044391751289368e-02,4.087347388267517090e-01,-9.069823026657104492e-01,1.316155120730400085e-02,7.923524081707000732e-02,-1.198936253786087036e-01,1.114141643047332764e-01,3.191439211368560791e-01,-1.508139818906784058e-01,-8.074499666690826416e-02,-9.687336534261703491e-02,-7.506544142961502075e-02,2.409569025039672852e-01,4.359275102615356445e-01,1.634178012609481812e-01,-1.278980970382690430e-01,-2.531550079584121704e-02,1.174532473087310791e-01,2.964270114898681641e-01,3.996593654155731201e-01,-3.191421926021575928e-01,9.194271564483642578e-01,-1.262038052082061768e-01,-2.417705804109573364e-01,-1.515905410051345825e-01,2.598227262496948242e-01,-4.622699022293090820e-01,1.213055774569511414e-01,8.321019411087036133e-01,2.178166061639785767e-01,-1.379536986351013184e-01,1.004125028848648071e-01
-4.325069487094879150e-02,-6.799918133765459061e-03,5.591930150985717773e-01,1.008550822734832764e-01,-1.333775185048580170e-02,4.083915054798126221e-01,-9.071200489997863770e-01,1.418491732329130173e-02,8.026001602411270142e-02,-1.199380308389663696e-01,1.078344807028770447e-01,3.195026814937591553e-01,-1.509099602699279785e-01,-8.046597242355346680e-02,-9.635750949382781982e-02,-7.600888609886169434e-02,2.400845587253570557e-01,4.359118640422821045e-01,1.619392782449722290e-01,-1.279909759759902954e-01,-2.542066387832164764e-02,1.160849928855895996e-01,2.991419136524200439e-01,4.009692072868347168e-01,-3.188034296035766602e-01,9.169690608978271484e-01,-1.289401352405548096e-01,-2.413707971572875977e-01,-1.524461954832077026e-01,2.616481781005859375e-01,-4.619436562061309814e-01,1.216094195842742920e-01,8.333065509796142578e-01,2.148550301790237427e-01,-1.373632997274398804e-01,9.931211918592453003e-02
-4.322417080402374268e-02,-6.695194169878959656e-03,5.596075057983398438e-01,1.010716408491134644e-01,-1.356811355799436569e-02,4.058139026165008545e-01,-9.082486033439636230e-01,1.613328047096729279e-02,7.954815775156021118e-02,-1.243741661310195923e-01,1.034891977906227112e-01,3.184030055999755859e-01,-1.523933261632919312e-01,-8.005378395318984985e-02,-9.728853404521942139e-02,-7.726272195577621460e-02,2.426481544971466064e-01,4.376520514488220215e-01,1.559517532587051392e-01,-1.272869110107421875e-01,-2.430621348321437836e-02,1.153097748756408691e-01,2.981691956520080566e-01,4.040092527866363525e-01,-3.200124502182006836e-01,9.145378470420837402e-01,-1.311049461364746094e-01,-2.420190125703811646e-01,-1.512378305196762085e-01,2.659071087837219238e-01,-4.619044065475463867e-01,1.215166896581649780e-01,8.351508378982543945e-01,2.109269946813583374e-01,-1.378793120384216309e-01,9.421713650226593018e-02
-4.332812875509262085e-02,-5.500731524080038071e-03,5.597638487815856934e-01,1.001510620117187500e-01,-1.454068627208471298e-02,4.070285260677337646e-01,-9.077919125556945801e-01,1.612220518290996552e-02,8.006430417299270630e-02,-1.237837150692939758e-01,1.004876941442489624e-01,3.173864483833312988e-01,-1.525215208530426025e-01,-7.904320210218429565e-02,-9.710907191038131714e-02,-7.822027802467346191e-02,2.363592088222503662e-01,4.342858791351318359e-01,1.552928835153579712e-01,-1.271654069423675537e-01,-2.541169710457324982e-02,1.156532391905784607e-01,3.021747171878814697e-01,4.061108231544494629e-01,-3.222099840641021729e-01,9.116643667221069336e-01,-1.336396187543869019e-01,-2.440705895423889160e-01,-1.508714556694030762e-01,2.684333622455596924e-01,-4.611483812332153320e-01,1.224988996982574463e-01,8.328006267547607422e-01,2.090817838907241821e-01,-1.392090767621994019e-01,9.287968277931213379e-02
-4.317073151469230652e-02,-5.626738071441650391e-03,5.600450634956359863e-01,1.000920012593269348e-01,-1.472987048327922821e-02,4.061739146709442139e-01,-9.081780314445495605e-01,1.666818745434284210e-02,7.961242645978927612e-02,-1.238335892558097839e-01,9.889412671327590942e-02,3.187116086483001709e-01,-1.541677415370941162e-01,-7.815282046794891357e-02,-9.765799343585968018e-02,-7.885459810495376587e-02,2.355774343013763428e-01,4.358742237091064453e-01,1.553057134151458740e-01,-1.273325681686401367e-01,-2.640961855649948120e-02,1.133177205920219421e-01,3.035287261009216309e-01,4.082253575325012207e-01,-3.250043988227844238e-01,9.086653590202331543e-01,-1.347283273935317993e-01,-2.449384927749633789e-01,-1.514845639467239380e-01,2.709501683712005615e-01,-4.620467126369476318e-01,1.252516508102416992e-01,8.324778079986572266e-01,2.065310478210449219e-01,-1.384538561105728149e-01,9.319996833801269531e-02
-4.284615442156791687e-02,-4.907635506242513657e-03,5.604213476181030273e-01,9.952067583799362183e-02,-1.451222784817218781e-02,4.057275950908660889e-01,-9.084438085556030273e-01,1.727813668549060822e-02,7.762758433818817139e-02,-1.260714828968048096e-01,9.980751574039459229e-02,3.203485012054443359e-01,-1.580967009067535400e-01,-7.696211338043212891e-02,-9.917991608381271362e-02,-8.004196733236312866e-02,2.350829988718032837e-01,4.379575848579406738e-01,1.523707062005996704e-01,-1.271154433488845825e-01,-2.714341506361961365e-02,1.119316220283508301e-01,3.045041561126708984e-01,4.101664721965789795e-01,-3.269788324832916260e-01,9.097460508346557617e-01,-1.334579586982727051e-01,-2.452656626701354980e-01,-1.499007642269134521e-01,2.740206718444824219e-01,-4.613335728645324707e-01,1.266515105962753296e-01,8.321552276611328125e-01,2.050539851188659668e-01,-1.385079622268676758e-01,9.151799976825714111e-02
-4.285987094044685364e-02,-5.388716701418161392e-03,5.606896281242370605e-01,9.935672581195831299e-02,-1.460318826138973236e-02,4.052611291408538818e-01,-9.086684584617614746e-01,1.707788929343223572e-02,7.656078040599822998e-02,-1.262467503547668457e-01,9.911037236452102661e-02,3.204548954963684082e-01,-1.588385552167892456e-01,-7.622098922729492188e-02,-1.005662232637405396e-01,-8.199477195739746094e-02,2.328968048095703125e-01,4.395983219146728516e-01,1.509790122509002686e-01,-1.262857913970947266e-01,-2.969465032219886780e-02,1.098124757409095764e-01,3.040913939476013184e-01,4.133572280406951904e-01,-3.340587615966796875e-01,9.058350920677185059e-01,-1.337520629167556763e-01,-2.483379393815994263e-01,-1.517211496829986572e-01,2.761605978012084961e-01,-4.615625143051147461e-01,1.303554624319076538e-01,8.320352435111999512e-01,2.077903896570205688e-01,-1.391711384057998657e-01,9.216536581516265869e-02
-4.269450902938842773e-02,-4.514878150075674057e-03,5.610155463218688965e-01,9.852758795022964478e-02,-1.450436003506183624e-02,4.083530604839324951e-01,-9.073751568794250488e-01,1.709264516830444336e-02,7.537779211997985840e-02,-1.263506859540939331e-01,1.006985381245613098e-01,3.235397338867187500e-01,-1.607620269060134888e-01,-7.607830315828323364e-02,-1.014277115464210510e-01,-8.339398354291915894e-02,2.295225858688354492e-01,4.384910762310028076e-01,1.497286409139633179e-01,-1.257602870464324951e-01,-3.209119290113449097e-02,1.091184839606285095e-01,3.074562549591064453e-01,4.143959879875183105e-01,-3.380889892578125000e-01,9.095081686973571777e-01,-1.367431282997131348e-01,-2.491888850927352905e-01,-1.500868797302246094e-01,2.759102880954742432e-01,-4.620187580585479736e-01,1.336896121501922607e-01,8.299288749694824219e-01,2.092266976833343506e-01,-1.407815963029861450e-01,9.030451625585556030e-02
-4.251448437571525574e-02,-2.951548667624592781e-03,5.611761808395385742e-01,9.744957089424133301e-02,-1.482807099819183350e-02,4.137467741966247559e-01,-9.050399661064147949e-01,1.727960817515850067e-02,7.525773346424102783e-02,-1.253037005662918091e-01,1.038401722908020020e-01,3.225582242012023926e-01,-1.598631143569946289e-01,-7.734089344739913940e-02,-9.946269541978836060e-02,-7.950074225664138794e-02,2.255930006504058838e-01,4.335993528366088867e-01,1.519009321928024292e-01,-1.276398003101348877e-01,-3.526492044329643250e-02,1.089893430471420288e-01,3.139850795269012451e-01,4.139343202114105225e-01,-3.415036797523498535e-01,9.166039824485778809e-01,-1.353294253349304199e-01,-2.487992048263549805e-01,-1.478237211704254150e-01,2.723222076892852783e-01,-4.624787271022796631e-01,1.368301659822463989e-01,8.267264366149902344e-01,2.077486813068389893e-01,-1.410891711711883545e-01,8.939936757087707520e-02
-4.207991808652877808e-02,-9.981476468965411186e-04,5.615037679672241211e-01,9.641300886869430542e-02,-1.499462965875864029e-02,4.172770380973815918e-01,-9.035261869430541992e-01,1.727784797549247742e-02,7.473538815975189209e-02,-1.246434226632118225e-01,1.077663600444793701e-01,3.238850533962249756e-01,-1.619348973035812378e-01,-7.859533280134201050e-02,-9.863573312759399414e-02,-7.750868052244186401e-02,2.260788977146148682e-01,4.315946996212005615e-01,1.504715979099273682e-01,-1.276347041130065918e-01,-3.642096370458602905e-02,1.094144210219383240e-01,3.181940019130706787e-01,4.135492444038391113e-01,-3.416768312454223633e-01,9.243213534355163574e-01,-1.314927339553833008e-01,-2.492960840463638306e-01,-1.441226452589035034e-01,2.717988491058349609e-01,-4.616838097572326660e-01,1.392877846956253052e-01,8.248910903930664062e-01,2.092637866735458374e-01,-1.418000310659408569e-01,8.564188331365585327e-02
-4.176383838057518005e-02,-3.637874033302068710e-04,5.618875622749328613e-01,9.578882157802581787e-02,-1.460957899689674377e-02,4.179130196571350098e-01,-9.033049345016479492e-01,1.688265055418014526e-02,7.275517284870147705e-02,-1.256598383188247681e-01,1.116520166397094727e-01,3.264990746974945068e-01,-1.663346886634826660e-01,-7.914686948060989380e-02,-9.951206296682357788e-02,-7.598891854286193848e-02,2.285573929548263550e-01,4.327513575553894043e-01,1.459899842739105225e-01,-1.268115192651748657e-01,-3.724261745810508728e-02,1.095888018608093262e-01,3.176128566265106201e-01,4.140172302722930908e-01,-3.429320454597473145e-01,9.270805120468139648e-01,-1.299292296171188354e-01,-2.508045434951782227e-01,-1.413000524044036865e-01,2.744382321834564209e-01,-4.621376395225524902e-01,1.423577964305877686e-01,8.216139674186706543e-01,2.075424939393997192e-01,-1.428011506795883179e-01,8.220973610877990723e-02
-4.172977432608604431e-02,7.893936708569526672e-04,5.621214509010314941e-01,9.514193981885910034e-02,-1.456289738416671753e-02,4.189841449260711670e-01,-9.028777480125427246e-01,1.563008129596710205e-02,7.142425328493118286e-02,-1.276418864727020264e-01,1.160175204277038574e-01,3.266770839691162109e-01,-1.662050634622573853e-01,-7.997363060712814331e-02,-9.884821623563766479e-02,-7.387349754571914673e-02,2.301983535289764404e-01,4.319929182529449463e-01,1.453878879547119141e-01,-1.274078190326690674e-01,-3.883193060755729675e-02,1.115116626024246216e-01,3.195182979106903076e-01,4.160272777080535889e-01,-3.446910977363586426e-01,9.270561933517456055e-01,-1.305851638317108154e-01,-2.507883906364440918e-01,-1.402963548898696899e-01,2.763860225677490234e-01,-4.623951017856597900e-01,1.433033496141433716e-01,8.164786100387573242e-01,2.059001028537750244e-01,-1.431041061878204346e-01,7.822313904762268066e-02
-4.150286689400672913e-02,3.299277508631348610e-03,5.623764991760253906e-01,9.350187331438064575e-02,-1.470185443758964539e-02,4.239735603332519531e-01,-9.007151126861572266e-01,1.440736372023820877e-02,7.018736749887466431e-02,-1.277877986431121826e-01,1.227602288126945496e-01,3.272562325000762939e-01,-1.640711426734924316e-01,-8.161658793687820435e-02,-9.786927700042724609e-02,-7.124741375446319580e-02,2.300087362527847290e-01,4.263066053390502930e-01,1.453654766082763672e-01,-1.277998536825180054e-01,-4.090994969010353088e-02,1.146891713142395020e-01,3.253139853477478027e-01,4.162908792495727539e-01,-3.460705280303955078e-01,9.327199459075927734e-01,-1.304869204759597778e-01,-2.482503354549407959e-01,-1.374816000461578369e-01,2.751021385192871094e-01,-4.615477323532104492e-01,1.436468511819839478e-01,8.121349215507507324e-01,2.039005309343338013e-01,-1.426398754119873047e-01,7.303246110677719116e-02
-4.165185615420341492e-02,5.476552061736583710e-03,5.625742673873901367e-01,9.195163846015930176e-02,-1.513135340064764023e-02,4.276711642742156982e-01,-8.991180658340454102e-01,1.309465151280164719e-02,6.933932006359100342e-02,-1.265378892421722412e-01,1.276371628046035767e-01,3.243689835071563721e-01,-1.589629352092742920e-01,-8.374758064746856689e-02,-9.708699584007263184e-02,-6.836375594139099121e-02,2.306373864412307739e-01,4.218605756759643555e-01,1.468998491764068604e-01,-1.288530975580215454e-01,-4.338004067540168762e-02,1.174835562705993652e-01,3.292505145072937012e-01,4.165488183498382568e-01,-3.470138311386108398e-01,9.356811046600341797e-01,-1.320198327302932739e-01,-2.490796595811843872e-01,-1.366436630487442017e-01,2.759124934673309326e-01,-4.593625664710998535e-01,1.403001546859741211e-01,8.040124177932739258e-01,2.073937058448791504e-01,-1.449807882308959961e-01,6.891586631536483765e-02
-4.177238419651985168e-02,7.870992645621299744e-03,5.628012418746948242e-01,9.004302322864532471e-02,-1.568255573511123657e-02,4.343249499797821045e-01,-8.961071968078613281e-01,1.225760579109191895e-02,6.824079155921936035e-02,-1.261255294084548950e-01,1.323663294315338135e-01,3.222326338291168213e-01,-1.531639397144317627e-01,-8.787970989942550659e-02,-9.560102969408035278e-02,-6.442968547344207764e-02,2.325633168220520020e-01,4.139090478420257568e-01,1.509284824132919312e-01,-1.304721385240554810e-01,-4.563479125499725342e-02,1.216052398085594177e-01,3.356963396072387695e-01,4.148380756378173828e-01,-3.477791547775268555e-01,9.421316385269165039e-01,-1.340289711952209473e-01,-2.476266473531723022e-01,-1.341061592102050781e-01,2.734819352626800537e-01,-4.585113525390625000e-01,1.374609172344207764e-01,7.944459915161132812e-01,2.110147029161453247e-01,-1.471463292837142944e-01,6.427063047885894775e-02
-4.187050089240074158e-02,9.552527219057083130e-03,5.631951689720153809e-01,8.834634721279144287e-02,-1.561134308576583862e-02,4.383404850959777832e-01,-8.943203091621398926e-01,1.072286535054445267e-02,6.556712090969085693e-02,-1.253252327442169189e-01,1.386638581752777100e-01,3.224849998950958252e-01,-1.524036228656768799e-01,-9.063544869422912598e-02,-9.678994864225387573e-02,-6.441836804151535034e-02,2.359647452831268311e-01,4.121674299240112305e-01,1.500347256660461426e-01,-1.304349601268768311e-01,-4.657110199332237244e-02,1.251764744520187378e-01,3.359202742576599121e-01,4.131733179092407227e-01,-3.445024788379669189e-01,9.487322568893432617e-01,-1.381897032260894775e-01,-2.458187490701675415e-01,-1.324311643838882446e-01,2.733170986175537109e-01,-4.588493108749389648e-01,1.355995088815689087e-01,7.882851958274841309e-01,2.107418924570083618e-01,-1.480184197425842285e-01,6.056375801563262939e-02
-4.178513959050178528e-02,1.276140660047531128e-02,5.636745095252990723e-01,8.609327673912048340e-02,-1.583076454699039459e-02,4.446565508842468262e-01,-8.914134502410888672e-01,1.012061815708875656e-02,6.258549541234970093e-02,-1.298565417528152466e-01,1.444568186998367310e-01,3.250893950462341309e-01,-1.532955914735794067e-01,-9.517635405063629150e-02,-9.643743187189102173e-02,-6.333895772695541382e-02,2.418731451034545898e-01,4.064605832099914551e-01,1.486383974552154541e-01,-1.318117678165435791e-01,-4.501372203230857849e-02,1.301257312297821045e-01,3.377847075462341309e-01,4.099120795726776123e-01,-3.379847705364227295e-01,9.623270630836486816e-01,-1.463467031717300415e-01,-2.400244921445846558e-01,-1.325078159570693970e-01,2.722438871860504150e-01,-4.578057229518890381e-01,1.309180408716201782e-01,7.812017202377319336e-01,2.134907841682434082e-01,-1.485675126314163208e-01,5.807051435112953186e-02
-4.196923226118087769e-02,1.508778892457485199e-02,5.640217065811157227e-01,8.416652679443359375e-02,-1.584119722247123718e-02,4.488857686519622803e-01,-8.894754648208618164e-01,8.464284241199493408e-03,5.987577885389328003e-02,-1.306729167699813843e-01,1.516322642564773560e-01,3.247518241405487061e-01,-1.529118865728378296e-01,-9.896334260702133179e-02,-9.655008465051651001e-02,-6.246649473905563354e-02,2.475255131721496582e-01,4.037446677684783936e-01,1.478532403707504272e-01,-1.319436430931091309e-01,-4.432630166411399841e-02,1.345614343881607056e-01,3.346277177333831787e-01,4.112818837165832520e-01,-3.326708674430847168e-01,9.674404859542846680e-01,-1.526927947998046875e-01,-2.383482456207275391e-01,-1.334506273269653320e-01,2.727405726909637451e-01,-4.600741565227508545e-01,1.290341019630432129e-01,7.738757133483886719e-01,2.131875902414321899e-01,-1.487968713045120239e-01,5.551883950829505920e-02
-4.215076938271522522e-02,1.809783838689327240e-02,5.642852187156677246e-01,8.221931010484695435e-02,-1.620348915457725525e-02,4.581505954265594482e-01,-8.849155306816101074e-01,6.781156174838542938e-03,5.913224816322326660e-02,-1.293611377477645874e-01,1.604606211185455322e-01,3.256101906299591064e-01,-1.466670930385589600e-01,-1.049892008304595947e-01,-9.368114918470382690e-02,-5.911592394113540649e-02,2.519125044345855713e-01,3.971454799175262451e-01,1.530419588088989258e-01,-1.352267265319824219e-01,-4.518784210085868835e-02,1.403776109218597412e-01,3.371364772319793701e-01,4.103536903858184814e-01,-3.272487521171569824e-01,9.790620803833007812e-01,-1.567944884300231934e-01,-2.325945496559143066e-01,-1.292677372694015503e-01,2.645226418972015381e-01,-4.604726731777191162e-01,1.238251924514770508e-01,7.680802345275878906e-01,2.135845869779586792e-01,-1.485049724578857422e-01,4.670682549476623535e-02
-4.283605143427848816e-02,1.823461428284645081e-02,5.645853877067565918e-01,8.121830970048904419e-02,-1.587425544857978821e-02,4.644012451171875000e-01,-8.817499876022338867e-01,2.974995877593755722e-03,5.700549483299255371e-02,-1.265640407800674438e-01,1.718073785305023193e-01,3.212942779064178467e-01,-1.401146501302719116e-01,-1.115868240594863892e-01,-9.388189762830734253e-02,-5.746455490589141846e-02,2.593556642532348633e-01,3.923258483409881592e-01,1.535375416278839111e-01,-1.362172216176986694e-01,-4.536429047584533691e-02,1.451688110828399658e-01,3.326227068901062012e-01,4.106758534908294678e-01,-3.197229504585266113e-01,9.888364672660827637e-01,-1.649736166000366211e-01,-2.286405861377716064e-01,-1.221166253089904785e-01,2.557046115398406982e-01,-4.613857269287109375e-01,1.165556907653808594e-01,7.635188698768615723e-01,2.195969372987747192e-01,-1.498102396726608276e-01,3.614645451307296753e-02
-4.335273057222366333e-02,2.000859938561916351e-02,5.648566484451293945e-01,7.961735129356384277e-02,-1.583500206470489502e-02,4.719515740871429443e-01,-8.778793215751647949e-01,4.597950901370495558e-04,5.677231028676033020e-02,-1.187367215752601624e-01,1.812017261981964111e-01,3.202138543128967285e-01,-1.385906487703323364e-01,-1.158971413969993591e-01,-9.390034526586532593e-02,-5.723844096064567566e-02,2.615633904933929443e-01,3.847575187683105469e-01,1.527600288391113281e-01,-1.377103328704833984e-01,-4.470232874155044556e-02,1.520728170871734619e-01,3.310579061508178711e-01,4.109143316745758057e-01,-3.137227594852447510e-01,1.004801750183105469e+00,-1.734699755907058716e-01,-2.239974588155746460e-01,-1.149382293224334717e-01,2.479765862226486206e-01,-4.622375667095184326e-01,1.122928261756896973e-01,7.561655640602111816e-01,2.277361452579498291e-01,-1.510529667139053345e-01,2.971306629478931427e-02
-4.356364533305168152e-02,2.337611652910709381e-02,5.651892423629760742e-01,7.749122381210327148e-02,-1.521015353500843048e-02,4.817608594894409180e-01,-8.727372288703918457e-01,-1.305844867601990700e-03,5.462552607059478760e-02,-1.159578934311866760e-01,1.955312639474868774e-01,3.204990923404693604e-01,-1.373519003391265869e-01,-1.209509968757629395e-01,-9.250354021787643433e-02,-5.089109390974044800e-02,2.680210471153259277e-01,3.746513426303863525e-01,1.506448090076446533e-01,-1.406947523355484009e-01,-4.441583529114723206e-02,1.592488437891006470e-01,3.343743681907653809e-01,4.094935655593872070e-01,-3.095122575759887695e-01,1.028087854385375977e+00,-1.755430698394775391e-01,-2.161657214164733887e-01,-1.104728877544403076e-01,2.379249930381774902e-01,-4.618344902992248535e-01,1.055335253477096558e-01,7.507568597793579102e-01,2.371648699045181274e-01,-1.523209214210510254e-01,2.187568135559558868e-02
-4.424775764346122742e-02,2.521834149956703186e-02,5.654979944229125977e-01,7.585261762142181396e-02,-1.488253287971019745e-02,4.877865612506866455e-01,-8.695338964462280273e-01,-5.456014070659875870e-03,5.265178158879280090e-02,-1.113140583038330078e-01,2.103709280490875244e-01,3.142936229705810547e-01,-1.347272694110870361e-01,-1.273014396429061890e-01,-9.305181354284286499e-02,-4.596106335520744324e-02,2.796006202697753906e-01,3.631855845451354980e-01,1.472771167755126953e-01,-1.435935497283935547e-01,-4.403755068778991699e-02,1.676604598760604858e-01,3.334610164165496826e-01,4.078340828418731689e-01,-3.003671467304229736e-01,1.045076370239257812e+00,-1.815801411867141724e-01,-2.112910300493240356e-01,-1.030158624053001404e-01,2.326321750879287720e-01,-4.625818729400634766e-01,9.626556932926177979e-02,7.404158115386962891e-01,2.447040826082229614e-01,-1.558870971202850342e-01,1.075705327093601227e-02
-4.489449411630630493e-02,2.745025791227817535e-02,5.658687353134155273e-01,7.410766929388046265e-02,-1.384854502975940704e-02,4.984154999256134033e-01,-8.636540174484252930e-01,-9.098494425415992737e-03,4.932384192943572998e-02,-1.096799671649932861e-01,2.286930829286575317e-01,3.138327896595001221e-01,-1.295305341482162476e-01,-1.340273618698120117e-01,-9.230110794305801392e-02,-3.679701685905456543e-02,2.896710932254791260e-01,3.513281345367431641e-01,1.462957113981246948e-01,-1.473802775144577026e-01,-4.666486755013465881e-02,1.757391244173049927e-01,3.366625607013702393e-01,4.047070145606994629e-01,-2.923603057861328125e-01,1.064123988151550293e+00,-1.853038072586059570e-01,-2.049225419759750366e-01,-9.394525736570358276e-02,2.246421724557876587e-01,-4.631737470626831055e-01,8.772045373916625977e-02,7.217594981193542480e-01,2.501676678657531738e-01,-1.606195271015167236e-01,-4.099130630493164062e-03
-4.565584659576416016e-02,3.177529945969581604e-02,5.662704110145568848e-01,7.123271375894546509e-02,-1.259427145123481750e-02,5.060904622077941895e-01,-8.594415187835693359e-01,-1.426354888826608658e-02,4.434437304735183716e-02,-1.066103950142860413e-01,2.532123029232025146e-01,3.094760477542877197e-01,-1.305605769157409668e-01,-1.361428648233413696e-01,-9.434917569160461426e-02,-2.956655435264110565e-02,2.977450191974639893e-01,3.368247747421264648e-01,1.394885331392288208e-01,-1.499133855104446411e-01,-4.926034435629844666e-02,1.807168275117874146e-01,3.350124955177307129e-01,4.063710272312164307e-01,-2.799526453018188477e-01,1.085138320922851562e+00,-1.850965321063995361e-01,-1.984465271234512329e-01,-7.848270982503890991e-02,2.257773280143737793e-01,-4.626551568508148193e-01,7.796783000230789185e-02,7.056656479835510254e-01,2.589151561260223389e-01,-1.664507985115051270e-01,-2.425540611147880554e-02
-4.666384682059288025e-02,3.352481871843338013e-02,5.665673017501831055e-01,7.056809216737747192e-02,-1.245980989187955856e-02,5.090966820716857910e-01,-8.577210903167724609e-01,-1.661669276654720306e-02,4.439403861761093140e-02,-1.058470606803894043e-01,2.638900578022003174e-01,3.001044690608978271e-01,-1.292915642261505127e-01,-1.402060240507125854e-01,-9.474566578865051270e-02,-2.582847885787487030e-02,3.092800974845886230e-01,3.296484947204589844e-01,1.337861269712448120e-01,-1.540324091911315918e-01,-5.141376703977584839e-02,1.820372492074966431e-01,3.174779117107391357e-01,4.183405041694641113e-01,-2.752265036106109619e-01,1.095815062522888184e+00,-1.826706826686859131e-01,-1.974704116582870483e-01,-6.238467991352081299e-02,2.286835163831710815e-01,-4.666312336921691895e-01,7.473731786012649536e-02,6.889735460281372070e-01,2.607420980930328369e-01,-1.723840236663818359e-01,-4.629984125494956970e-02
-4.821629449725151062e-02,4.101441055536270142e-02,5.671592950820922852e-01,6.828469783067703247e-02,-1.096529699862003326e-02,5.121124386787414551e-01,-8.561295270919799805e-01,-2.115827798843383789e-02,4.093820229172706604e-02,-1.073064729571342468e-01,2.963338494300842285e-01,2.876598238945007324e-01,-1.288369745016098022e-01,-1.401546895503997803e-01,-9.689578413963317871e-02,-2.051794342696666718e-02,3.280475437641143799e-01,3.117727637290954590e-01,1.203957274556159973e-01,-1.568612605333328247e-01,-5.711251497268676758e-02,1.851572245359420776e-01,2.941451370716094971e-01,4.296835362911224365e-01,-2.790908813476562500e-01,1.093596696853637695e+00,-1.776629984378814697e-01,-1.953992843627929688e-01,-4.702871292829513550e-02,2.352610528469085693e-01,-4.795796573162078857e-01,7.250299304723739624e-02,6.615785360336303711e-01,2.605495750904083252e-01,-1.814016550779342651e-01,-7.158119976520538330e-02
-5.080356076359748840e-02,4.707961529493331909e-02,5.674906969070434570e-01,6.526841968297958374e-02,-8.527041412889957428e-03,5.164110660552978516e-01,-8.538073301315307617e-01,-3.598275408148765564e-02,3.271121159195899963e-02,-1.100789830088615417e-01,3.482505381107330322e-01,2.747154831886291504e-01,-1.263952702283859253e-01,-1.417015641927719116e-01,-1.003751009702682495e-01,-5.758201703429222107e-03,3.439894020557403564e-01,2.874886691570281982e-01,1.055415570735931396e-01,-1.558401733636856079e-01,-6.860659271478652954e-02,1.862865984439849854e-01,2.560375630855560303e-01,4.258901774883270264e-01,-2.999184131622314453e-01,1.075135946273803711e+00,-1.709399372339248657e-01,-1.934863477945327759e-01,-3.096939250826835632e-02,2.054544240236282349e-01,-5.041567087173461914e-01,6.721977889537811279e-02,6.034121513366699219e-01,2.569657564163208008e-01,-1.914911419153213501e-01,-1.055485233664512634e-01
-5.385605990886688232e-02,5.420673266053199768e-02,5.680118203163146973e-01,6.330405175685882568e-02,-5.628140177577733994e-03,5.263580679893493652e-01,-8.478844761848449707e-01,-4.569233581423759460e-02,2.772385999560356140e-02,-1.091467514634132385e-01,4.005948305130004883e-01,2.615412175655364990e-01,-1.149241104722023010e-01,-1.423729956150054932e-01,-1.033702865242958069e-01,2.429072046652436256e-03,3.589788079261779785e-01,2.657158672809600830e-01,9.947974234819412231e-02,-1.590790897607803345e-01,-7.971415668725967407e-02,1.825997978448867798e-01,2.140993624925613403e-01,4.203692376613616943e-01,-3.408755660057067871e-01,1.031112670898437500e+00,-1.731163412332534790e-01,-1.963192522525787354e-01,-1.365826930850744247e-02,1.448878198862075806e-01,-5.261577367782592773e-01,8.151981979608535767e-02,4.857928752899169922e-01,2.543043196201324463e-01,-2.096337676048278809e-01,-1.348605304956436157e-01
-5.748310312628746033e-02,6.551265716552734375e-02,5.688710808753967285e-01,5.940639227628707886e-02,-1.103775110095739365e-03,5.259526371955871582e-01,-8.484358787536621094e-01,-5.995952710509300232e-02,1.312476396560668945e-02,-1.220814958214759827e-01,4.720226526260375977e-01,2.496856302022933960e-01,-1.131989508867263794e-01,-1.301416754722595215e-01,-1.119162812829017639e-01,1.647160016000270844e-02,3.699072003364562988e-01,2.394146919250488281e-01,7.143936306238174438e-02,-1.605978459119796753e-01,-8.982168883085250854e-02,1.807052195072174072e-01,1.608099937438964844e-01,4.197744131088256836e-01,-3.900889158248901367e-01,9.609026312828063965e-01,-1.769598126411437988e-01,-2.028290033340454102e-01,-1.046111807227134705e-02,9.602584689855575562e-02,-5.347372889518737793e-01,1.036053821444511414e-01,3.403088152408599854e-01,2.374268621206283569e-01,-2.186766117811203003e-01,-1.490708440542221069e-01
-6.591618806123733521e-02,7.812859863042831421e-02,5.695672631263732910e-01,5.698453634977340698e-02,4.603927023708820343e-03,5.210225582122802734e-01,-8.516261577606201172e-01,-6.994651257991790771e-02,2.336082281544804573e-03,-1.347407698631286621e-01,5.466477274894714355e-01,2.174272388219833374e-01,-9.566298127174377441e-02,-1.196382716298103333e-01,-1.232223361730575562e-01,2.090841904282569885e-02,3.908457159996032715e-01,2.141287922859191895e-01,3.937702625989913940e-02,-1.574706882238388062e-01,-9.932015091180801392e-02,1.742805391550064087e-01,8.412037044763565063e-02,4.296053946018218994e-01,-4.571817219257354736e-01,8.483683466911315918e-01,-1.943056285381317139e-01,-2.080171257257461548e-01,-7.468902040272951126e-03,4.229194298386573792e-02,-5.363104343414306641e-01,1.294934898614883423e-01,1.694842427968978882e-01,2.406107634305953979e-01,-2.236551493406295776e-01,-1.556023359298706055e-01
-7.301990687847137451e-02,8.630671352148056030e-02,5.699404478073120117e-01,5.474957823753356934e-02,8.610288612544536591e-03,5.210264921188354492e-01,-8.517392277717590332e-01,-7.693541049957275391e-02,-2.302254782989621162e-03,-1.361609250307083130e-01,6.021857261657714844e-01,1.873580664396286011e-01,-6.610301882028579712e-02,-1.126190349459648132e-01,-1.314157694578170776e-01,3.390441462397575378e-02,3.914725184440612793e-01,2.222990244626998901e-01,4.446591436862945557e-02,-1.584931313991546631e-01,-1.111065372824668884e-01,1.623575091361999512e-01,-1.954324170947074890e-02,4.504836499691009521e-01,-5.424296855926513672e-01,6.969316601753234863e-01,-2.297897040843963623e-01,-2.300281077623367310e-01,5.304816178977489471e-03,-1.786202564835548401e-02,-5.564258098602294922e-01,1.595570892095565796e-01,-3.115711361169815063e-02,2.559680640697479248e-01,-2.394700795412063599e-01,-1.475634425878524780e-01
-8.184395730495452881e-02,9.282650798559188843e-02,5.705560445785522461e-01,5.044717714190483093e-02,1.160941086709499359e-02,5.254541635513305664e-01,-8.492456674575805664e-01,-9.111402183771133423e-02,-8.611937053501605988e-03,-1.276261806488037109e-01,6.664771437644958496e-01,1.506951153278350830e-01,-3.524794429540634155e-02,-1.116698980331420898e-01,-1.451464593410491943e-01,4.249205812811851501e-02,3.902758359909057617e-01,2.271972149610519409e-01,4.780513793230056763e-02,-1.612091660499572754e-01,-1.164306849241256714e-01,1.538217365741729736e-01,-1.451526731252670288e-01,4.772916734218597412e-01,-6.325581669807434082e-01,5.515418052673339844e-01,-2.714160680770874023e-01,-2.335389256477355957e-01,5.691839032806456089e-04,-1.062015220522880554e-01,-5.928397178649902344e-01,2.045716941356658936e-01,-2.080959379673004150e-01,2.587468326091766357e-01,-2.410307079553604126e-01,-1.234989836812019348e-01
-8.672696352005004883e-02,9.491024911403656006e-02,5.710144042968750000e-01,4.529398679733276367e-02,1.190023403614759445e-02,5.455809235572814941e-01,-8.367486596107482910e-01,-1.010514199733734131e-01,-5.291372071951627731e-03,-9.738298505544662476e-02,7.044792175292968750e-01,1.401767283678054810e-01,2.775361994281411171e-03,-1.137085929512977600e-01,-1.617526262998580933e-01,4.238533228635787964e-02,3.691686391830444336e-01,2.543185055255889893e-01,7.505574822425842285e-02,-1.650323420763015747e-01,-1.282873749732971191e-01,1.264292597770690918e-01,-2.920454740524291992e-01,5.207865834236145020e-01,-7.297158837318420410e-01,3.901101350784301758e-01,-3.043574094772338867e-01,-2.493699789047241211e-01,-2.203514426946640015e-02,-1.969774812459945679e-01,-6.497230529785156250e-01,2.460706830024719238e-01,-3.511985242366790771e-01,2.374734878540039062e-01,-2.377627342939376831e-01,-9.390710294246673584e-02
-8.750922977924346924e-02,9.412629902362823486e-02,5.720248818397521973e-01,4.340018704533576965e-02,1.106141973286867142e-02,5.591952800750732422e-01,-8.278253078460693359e-01,-1.079778671264648438e-01,-2.390820154687389731e-04,-8.055895566940307617e-02,7.237340807914733887e-01,1.483135223388671875e-01,1.999499648809432983e-02,-1.193613857030868530e-01,-1.760373264551162720e-01,3.715393319725990295e-02,3.629212081432342529e-01,3.045736849308013916e-01,9.851698577404022217e-02,-1.633926630020141602e-01,-1.274297386407852173e-01,1.027308255434036255e-01,-4.650927186012268066e-01,5.532254576683044434e-01,-8.180397152900695801e-01,2.826643884181976318e-01,-3.412119150161743164e-01,-2.497728615999221802e-01,-2.202598936855792999e-02,-3.028371930122375488e-01,-6.868282556533813477e-01,2.986625134944915771e-01,-4.485297799110412598e-01,2.408728748559951782e-01,-2.309927195310592651e-01,-9.499998390674591064e-02
-8.854324370622634888e-02,9.246903657913208008e-02,5.734127163887023926e-01,4.428411275148391724e-02,8.323759771883487701e-03,5.664848089218139648e-01,-8.228393197059631348e-01,-1.037834957242012024e-01,1.787158101797103882e-02,-5.671443790197372437e-02,7.045282125473022461e-01,1.316343545913696289e-01,3.063742816448211670e-02,-1.312528550624847412e-01,-1.827947646379470825e-01,1.881327293813228607e-02,3.729785978794097900e-01,3.192610740661621094e-01,9.207735955715179443e-02,-1.582266986370086670e-01,-1.144407317042350769e-01,9.235125780105590820e-02,-6.510993838310241699e-01,5.910065770149230957e-01,-8.942417502403259277e-01,1.833442449569702148e-01,-3.818908333778381348e-01,-2.532421946525573730e-01,-8.002164773643016815e-03,-4.342379570007324219e-01,-7.318344712257385254e-01,3.268240988254547119e-01,-5.049831867218017578e-01,2.046708166599273682e-01,-2.281463593244552612e-01,-1.428320705890655518e-01
-9.022783488035202026e-02,9.125699102878570557e-02,5.747414231300354004e-01,5.122466757893562317e-02,6.421775557100772858e-03,5.675926208496093750e-01,-8.216893672943115234e-01,-9.504773467779159546e-02,3.361010923981666565e-02,-3.730072453618049622e-02,6.726881265640258789e-01,1.201756522059440613e-01,4.153707996010780334e-02,-1.267657279968261719e-01,-1.839013099670410156e-01,2.454462694004178047e-03,3.661046624183654785e-01,3.376886844635009766e-01,9.871382266283035278e-02,-1.620219349861145020e-01,-1.081724017858505249e-01,7.592585682868957520e-02,-8.774397373199462891e-01,6.099504232406616211e-01,-9.884775876998901367e-01,1.196814700961112976e-01,-3.777285814285278320e-01,-2.612689435482025146e-01,9.491305798292160034e-03,-5.715168118476867676e-01,-7.718100547790527344e-01,3.954373598098754883e-01,-5.274628996849060059e-01,1.899205744266510010e-01,-2.360428720712661743e-01,-1.931278109550476074e-01
-9.242648631334304810e-02,8.974871784448623657e-02,5.771158337593078613e-01,5.670955777168273926e-02,3.663142677396535873e-03,5.981742143630981445e-01,-7.993485927581787109e-01,-8.366789668798446655e-02,3.208383917808532715e-02,-2.324846386909484863e-02,6.227573156356811523e-01,1.155237108469009399e-01,3.816873207688331604e-02,-1.350257098674774170e-01,-1.808855980634689331e-01,-1.239782944321632385e-02,3.560772538185119629e-01,3.403961658477783203e-01,1.073535904288291931e-01,-1.750598847866058350e-01,-9.794720262289047241e-02,5.958455801010131836e-02,-1.047309398651123047e+00,6.214665770530700684e-01,-1.048529505729675293e+00,8.720619231462478638e-02,-3.283659219741821289e-01,-2.686456143856048584e-01,2.465694025158882141e-02,-6.749802827835083008e-01,-8.130276799201965332e-01,4.431799054145812988e-01,-5.342323780059814453e-01,1.717951893806457520e-01,-2.376582324504852295e-01,-2.081533372402191162e-01
-9.526327997446060181e-02,8.740358054637908936e-02,5.802471637725830078e-01,6.050165742635726929e-02,-9.439000859856605530e-03,6.393061876296997070e-01,-7.665103077888488770e-01,-6.698802858591079712e-02,4.470947757363319397e-02,6.870065408293157816e-05,5.223889946937561035e-01,1.073653027415275574e-01,3.583938255906105042e-02,-1.525758802890777588e-01,-1.692140698432922363e-01,-3.603823855519294739e-02,3.544817566871643066e-01,3.528073132038116455e-01,1.092158406972885132e-01,-2.037190645933151245e-01,-7.881851494312286377e-02,5.309725180268287659e-02,-1.212075829505920410e+00,6.272042393684387207e-01,-1.108125805854797363e+00,6.422838568687438965e-02,-2.764969468116760254e-01,-2.746615111827850342e-01,3.713897988200187683e-02,-7.483197450637817383e-01,-8.322003483772277832e-01,4.674119651317596436e-01,-5.089316964149475098e-01,1.270980238914489746e-01,-2.340201288461685181e-01,-2.392489463090896606e-01
-9.754922986030578613e-02,8.496158570051193237e-02,5.843265652656555176e-01,6.841447204351425171e-02,-1.996954903006553650e-02,6.701917648315429688e-01,-7.387582063674926758e-01,-5.874240398406982422e-02,6.846500933170318604e-02,2.223749645054340363e-02,4.330506026744842529e-01,1.139312684535980225e-01,1.432842854410409927e-02,-1.614634543657302856e-01,-1.576632410287857056e-01,-6.707914918661117554e-02,3.639988601207733154e-01,3.433066010475158691e-01,1.039477288722991943e-01,-2.057012617588043213e-01,-6.067027151584625244e-02,5.268494784832000732e-02,-1.343390583992004395e+00,6.081011295318603516e-01,-1.148152828216552734e+00,7.940178364515304565e-02,-2.599151432514190674e-01,-2.738604843616485596e-01,5.271722748875617981e-02,-8.335570096969604492e-01,-8.493024706840515137e-01,4.981220662593841553e-01,-5.022279620170593262e-01,1.141439452767372131e-01,-2.409768849611282349e-01,-2.535212337970733643e-01
-9.874856472015380859e-02,8.329620957374572754e-02,5.886635780334472656e-01,8.115889877080917358e-02,-2.796767465770244598e-02,6.790651082992553711e-01,-7.290415763854980469e-01,-4.704096913337707520e-02,9.808481484651565552e-02,3.192983567714691162e-02,3.516584336757659912e-01,1.220237612724304199e-01,-8.028113283216953278e-03,-1.654800623655319214e-01,-1.365713626146316528e-01,-7.984900474548339844e-02,3.913728892803192139e-01,3.296448886394500732e-01,9.336387366056442261e-02,-2.005662769079208374e-01,-3.274828568100929260e-02,5.918080359697341919e-02,-1.442729234695434570e+00,5.905638337135314941e-01,-1.171632766723632812e+00,1.034359037876129150e-01,-2.494319528341293335e-01,-2.794192135334014893e-01,5.537333711981773376e-02,-9.171250462532043457e-01,-8.288857936859130859e-01,5.274831652641296387e-01,-4.889696836471557617e-01,1.015733480453491211e-01,-2.458617538213729858e-01,-2.648068070411682129e-01
-9.947471320629119873e-02,8.095288276672363281e-02,5.929854512214660645e-01,8.616094291210174561e-02,-3.413928672671318054e-02,6.920354366302490234e-01,-7.158894538879394531e-01,-3.570847213268280029e-02,1.231214255094528198e-01,6.230505555868148804e-02,2.862854301929473877e-01,1.239911466836929321e-01,-2.835249900817871094e-02,-1.656499803066253662e-01,-1.268540620803833008e-01,-1.049700230360031128e-01,3.991380333900451660e-01,3.099299967288970947e-01,8.898849040269851685e-02,-2.030567377805709839e-01,-1.147697307169437408e-02,6.588634103536605835e-02,-1.497915506362915039e+00,5.840739011764526367e-01,-1.182860016822814941e+00,1.211526915431022644e-01,-2.444162368774414062e-01,-2.871114015579223633e-01,7.180593162775039673e-02,-9.789633750915527344e-01,-8.059439063072204590e-01,5.622696280479431152e-01,-4.667370915412902832e-01,1.128320321440696716e-01,-2.497697919607162476e-01,-2.859035134315490723e-01
-9.856106340885162354e-02,7.969897985458374023e-02,5.972611308097839355e-01,9.142458438873291016e-02,-3.756494447588920593e-02,7.020979523658752441e-01,-7.051870822906494141e-01,-3.097132779657840729e-02,1.359075307846069336e-01,7.331233471632003784e-02,2.564415633678436279e-01,1.385163813829421997e-01,-4.256378114223480225e-02,-1.735359579324722290e-01,-1.215512081980705261e-01,-1.203867569565773010e-01,4.179918766021728516e-01,3.140764236450195312e-01,1.010031923651695251e-01,-2.108647823333740234e-01,6.814843975007534027e-03,7.868477702140808105e-02,-1.516611814498901367e+00,5.699055790901184082e-01,-1.169924259185791016e+00,1.366528868675231934e-01,-2.449062615633010864e-01,-2.909331917762756348e-01,7.943525165319442749e-02,-1.002651691436767578e+00,-7.852597832679748535e-01,5.641997456550598145e-01,-4.407719373703002930e-01,1.042262166738510132e-01,-2.484225332736968994e-01,-3.019621372222900391e-01
-9.735690802335739136e-02,7.690411061048507690e-02,6.015440821647644043e-01,9.640172868967056274e-02,-4.255237802863121033e-02,7.152042984962463379e-01,-6.909260153770446777e-01,-2.897225506603717804e-02,1.469706594944000244e-01,8.237969875335693359e-02,2.364029586315155029e-01,1.421437710523605347e-01,-4.372384771704673767e-02,-1.837956309318542480e-01,-1.195449158549308777e-01,-1.243609040975570679e-01,4.321932792663574219e-01,3.139585554599761963e-01,1.059135720133781433e-01,-2.169605940580368042e-01,2.650317363440990448e-02,9.476315230131149292e-02,-1.516025781631469727e+00,5.558444857597351074e-01,-1.153444647789001465e+00,1.588462591171264648e-01,-2.368879914283752441e-01,-2.862562239170074463e-01,9.435836970806121826e-02,-1.005273818969726562e+00,-7.563031315803527832e-01,5.547589659690856934e-01,-4.211419224739074707e-01,8.854167163372039795e-02,-2.528637349605560303e-01,-3.253557682037353516e-01
-9.440852701663970947e-02,7.492208480834960938e-02,6.059351563453674316e-01,1.012928858399391174e-01,-4.667317122220993042e-02,7.169874906539916992e-01,-6.881062984466552734e-01,-3.348664939403533936e-02,1.518940031528472900e-01,8.027996122837066650e-02,2.376366257667541504e-01,1.476198136806488037e-01,-4.716471955180168152e-02,-1.950478702783584595e-01,-1.231495589017868042e-01,-1.267296075820922852e-01,4.606812298297882080e-01,3.224292397499084473e-01,1.033722534775733948e-01,-2.212392538785934448e-01,4.060005024075508118e-02,1.176570281386375427e-01,-1.467520713806152344e+00,5.423896312713623047e-01,-1.125158190727233887e+00,1.776410192251205444e-01,-2.426304817199707031e-01,-2.806439697742462158e-01,1.023910045623779297e-01,-9.606332778930664062e-01,-7.367747426033020020e-01,5.300369858741760254e-01,-4.109707176685333252e-01,9.287106245756149292e-02,-2.566602230072021484e-01,-3.401779532432556152e-01
-9.041661024093627930e-02,7.240384072065353394e-02,6.100711226463317871e-01,1.018110960721969604e-01,-5.242520198225975037e-02,7.265759706497192383e-01,-6.774758100509643555e-01,-3.994809836149215698e-02,1.544199883937835693e-01,7.802113890647888184e-02,2.322866469621658325e-01,1.564466506242752075e-01,-5.011818185448646545e-02,-2.048275768756866455e-01,-1.255913525819778442e-01,-1.151425018906593323e-01,4.673714339733123779e-01,3.230405151844024658e-01,9.682925790548324585e-02,-2.286478579044342041e-01,4.999875277280807495e-02,1.398033797740936279e-01,-1.371304869651794434e+00,5.245420932769775391e-01,-1.090744972229003906e+00,1.859765946865081787e-01,-2.364817261695861816e-01,-2.754345536231994629e-01,8.653872460126876831e-02,-8.932871222496032715e-01,-7.238455414772033691e-01,4.946005344390869141e-01,-4.126430749893188477e-01,9.549764543771743774e-02,-2.666755020618438721e-01,-3.219430744647979736e-01
-8.400099724531173706e-02,7.002225518226623535e-02,6.138285994529724121e-01,1.065127328038215637e-01,-5.262147635221481323e-02,7.037227749824523926e-01,-7.004715204238891602e-01,-4.675100371241569519e-02,1.470553576946258545e-01,5.132790654897689819e-02,2.376690953969955444e-01,1.960566490888595581e-01,-8.177230507135391235e-02,-2.198503315448760986e-01,-1.264781057834625244e-01,-1.074520722031593323e-01,4.988360404968261719e-01,3.419120013713836670e-01,1.104754582047462463e-01,-2.244547754526138306e-01,7.352678477764129639e-02,1.656711995601654053e-01,-1.203729391098022461e+00,4.987979829311370850e-01,-1.045873403549194336e+00,2.365119010210037231e-01,-1.957073956727981567e-01,-2.875510454177856445e-01,1.072024852037429810e-01,-7.176678776741027832e-01,-6.886780858039855957e-01,4.431715905666351318e-01,-3.770053684711456299e-01,1.395537704229354858e-01,-2.804624140262603760e-01,-3.146141767501831055e-01
-7.736678421497344971e-02,6.766163557767868042e-02,6.171646714210510254e-01,1.068269088864326477e-01,-5.452942848205566406e-02,7.028793692588806152e-01,-7.011241912841796875e-01,-5.259193480014801025e-02,1.495028138160705566e-01,4.747390747070312500e-02,2.428277432918548584e-01,2.261271923780441284e-01,-9.035378694534301758e-02,-2.441839426755905151e-01,-1.233428865671157837e-01,-9.442240744829177856e-02,5.169463157653808594e-01,3.622695803642272949e-01,1.243831068277359009e-01,-2.236644029617309570e-01,7.839093357324600220e-02,1.971344798803329468e-01,-1.028011679649353027e+00,4.658074378967285156e-01,-9.869209527969360352e-01,3.177406489849090576e-01,-1.973286420106887817e-01,-2.787594795227050781e-01,8.273091912269592285e-02,-5.889695286750793457e-01,-6.258428692817687988e-01,3.964328765869140625e-01,-3.734577298164367676e-01,1.698748171329498291e-01,-2.879388928413391113e-01,-2.885552346706390381e-01
-6.975070387125015259e-02,6.538791209459304810e-02,6.202950477600097656e-01,1.075773909687995911e-01,-5.028739199042320251e-02,6.799753904342651367e-01,-7.235549092292785645e-01,-5.981057137250900269e-02,1.390095055103302002e-01,2.402394451200962067e-02,2.606592476367950439e-01,2.433836460113525391e-01,-1.064100414514541626e-01,-2.689328193664550781e-01,-1.315178126096725464e-01,-9.936886280775070190e-02,5.637699961662292480e-01,3.588351011276245117e-01,1.220289990305900574e-01,-2.158193439245223999e-01,8.160381019115447998e-02,2.262725085020065308e-01,-8.671221733093261719e-01,4.238171875476837158e-01,-9.404262900352478027e-01,4.071076512336730957e-01,-1.986568421125411987e-01,-2.689248621463775635e-01,6.369564682245254517e-02,-4.602504372596740723e-01,-6.073880791664123535e-01,3.456221520900726318e-01,-3.425635993480682373e-01,1.768854558467864990e-01,-2.849148213863372803e-01,-2.615363597869873047e-01
-6.282847374677658081e-02,6.311807036399841309e-02,6.231338977813720703e-01,1.056674495339393616e-01,-4.896644502878189087e-02,6.763905286788940430e-01,-7.272775173187255859e-01,-6.916191428899765015e-02,1.406539678573608398e-01,1.371922064572572708e-02,2.765808999538421631e-01,2.568068206310272217e-01,-1.084123477339744568e-01,-3.024872839450836182e-01,-1.363001018762588501e-01,-1.083576902747154236e-01,6.239601969718933105e-01,3.599314689636230469e-01,1.344851553440093994e-01,-2.155941426753997803e-01,8.541280031204223633e-02,2.576485872268676758e-01,-6.970070004463195801e-01,3.794803917407989502e-01,-8.747937679290771484e-01,5.420559048652648926e-01,-2.011083066463470459e-01,-2.496018856763839722e-01,3.092713840305805206e-02,-3.438672721385955811e-01,-5.758940577507019043e-01,2.981536984443664551e-01,-2.875004112720489502e-01,2.052783071994781494e-01,-2.755486965179443359e-01,-2.173873484134674072e-01
-5.509724840521812439e-02,6.132139638066291809e-02,6.256449222564697266e-01,1.088839918375015259e-01,-4.178858175873756409e-02,6.538354158401489258e-01,-7.475942969322204590e-01,-8.348929882049560547e-02,1.492926627397537231e-01,5.327679682523012161e-03,3.225172758102416992e-01,2.733814120292663574e-01,-1.255491524934768677e-01,-3.451587557792663574e-01,-1.451612263917922974e-01,-1.237694919109344482e-01,7.212287187576293945e-01,3.510028421878814697e-01,1.247502416372299194e-01,-2.275710403919219971e-01,8.091309666633605957e-02,2.856782078742980957e-01,-5.514328479766845703e-01,3.201172947883605957e-01,-7.830913662910461426e-01,7.340832352638244629e-01,-2.296624183654785156e-01,-2.012874335050582886e-01,9.094189852476119995e-03,-2.546208202838897705e-01,-5.392122268676757812e-01,2.791000306606292725e-01,-1.770700067281723022e-01,2.658647298812866211e-01,-2.546548843383789062e-01,-1.978282183408737183e-01
-4.675012081861495972e-02,5.901726335287094116e-02,6.272528767585754395e-01,1.009040921926498413e-01,-3.110889531672000885e-02,6.513295173645019531e-01,-7.514123320579528809e-01,-1.158534288406372070e-01,1.437928527593612671e-01,8.400039747357368469e-03,3.974577188491821289e-01,2.770733535289764404e-01,-1.309887915849685669e-01,-3.858233988285064697e-01,-1.555406600236892700e-01,-1.232771202921867371e-01,7.868600487709045410e-01,2.903214991092681885e-01,9.792093932628631592e-02,-2.405700236558914185e-01,5.882932618260383606e-02,3.131923377513885498e-01,-4.018475413322448730e-01,2.874559760093688965e-01,-6.556740999221801758e-01,9.358138442039489746e-01,-2.312147915363311768e-01,-1.711359173059463501e-01,-6.560809910297393799e-03,-1.708172708749771118e-01,-5.345286726951599121e-01,1.927681267261505127e-01,-7.196021825075149536e-02,2.350943833589553833e-01,-2.331773638725280762e-01,-2.423123866319656372e-01
-3.957119211554527283e-02,5.673839896917343140e-02,6.281898617744445801e-01,9.771302342414855957e-02,-2.780815027654170990e-02,6.567035317420959473e-01,-7.472745776176452637e-01,-1.371318995952606201e-01,1.492022126913070679e-01,1.304402109235525131e-02,4.384174644947052002e-01,2.675266861915588379e-01,-1.234018877148628235e-01,-4.216011762619018555e-01,-1.622167825698852539e-01,-1.339815557003021240e-01,8.369451761245727539e-01,2.690706253051757812e-01,1.093488857150077820e-01,-2.516296505928039551e-01,5.150656774640083313e-02,3.234784007072448730e-01,-2.902130186557769775e-01,2.879100739955902100e-01,-5.400428771972656250e-01,1.062790036201477051e+00,-2.438106089830398560e-01,-1.600102633237838745e-01,2.498732181265950203e-03,-9.248583763837814331e-02,-5.407728552818298340e-01,1.242239922285079956e-01,1.770600210875272751e-03,2.472654581069946289e-01,-2.320180684328079224e-01,-2.786691486835479736e-01
-3.144908696413040161e-02,5.444137006998062134e-02,6.291561126708984375e-01,8.989850431680679321e-02,-1.804190315306186676e-02,6.589861512184143066e-01,-7.465453743934631348e-01,-1.649178415536880493e-01,1.335871368646621704e-01,1.896672695875167847e-02,5.117617249488830566e-01,2.580119371414184570e-01,-1.222759783267974854e-01,-4.384320080280303955e-01,-1.674939393997192383e-01,-1.341606825590133667e-01,8.560368418693542480e-01,2.414019554853439331e-01,1.015688255429267883e-01,-2.523730099201202393e-01,4.537369683384895325e-02,3.353853225708007812e-01,-1.287571489810943604e-01,3.113250136375427246e-01,-4.026280641555786133e-01,1.150665163993835449e+00,-2.620601058006286621e-01,-1.490033715963363647e-01,-1.115360204130411148e-02,-1.853158138692378998e-02,-5.604758262634277344e-01,4.206799436360597610e-03,8.201527595520019531e-02,2.437591850757598877e-01,-2.340402603149414062e-01,-3.430036008358001709e-01
-2.448857948184013367e-02,5.306598916649818420e-02,6.300687193870544434e-01,8.295261114835739136e-02,-9.893322363495826721e-03,6.433942317962646484e-01,-7.609630823135375977e-01,-1.834576427936553955e-01,1.211736053228378296e-01,2.485052496194839478e-02,5.583011507987976074e-01,2.319551110267639160e-01,-1.079328879714012146e-01,-4.394474625587463379e-01,-1.752351075410842896e-01,-1.397481709718704224e-01,8.365078568458557129e-01,2.437268495559692383e-01,1.023797988891601562e-01,-2.506433725357055664e-01,4.468821361660957336e-02,3.398942649364471436e-01,3.055630717426538467e-03,3.504827618598937988e-01,-2.786778807640075684e-01,1.214045882225036621e+00,-3.162535727024078369e-01,-1.445636004209518433e-01,-1.745871151797473431e-03,4.191902652382850647e-02,-5.906449556350708008e-01,-1.040680631995201111e-01,1.492369323968887329e-01,2.484556138515472412e-01,-2.466154247522354126e-01,-4.089187681674957275e-01
-1.909893006086349487e-02,5.208729580044746399e-02,6.486814022064208984e-01,7.425486296415328979e-02,-3.810132388025522232e-03,6.505324244499206543e-01,-7.558302283287048340e-01,-1.952603161334991455e-01,1.105024367570877075e-01,5.866369232535362244e-02,5.840950608253479004e-01,2.043183594942092896e-01,-7.391511648893356323e-02,-4.370336532592773438e-01,-1.889971494674682617e-01,-1.556842923164367676e-01,8.045854568481445312e-01,2.303509414196014404e-01,1.030163317918777466e-01,-2.461238503456115723e-01,5.187689140439033508e-02,3.422386348247528076e-01,1.282615661621093750e-01,4.192323684692382812e-01,-1.174796298146247864e-01,1.254784226417541504e+00,-3.842951059341430664e-01,-1.388850957155227661e-01,-7.129646255634725094e-04,9.699273109436035156e-02,-6.224664449691772461e-01,-2.298650890588760376e-01,1.771633177995681763e-01,2.868835628032684326e-01,-2.678536772727966309e-01,-4.455311894416809082e-01
-1.578785851597785950e-02,5.172612518072128296e-02,6.680942773818969727e-01,7.046767324209213257e-02,-1.912072999402880669e-03,6.641701459884643555e-01,-7.442504167556762695e-01,-1.967561393976211548e-01,1.092828065156936646e-01,9.208464622497558594e-02,5.813536047935485840e-01,1.872517019510269165e-01,-5.812531709671020508e-02,-4.354929924011230469e-01,-2.094837278127670288e-01,-1.830066293478012085e-01,7.774967551231384277e-01,2.339916527271270752e-01,9.138046950101852417e-02,-2.455385923385620117e-01,6.084492057561874390e-02,3.413594067096710205e-01,2.731366753578186035e-01,5.403693318367004395e-01,7.022169232368469238e-02,1.272443771362304688e+00,-4.718623757362365723e-01,-1.381378173828125000e-01,1.394537556916475296e-02,1.397038251161575317e-01,-6.619962453842163086e-01,-3.433939516544342041e-01,1.787176281213760376e-01,2.930941283702850342e-01,-2.705377936363220215e-01,-4.841211736202239990e-01
-1.437162980437278748e-02,5.220986530184745789e-02,6.707810163497924805e-01,6.767970323562622070e-02,-4.621745902113616467e-04,6.747198104858398438e-01,-7.349642515182495117e-01,-1.936484277248382568e-01,1.014432013034820557e-01,1.010152548551559448e-01,5.472328662872314453e-01,1.867500096559524536e-01,-7.191394269466400146e-02,-4.297203421592712402e-01,-2.178772091865539551e-01,-2.091105729341506958e-01,7.401725053787231445e-01,2.252569496631622314e-01,6.582092493772506714e-02,-2.366977483034133911e-01,8.284303545951843262e-02,3.401832282543182373e-01,4.048104584217071533e-01,6.775744557380676270e-01,2.689221203327178955e-01,1.294944882392883301e+00,-5.476987957954406738e-01,-1.363450586795806885e-01,2.101871930062770844e-02,1.654276102781295776e-01,-7.063052654266357422e-01,-4.225424230098724365e-01,1.583896428346633911e-01,2.737473845481872559e-01,-2.712057530879974365e-01,-5.192080140113830566e-01
-1.307153701782226562e-02,5.338766425848007202e-02,6.903485655784606934e-01,6.211380288004875183e-02,-6.073550321161746979e-04,6.971675753593444824e-01,-7.142120599746704102e-01,-2.014817893505096436e-01,8.882062882184982300e-02,1.377139836549758911e-01,5.551830530166625977e-01,1.903971880674362183e-01,-7.918164134025573730e-02,-4.128001332283020020e-01,-2.327337414026260376e-01,-2.375706136226654053e-01,7.091054320335388184e-01,2.007362395524978638e-01,4.768529161810874939e-02,-2.175037562847137451e-01,9.510850161314010620e-02,3.233070969581604004e-01,5.171422362327575684e-01,8.280644416809082031e-01,5.189778804779052734e-01,1.288797616958618164e+00,-6.507409214973449707e-01,-1.496187895536422729e-01,5.850331485271453857e-02,1.772376745939254761e-01,-7.684398293495178223e-01,-4.949311912059783936e-01,1.667686849832534790e-01,2.874983251094818115e-01,-2.773312032222747803e-01,-5.576854348182678223e-01
-1.396772265434265137e-02,5.602976679801940918e-02,6.922034025192260742e-01,5.220717564225196838e-02,6.221494637429714203e-03,6.927943229675292969e-01,-7.192161083221435547e-01,-1.944993883371353149e-01,7.311397790908813477e-02,1.618454754352569580e-01,5.490497350692749023e-01,1.957628279924392700e-01,-1.011666506528854370e-01,-3.865922093391418457e-01,-2.425545305013656616e-01,-2.586910128593444824e-01,6.481957435607910156e-01,2.095293104648590088e-01,3.956004604697227478e-02,-2.135439217090606689e-01,9.928705543279647827e-02,2.964713573455810547e-01,6.038559675216674805e-01,9.678418040275573730e-01,7.627174854278564453e-01,1.277939915657043457e+00,-7.308046817779541016e-01,-1.746986359357833862e-01,1.123830601572990417e-01,2.346592098474502563e-01,-8.132730126380920410e-01,-5.899493098258972168e-01,1.521931588649749756e-01,2.832054495811462402e-01,-2.989653348922729492e-01,-6.003842949867248535e-01
-1.388974487781524658e-02,5.988314375281333923e-02,7.110276818275451660e-01,5.183285474777221680e-02,5.525215528905391693e-03,6.937576532363891602e-01,-7.183196544647216797e-01,-1.857751458883285522e-01,6.630634516477584839e-02,1.708017140626907349e-01,5.565759539604187012e-01,2.011542320251464844e-01,-1.131262928247451782e-01,-3.822318315505981445e-01,-2.434606552124023438e-01,-2.664218544960021973e-01,6.724269986152648926e-01,1.929718554019927979e-01,2.522679790854454041e-02,-2.036020904779434204e-01,1.137672886252403259e-01,2.753705680370330811e-01,6.601459980010986328e-01,1.100878357887268066e+00,9.706522822380065918e-01,1.249753713607788086e+00,-7.679787278175354004e-01,-1.968807578086853027e-01,1.718544661998748779e-01,2.765213251113891602e-01,-8.865340352058410645e-01,-6.820721030235290527e-01,1.967086493968963623e-01,2.779321968555450439e-01,-3.069172501564025879e-01,-6.485021710395812988e-01
-1.392925996333360672e-02,6.422286480665206909e-02,7.126254439353942871e-01,4.758058860898017883e-02,7.385430857539176941e-03,6.898253560066223145e-01,-7.223728299140930176e-01,-2.010708898305892944e-01,5.576049536466598511e-02,1.532862484455108643e-01,6.200804710388183594e-01,2.071149498224258423e-01,-1.476883441209793091e-01,-3.836889863014221191e-01,-2.444729059934616089e-01,-2.464285194873809814e-01,6.838527917861938477e-01,1.681298017501831055e-01,1.285607833415269852e-02,-1.937362849712371826e-01,1.084875985980033875e-01,2.514879107475280762e-01,7.149541974067687988e-01,1.201368808746337891e+00,1.152156352996826172e+00,1.168716669082641602e+00,-8.061106204986572266e-01,-2.323306053876876831e-01,2.308769077062606812e-01,3.282682597637176514e-01,-9.318115115165710449e-01,-7.846658825874328613e-01,1.962959617376327515e-01,2.685956358909606934e-01,-3.333521485328674316e-01,-7.075894474983215332e-01
-1.343140285462141037e-02,6.915592402219772339e-02,7.144395709037780762e-01,4.057950899004936218e-02,1.419543288648128510e-02,6.894056200981140137e-01,-7.230986952781677246e-01,-2.206685245037078857e-01,3.678765147924423218e-02,1.508826017379760742e-01,6.932494640350341797e-01,2.095603793859481812e-01,-1.742530763149261475e-01,-3.773711323738098145e-01,-2.686459422111511230e-01,-2.526604831218719482e-01,6.811144948005676270e-01,1.622002720832824707e-01,2.292745513841509819e-03,-1.868811845779418945e-01,9.032516926527023315e-02,2.368015497922897339e-01,7.591045498847961426e-01,1.262365221977233887e+00,1.258426785469055176e+00,1.093929409980773926e+00,-8.157737255096435547e-01,-2.554844617843627930e-01,2.600794434547424316e-01,3.660597801208496094e-01,-9.819208383560180664e-01,-8.857795000076293945e-01,1.820622086524963379e-01,2.390092760324478149e-01,-3.425135016441345215e-01,-7.502427101135253906e-01
-1.361211668699979782e-02,7.394510507583618164e-02,7.326421141624450684e-01,3.111743181943893433e-02,2.489669248461723328e-02,6.855399012565612793e-01,-7.269434928894042969e-01,-2.420129179954528809e-01,-3.447804367169737816e-03,1.689721792936325073e-01,7.764582633972167969e-01,2.158493548631668091e-01,-2.050636708736419678e-01,-3.548026680946350098e-01,-2.969416081905364990e-01,-2.637630105018615723e-01,6.237726211547851562e-01,1.852142810821533203e-01,-2.105468447552993894e-04,-1.825411170721054077e-01,5.733384191989898682e-02,2.200125157833099365e-01,7.784335613250732422e-01,1.305698513984680176e+00,1.326975345611572266e+00,1.050649642944335938e+00,-8.349002599716186523e-01,-2.615525722503662109e-01,2.737412750720977783e-01,4.060908854007720947e-01,-1.031864166259765625e+00,-9.552231431007385254e-01,2.144800722599029541e-01,2.418237328529357910e-01,-3.417482674121856689e-01,-7.702233791351318359e-01
-1.296363305300474167e-02,7.839808613061904907e-02,7.326229214668273926e-01,2.714940905570983887e-02,2.823066897690296173e-02,6.814296245574951172e-01,-7.308348417282104492e-01,-2.334141284227371216e-01,-1.806262996979057789e-03,1.719049960374832153e-01,7.879942655563354492e-01,1.948412209749221802e-01,-1.887226700782775879e-01,-3.431821763515472412e-01,-3.082461059093475342e-01,-2.642435133457183838e-01,5.977507829666137695e-01,1.981619447469711304e-01,1.698546693660318851e-03,-1.839404851198196411e-01,3.933300077915191650e-02,2.038420140743255615e-01,7.948944568634033203e-01,1.320332765579223633e+00,1.337539434432983398e+00,1.035391092300415039e+00,-8.260258436203002930e-01,-2.611524164676666260e-01,2.738068997859954834e-01,4.260733723640441895e-01,-1.052299141883850098e+00,-9.899866580963134766e-01,2.094821333885192871e-01,2.294549047946929932e-01,-3.465557396411895752e-01,-7.760742902755737305e-01
-1.216883212327957153e-02,8.256582170724868774e-02,7.329072952270507812e-01,2.363210543990135193e-02,3.412168100476264954e-02,6.672348380088806152e-01,-7.436900734901428223e-01,-2.268414944410324097e-01,-1.523066312074661255e-02,1.639754623174667358e-01,8.067163228988647461e-01,1.829563677310943604e-01,-1.890857219696044922e-01,-3.317941725254058838e-01,-3.188829720020294189e-01,-2.617961764335632324e-01,5.576390624046325684e-01,2.267877012491226196e-01,8.343903347849845886e-03,-1.913011372089385986e-01,1.514951512217521667e-02,2.046556174755096436e-01,8.129414319992065430e-01,1.284089922904968262e+00,1.300305724143981934e+00,1.066496849060058594e+00,-8.030081987380981445e-01,-2.437770068645477295e-01,2.523898482322692871e-01,4.486357271671295166e-01,-1.044489979743957520e+00,-1.013916611671447754e+00,2.210128307342529297e-01,2.120433449745178223e-01,-3.398940861225128174e-01,-7.807589173316955566e-01
-1.162988506257534027e-02,8.722043782472610474e-02,7.326033115386962891e-01,2.693207748234272003e-02,3.006355464458465576e-02,6.597827076911926270e-01,-7.503716349601745605e-01,-1.899769902229309082e-01,-3.756271908059716225e-03,1.594575792551040649e-01,7.507345080375671387e-01,1.584684401750564575e-01,-1.549274176359176636e-01,-3.321763575077056885e-01,-3.171496987342834473e-01,-2.642117738723754883e-01,5.351331233978271484e-01,2.409355342388153076e-01,2.021099627017974854e-02,-2.030132412910461426e-01,2.699633187148720026e-04,2.026401311159133911e-01,7.997264266014099121e-01,1.213319063186645508e+00,1.185115694999694824e+00,1.133622169494628906e+00,-7.473207116127014160e-01,-2.068118751049041748e-01,2.051868736743927002e-01,4.463223814964294434e-01,-1.015221238136291504e+00,-9.702326059341430664e-01,2.435173690319061279e-01,1.879438608884811401e-01,-3.179044723510742188e-01,-7.615759968757629395e-01
-1.101915538311004639e-02,9.281761944293975830e-02,7.331277132034301758e-01,2.853595279157161713e-02,3.652862459421157837e-02,6.376641392707824707e-01,-7.689186334609985352e-01,-1.701109111309051514e-01,-2.332470752298831940e-02,1.263311952352523804e-01,7.455389499664306641e-01,1.638004779815673828e-01,-1.480668634176254272e-01,-3.368334174156188965e-01,-3.073412179946899414e-01,-2.408284395933151245e-01,5.122886896133422852e-01,2.741432785987854004e-01,3.353857249021530151e-02,-2.199221849441528320e-01,-2.912640385329723358e-02,2.160130292177200317e-01,7.524436712265014648e-01,1.088423371315002441e+00,9.888086915016174316e-01,1.196062088012695312e+00,-6.764312386512756348e-01,-1.810705065727233887e-01,1.482463032007217407e-01,4.501694440841674805e-01,-9.431650638580322266e-01,-9.102960228919982910e-01,2.494732737541198730e-01,1.479207873344421387e-01,-2.922238409519195557e-01,-7.536723017692565918e-01
-9.138761088252067566e-03,9.833030402660369873e-02,7.339711189270019531e-01,4.217839986085891724e-02,2.661895751953125000e-02,6.314179897308349609e-01,-7.738370299339294434e-01,-1.540760248899459839e-01,5.841069854795932770e-03,1.072353720664978027e-01,7.231947183609008789e-01,1.527327746152877808e-01,-1.100690290331840515e-01,-3.682829141616821289e-01,-3.294854164123535156e-01,-2.541522085666656494e-01,5.719286203384399414e-01,2.842594087123870850e-01,3.239203989505767822e-02,-2.246474176645278931e-01,-2.304256148636341095e-02,2.422833889722824097e-01,6.393360495567321777e-01,9.217389822006225586e-01,7.131571769714355469e-01,1.245390772819519043e+00,-5.885255932807922363e-01,-1.573680937290191650e-01,1.137872338294982910e-01,3.954724073410034180e-01,-8.465913534164428711e-01,-7.842498421669006348e-01,2.572205662727355957e-01,1.612901985645294189e-01,-2.576789259910583496e-01,-7.169489264488220215e-01
-7.280039135366678238e-03,1.035204753279685974e-01,7.344154715538024902e-01,5.852382630109786987e-02,1.639161072671413422e-02,6.242487430572509766e-01,-7.788580060005187988e-01,-1.535892337560653687e-01,2.865321375429630280e-02,5.600607395172119141e-02,7.522879242897033691e-01,1.161675900220870972e-01,-8.246270567178726196e-02,-4.207720458507537842e-01,-3.241047859191894531e-01,-2.296099513769149780e-01,6.927347779273986816e-01,2.578799128532409668e-01,2.972892858088016510e-02,-2.328489273786544800e-01,-1.338014099746942520e-02,2.696808874607086182e-01,5.014050602912902832e-01,7.469618320465087891e-01,4.637914896011352539e-01,1.259832262992858887e+00,-5.383188724517822266e-01,-1.387410759925842285e-01,9.097946435213088989e-02,3.317013382911682129e-01,-7.387712597846984863e-01,-6.465293169021606445e-01,2.378597557544708252e-01,1.877351850271224976e-01,-2.502109110355377197e-01,-6.777096986770629883e-01
-6.214469671249389648e-03,1.082937195897102356e-01,7.344571948051452637e-01,7.174938917160034180e-02,8.567198179662227631e-03,6.209211349487304688e-01,-7.805354595184326172e-01,-1.707236021757125854e-01,4.567309841513633728e-02,-5.371001898311078548e-04,8.063281774520874023e-01,7.466936856508255005e-02,-6.682531535625457764e-02,-4.810684323310852051e-01,-3.109448254108428955e-01,-1.972263753414154053e-01,8.295076489448547363e-01,2.157063782215118408e-01,3.150983154773712158e-02,-2.315296679735183716e-01,-1.498443540185689926e-02,2.947089970111846924e-01,3.775942027568817139e-01,5.850412845611572266e-01,2.574512660503387451e-01,1.244655370712280273e+00,-4.719464182853698730e-01,-1.231995746493339539e-01,6.726873666048049927e-02,2.662784755229949951e-01,-6.180847287178039551e-01,-5.106433629989624023e-01,1.918913424015045166e-01,2.399509400129318237e-01,-2.499762475490570068e-01,-5.996935963630676270e-01
-6.621583364903926849e-03,1.114389300346374512e-01,7.343102097511291504e-01,8.510447293519973755e-02,1.389269600622355938e-03,6.074687838554382324e-01,-7.897701859474182129e-01,-1.675289869308471680e-01,7.552116364240646362e-02,-4.057766497135162354e-02,8.164022564888000488e-01,1.631601341068744659e-02,-2.874585613608360291e-02,-5.324725508689880371e-01,-2.987799644470214844e-01,-1.661579012870788574e-01,9.767012000083923340e-01,1.728170365095138550e-01,1.605077274143695831e-02,-2.359612733125686646e-01,-1.604217290878295898e-02,3.043604493141174316e-01,2.456323206424713135e-01,4.701570272445678711e-01,8.791138231754302979e-02,1.198802232742309570e+00,-4.780143201351165771e-01,-1.255011260509490967e-01,3.613410890102386475e-02,2.021990567445755005e-01,-5.219751596450805664e-01,-3.617681860923767090e-01,1.100414320826530457e-01,2.998472154140472412e-01,-2.629128098487854004e-01,-5.164449810981750488e-01
-8.537172339856624603e-03,1.132802590727806091e-01,7.348829507827758789e-01,1.056902185082435608e-01,-1.014978624880313873e-02,5.972440242767333984e-01,-7.950007319450378418e-01,-1.536647975444793701e-01,1.138754859566688538e-01,-7.602670788764953613e-02,7.898155450820922852e-01,1.080112997442483902e-03,1.116710714995861053e-03,-5.786905288696289062e-01,-2.871815860271453857e-01,-1.572852432727813721e-01,1.149530768394470215e+00,1.235502064228057861e-01,6.943905260413885117e-03,-2.297428399324417114e-01,-1.004917547106742859e-02,3.078024983406066895e-01,1.171126067638397217e-01,3.831545710563659668e-01,-9.683157503604888916e-02,1.107150077819824219e+00,-4.760626554489135742e-01,-1.226186230778694153e-01,5.365643650293350220e-03,1.070762053132057190e-01,-4.432134926319122314e-01,-2.074109315872192383e-01,1.145708747208118439e-02,3.951945602893829346e-01,-2.719282209873199463e-01,-4.123931825160980225e-01
-1.016839127987623215e-02,1.145836412906646729e-01,7.349160909652709961e-01,1.241009682416915894e-01,-2.007848583161830902e-02,5.838240981101989746e-01,-8.020880222320556641e-01,-1.477240175008773804e-01,1.409572362899780273e-01,-1.090205609798431396e-01,7.664048075675964355e-01,1.666034013032913208e-02,4.840815905481576920e-03,-6.071273684501647949e-01,-2.708392143249511719e-01,-1.333435475826263428e-01,1.288984775543212891e+00,7.293908298015594482e-02,-1.797150634229183197e-02,-2.233716845512390137e-01,-6.437566131353378296e-03,3.092695772647857666e-01,-2.856070920825004578e-02,3.416747450828552246e-01,-2.668423056602478027e-01,1.010235190391540527e+00,-4.921352565288543701e-01,-1.227147132158279419e-01,-1.960650831460952759e-02,6.626911461353302002e-03,-4.177004396915435791e-01,-6.156188994646072388e-02,-8.380018174648284912e-02,4.455670714378356934e-01,-2.675788402557373047e-01,-3.204683959484100342e-01
-1.142313890159130096e-02,1.154377162456512451e-01,7.334558963775634766e-01,1.453483104705810547e-01,-3.738607093691825867e-02,5.825515389442443848e-01,-7.988177537918090820e-01,-1.313987076282501221e-01,1.867806464433670044e-01,-1.301901787519454956e-01,6.896635293960571289e-01,2.208959124982357025e-02,3.570812940597534180e-02,-6.234243512153625488e-01,-2.281789928674697876e-01,-9.135973453521728516e-02,1.383348226547241211e+00,7.344553619623184204e-02,7.412158884108066559e-03,-2.200875729322433472e-01,1.312731765210628510e-02,2.996755242347717285e-01,-2.162398099899291992e-01,3.626156151294708252e-01,-4.626872241497039795e-01,8.269047737121582031e-01,-5.010174512863159180e-01,-1.367074251174926758e-01,-5.564743652939796448e-02,-9.142627567052841187e-02,-4.395507276058197021e-01,7.960817962884902954e-02,-2.424182295799255371e-01,5.128457546234130859e-01,-2.651321589946746826e-01,-1.762403100728988647e-01
-1.194635033607482910e-02,1.159057095646858215e-01,7.318806648254394531e-01,1.582421362400054932e-01,-5.411987379193305969e-02,5.932125449180603027e-01,-7.874829173088073730e-01,-1.277503073215484619e-01,2.165288478136062622e-01,-1.361570060253143311e-01,6.356827020645141602e-01,3.703606873750686646e-02,4.724752902984619141e-02,-6.185874938964843750e-01,-1.995988041162490845e-01,-7.370218634605407715e-02,1.440028309822082520e+00,8.846367150545120239e-02,3.535071015357971191e-02,-2.077690511941909790e-01,4.082717746496200562e-02,2.823746204376220703e-01,-4.072557389736175537e-01,3.902695178985595703e-01,-6.335958838462829590e-01,6.582682728767395020e-01,-5.145561695098876953e-01,-1.532402187585830688e-01,-8.421903103590011597e-02,-2.138668447732925415e-01,-4.876340031623840332e-01,1.600840389728546143e-01,-3.589884638786315918e-01,5.296561121940612793e-01,-2.709904015064239502e-01,-1.113497912883758545e-01
-1.365560293197631836e-02,1.167288795113563538e-01,7.304403781890869141e-01,1.648273915052413940e-01,-6.619764864444732666e-02,5.915707349777221680e-01,-7.864437699317932129e-01,-9.690667688846588135e-02,2.303457409143447876e-01,-1.589588820934295654e-01,5.281831622123718262e-01,5.029769986867904663e-02,3.210617601871490479e-02,-6.133553981781005859e-01,-1.950024962425231934e-01,-7.483241707086563110e-02,1.437869787216186523e+00,1.096352413296699524e-01,3.375602513551712036e-02,-1.918946355581283569e-01,6.722138822078704834e-02,2.399221956729888916e-01,-5.878168940544128418e-01,4.413333237171173096e-01,-7.748113870620727539e-01,4.933910667896270752e-01,-5.339292883872985840e-01,-1.735749989748001099e-01,-1.288092136383056641e-01,-3.389088809490203857e-01,-5.425645709037780762e-01,2.425595670938491821e-01,-4.738839566707611084e-01,5.408905744552612305e-01,-2.738862335681915283e-01,-5.593913048505783081e-02
-1.360559649765491486e-02,1.173942536115646362e-01,7.274746298789978027e-01,1.691017895936965942e-01,-7.844662666320800781e-02,6.055706143379211426e-01,-7.736504077911376953e-01,-7.646592706441879272e-02,2.492922097444534302e-01,-1.523214876651763916e-01,4.560708999633789062e-01,8.399699628353118896e-02,1.296275854110717773e-02,-5.811740756034851074e-01,-1.916441619396209717e-01,-8.000019192695617676e-02,1.406681180000305176e+00,1.260646134614944458e-01,4.914474114775657654e-02,-1.750233471393585205e-01,8.223508298397064209e-02,1.958740651607513428e-01,-7.671537995338439941e-01,4.946861863136291504e-01,-8.581090569496154785e-01,3.870780766010284424e-01,-5.125206708908081055e-01,-1.944645643234252930e-01,-1.355767846107482910e-01,-4.793862700462341309e-01,-6.099309921264648438e-01,2.865657210350036621e-01,-5.272775292396545410e-01,5.002771615982055664e-01,-2.698489725589752197e-01,-4.396838694810867310e-02
-1.293530873954296112e-02,1.184378638863563538e-01,7.243447303771972656e-01,1.696385890245437622e-01,-9.226051717996597290e-02,6.366108059883117676e-01,-7.466173171997070312e-01,-5.849078297615051270e-02,2.655993998050689697e-01,-1.538470387458801270e-01,3.952803313732147217e-01,1.288162916898727417e-01,-2.052276581525802612e-02,-5.562023520469665527e-01,-1.824434250593185425e-01,-8.693717420101165771e-02,1.356118321418762207e+00,1.434296518564224243e-01,5.471412464976310730e-02,-1.729958355426788330e-01,8.032749593257904053e-02,1.590901911258697510e-01,-9.674822688102722168e-01,5.402351021766662598e-01,-9.439502954483032227e-01,3.165268599987030029e-01,-4.649329483509063721e-01,-2.108941674232482910e-01,-1.364432573318481445e-01,-6.182175278663635254e-01,-6.813046932220458984e-01,3.446457386016845703e-01,-5.664849281311035156e-01,4.721261560916900635e-01,-2.736358642578125000e-01,-4.444046318531036377e-02
-1.149006281048059464e-02,1.197494715452194214e-01,7.199953198432922363e-01,1.647221297025680542e-01,-1.055887639522552490e-01,6.665462255477905273e-01,-7.193287014961242676e-01,-4.596316441893577576e-02,2.790388166904449463e-01,-1.421834230422973633e-01,3.375499844551086426e-01,1.778856068849563599e-01,-4.718016460537910461e-02,-5.245958566665649414e-01,-1.689080297946929932e-01,-9.079223871231079102e-02,1.257761478424072266e+00,1.723529696464538574e-01,7.928454875946044922e-02,-1.827640831470489502e-01,7.560824602842330933e-02,1.332163512706756592e-01,-1.151918053627014160e+00,5.623130798339843750e-01,-1.020849466323852539e+00,2.758662104606628418e-01,-4.066565036773681641e-01,-2.201745808124542236e-01,-1.269223392009735107e-01,-7.279202938079833984e-01,-7.338203787803649902e-01,3.850902318954467773e-01,-5.589157938957214355e-01,4.336141049861907959e-01,-2.786788046360015869e-01,-6.959258019924163818e-02
-1.042454037815332413e-02,1.214887201786041260e-01,7.151761651039123535e-01,1.577473878860473633e-01,-1.149492263793945312e-01,6.951439976692199707e-01,-6.918650865554809570e-01,-2.861334197223186493e-02,2.835116684436798096e-01,-1.284195035696029663e-01,2.900080084800720215e-01,2.077239304780960083e-01,-7.253324985504150391e-02,-4.840385913848876953e-01,-1.840299367904663086e-01,-1.182195022702217102e-01,1.123060107231140137e+00,1.933505982160568237e-01,8.260998129844665527e-02,-1.867928355932235718e-01,5.606053397059440613e-02,1.141532287001609802e-01,-1.317487239837646484e+00,5.697903633117675781e-01,-1.086207985877990723e+00,2.472707331180572510e-01,-3.564117848873138428e-01,-2.322006225585937500e-01,-1.153914928436279297e-01,-8.497026562690734863e-01,-7.707673907279968262e-01,4.303092062473297119e-01,-5.476003885269165039e-01,4.006165266036987305e-01,-2.876951396465301514e-01,-1.025817245244979858e-01
-9.183397516608238220e-03,1.236143931746482849e-01,7.081291079521179199e-01,1.494002193212509155e-01,-1.163854822516441345e-01,7.112608551979064941e-01,-6.769357323646545410e-01,-1.798464916646480560e-02,2.802179753780364990e-01,-1.060977950692176819e-01,2.641637921333312988e-01,2.185914665460586548e-01,-8.835455775260925293e-02,-4.418311119079589844e-01,-1.996210813522338867e-01,-1.523925960063934326e-01,9.352049231529235840e-01,2.261215746402740479e-01,8.222357183694839478e-02,-1.975896358489990234e-01,2.561122924089431763e-02,8.450319617986679077e-02,-1.439811348915100098e+00,5.803796648979187012e-01,-1.134190917015075684e+00,2.451714873313903809e-01,-3.134862780570983887e-01,-2.320716381072998047e-01,-1.009838059544563293e-01,-9.298100471496582031e-01,-7.963601946830749512e-01,4.660696387290954590e-01,-5.565245151519775391e-01,3.764742910861968994e-01,-2.957684099674224854e-01,-1.151762828230857849e-01
-5.763470195233821869e-03,1.255276501178741455e-01,7.004082202911376953e-01,1.383967101573944092e-01,-1.119642108678817749e-01,7.230324149131774902e-01,-6.674836874008178711e-01,-1.730442233383655548e-02,2.737961709499359131e-01,-8.383619040250778198e-02,2.563769221305847168e-01,2.320530116558074951e-01,-9.893254935741424561e-02,-3.957194685935974121e-01,-2.002901136875152588e-01,-1.685770303010940552e-01,7.731670737266540527e-01,2.454304993152618408e-01,8.673338592052459717e-02,-2.073944658041000366e-01,-4.311446100473403931e-03,7.033882290124893188e-02,-1.543842673301696777e+00,5.870572924613952637e-01,-1.174900174140930176e+00,2.582538425922393799e-01,-2.767543792724609375e-01,-2.312578856945037842e-01,-9.691289812326431274e-02,-9.996833205223083496e-01,-8.138934969902038574e-01,4.896685481071472168e-01,-5.627742409706115723e-01,3.513163924217224121e-01,-2.996274530887603760e-01,-1.314856857061386108e-01
-8.966270834207534790e-04,1.269143819808959961e-01,6.923830509185791016e-01,1.239556446671485901e-01,-1.017255634069442749e-01,7.289866805076599121e-01,-6.654812693595886230e-01,-1.810914836823940277e-02,2.641735672950744629e-01,-5.762365087866783142e-02,2.794997096061706543e-01,2.297415286302566528e-01,-9.585659205913543701e-02,-3.578011691570281982e-01,-2.073194533586502075e-01,-1.663667857646942139e-01,6.363583207130432129e-01,2.660666108131408691e-01,9.372092783451080322e-02,-2.189489752054214478e-01,-4.743669182062149048e-02,6.862166523933410645e-02,-1.631715655326843262e+00,6.007540822029113770e-01,-1.209329128265380859e+00,2.852667868137359619e-01,-2.613844871520996094e-01,-2.248421907424926758e-01,-9.491576999425888062e-02,-1.069052815437316895e+00,-8.209046721458435059e-01,5.066163539886474609e-01,-5.715905427932739258e-01,3.243379890918731689e-01,-2.989591956138610840e-01,-1.671571880578994751e-01
3.813399467617273331e-03,1.284168809652328491e-01,6.846963167190551758e-01,1.110049039125442505e-01,-9.887917339801788330e-02,7.460973262786865234e-01,-6.490297913551330566e-01,-1.289407629519701004e-02,2.588599920272827148e-01,-4.341024160385131836e-02,2.886100113391876221e-01,2.252046465873718262e-01,-8.521983027458190918e-02,-3.279769420623779297e-01,-2.113185673952102661e-01,-1.649629324674606323e-01,5.453286170959472656e-01,2.813148200511932373e-01,1.071632057428359985e-01,-2.316714525222778320e-01,-8.362791687250137329e-02,6.545644253492355347e-02,-1.677811384201049805e+00,6.035965681076049805e-01,-1.216559171676635742e+00,3.036713004112243652e-01,-2.332565486431121826e-01,-2.322595268487930298e-01,-7.692342996597290039e-02,-1.102019906044006348e+00,-8.249921798706054688e-01,5.064952373504638672e-01,-5.695427060127258301e-01,2.846954166889190674e-01,-3.004072606563568115e-01,-1.917988657951354980e-01
1.008498948067426682e-02,1.296661645174026489e-01,6.778250932693481445e-01,1.020249053835868835e-01,-9.452768415212631226e-02,7.604680061340332031e-01,-6.343058347702026367e-01,-1.507887896150350571e-02,2.573203146457672119e-01,-3.050477057695388794e-02,3.206399381160736084e-01,2.146568894386291504e-01,-8.095674216747283936e-02,-3.089836537837982178e-01,-2.171332240104675293e-01,-1.689623296260833740e-01,5.084521770477294922e-01,2.765120863914489746e-01,1.036716997623443604e-01,-2.303752452135086060e-01,-1.142975017428398132e-01,6.638962030410766602e-02,-1.672906160354614258e+00,6.097961664199829102e-01,-1.203108668327331543e+00,3.219181001186370850e-01,-2.105373889207839966e-01,-2.378526479005813599e-01,-4.702657088637351990e-02,-1.096430540084838867e+00,-8.265773057937622070e-01,4.964033663272857666e-01,-5.592350959777832031e-01,2.634150385856628418e-01,-3.004443645477294922e-01,-2.106331735849380493e-01
1.669243909418582916e-02,1.308763176202774048e-01,6.717868447303771973e-01,9.148482978343963623e-02,-9.187150746583938599e-02,7.832935452461242676e-01,-6.079813838005065918e-01,-2.199027873575687408e-02,2.518262565135955811e-01,-2.670488506555557251e-02,3.533988893032073975e-01,1.930738538503646851e-01,-5.803903937339782715e-02,-2.871049344539642334e-01,-2.231486588716506958e-01,-1.763001978397369385e-01,4.763960540294647217e-01,2.757344841957092285e-01,1.017886176705360413e-01,-2.242207378149032593e-01,-1.433563828468322754e-01,6.273782253265380859e-02,-1.660909652709960938e+00,5.995587110519409180e-01,-1.188301444053649902e+00,3.536569178104400635e-01,-1.712276339530944824e-01,-2.329785376787185669e-01,-2.220961824059486389e-02,-1.053171873092651367e+00,-8.267248272895812988e-01,4.723179042339324951e-01,-5.497578382492065430e-01,2.675454020500183105e-01,-3.098126053810119629e-01,-2.315466850996017456e-01
2.345132455229759216e-02,1.319589763879776001e-01,6.649226546287536621e-01,8.499139547348022461e-02,-8.357810229063034058e-02,7.798414826393127441e-01,-6.145229339599609375e-01,-3.705962374806404114e-02,2.339460104703903198e-01,-3.881781548261642456e-02,4.059941470623016357e-01,1.720151454210281372e-01,-3.440669924020767212e-02,-2.722172439098358154e-01,-2.236210703849792480e-01,-1.655211150646209717e-01,4.395522773265838623e-01,2.869385182857513428e-01,1.062175109982490540e-01,-1.959387063980102539e-01,-1.716591119766235352e-01,7.541747391223907471e-02,-1.567687273025512695e+00,5.936045050621032715e-01,-1.161134362220764160e+00,3.530772626399993896e-01,-1.577102541923522949e-01,-2.383408099412918091e-01,-1.029136218130588531e-02,-9.571191072463989258e-01,-8.205575346946716309e-01,4.585213661193847656e-01,-5.297785401344299316e-01,3.129160404205322266e-01,-3.149728477001190186e-01,-2.225698381662368774e-01
3.354846686124801636e-02,1.342770755290985107e-01,6.597440242767333984e-01,8.161221444606781006e-02,-7.352228462696075439e-02,7.758804559707641602e-01,-6.212434172630310059e-01,-6.066410616040229797e-02,2.030429989099502563e-01,-8.228988200426101685e-02,4.828403890132904053e-01,1.578511148691177368e-01,-2.355110086500644684e-02,-2.604596018791198730e-01,-2.185709178447723389e-01,-1.306311935186386108e-01,4.534109830856323242e-01,2.958641946315765381e-01,9.979709982872009277e-02,-1.779488176107406616e-01,-1.872412413358688354e-01,9.733464568853378296e-02,-1.407973885536193848e+00,5.863841176033020020e-01,-1.078262448310852051e+00,3.711284101009368896e-01,-1.070068255066871643e-01,-2.371524274349212646e-01,1.141244545578956604e-02,-8.096219897270202637e-01,-7.934513092041015625e-01,3.997119963169097900e-01,-5.136896967887878418e-01,2.920821905136108398e-01,-3.131971955299377441e-01,-1.898228824138641357e-01
4.501352086663246155e-02,1.372836828231811523e-01,6.544383764266967773e-01,8.059892058372497559e-02,-6.050249561667442322e-02,7.512519359588623047e-01,-6.522758603096008301e-01,-9.944217652082443237e-02,1.755973547697067261e-01,-1.098736971616744995e-01,5.885177850723266602e-01,1.243750676512718201e-01,-5.909405648708343506e-03,-2.578094303607940674e-01,-2.228339761495590210e-01,-1.225656941533088684e-01,4.686607718467712402e-01,2.662460505962371826e-01,7.965905964374542236e-02,-1.480304598808288574e-01,-2.008065581321716309e-01,1.293807178735733032e-01,-1.207862734794616699e+00,5.676450729370117188e-01,-9.979696273803710938e-01,4.103250503540039062e-01,-1.070178523659706116e-01,-2.460321336984634399e-01,1.872234418988227844e-02,-6.612982153892517090e-01,-7.265438437461853027e-01,3.540820479393005371e-01,-4.773603975772857666e-01,3.334768414497375488e-01,-3.218505680561065674e-01,-1.649869829416275024e-01
5.589374154806137085e-02,1.410204917192459106e-01,6.488066315650939941e-01,7.144005596637725830e-02,-3.456993773579597473e-02,7.338109016418457031e-01,-6.747019886970520020e-01,-1.785811185836791992e-01,1.430224925279617310e-01,-1.297874003648757935e-01,7.799659967422485352e-01,7.545786350965499878e-02,2.029165253043174744e-02,-2.316225469112396240e-01,-2.313465774059295654e-01,-7.024499773979187012e-02,4.584704637527465820e-01,2.503275275230407715e-01,7.983021438121795654e-02,-1.007137969136238098e-01,-2.444882541894912720e-01,1.752230525016784668e-01,-9.936019182205200195e-01,5.072267055511474609e-01,-8.931438922882080078e-01,4.722699820995330811e-01,-1.297631263732910156e-01,-2.433465123176574707e-01,2.190245687961578369e-02,-5.589318275451660156e-01,-6.189288496971130371e-01,3.299756050109863281e-01,-4.206196069717407227e-01,3.311255276203155518e-01,-3.099050521850585938e-01,-1.573137938976287842e-01
6.670559942722320557e-02,1.454612165689468384e-01,6.440641880035400391e-01,6.466330587863922119e-02,-1.561677735298871994e-02,7.145344018936157227e-01,-6.964304447174072266e-01,-2.889426052570343018e-01,1.094578281044960022e-01,-1.554048210382461548e-01,9.809942245483398438e-01,1.897944509983062744e-02,4.440305382013320923e-02,-2.282129526138305664e-01,-2.088874280452728271e-01,-1.152564864605665207e-02,5.312401056289672852e-01,2.422454357147216797e-01,7.946452498435974121e-02,-7.739992439746856689e-02,-2.664824128150939941e-01,2.129402905702590942e-01,-7.551286816596984863e-01,4.611361026763916016e-01,-7.606118917465209961e-01,6.078240871429443359e-01,-1.112688928842544556e-01,-2.340080291032791138e-01,2.957857586443424225e-02,-3.838570415973663330e-01,-5.612952709197998047e-01,2.839457690715789795e-01,-3.158588707447052002e-01,3.081179857254028320e-01,-3.000779151916503906e-01,-1.641865074634552002e-01
7.515862584114074707e-02,1.503812670707702637e-01,6.394363641738891602e-01,6.143555045127868652e-02,-7.045829668641090393e-03,7.001740336418151855e-01,-7.112891674041748047e-01,-3.814315795898437500e-01,9.283374994993209839e-02,-1.521470844745635986e-01,1.147091269493103027e+00,-2.379647642374038696e-02,6.473557651042938232e-02,-2.278354763984680176e-01,-1.951921880245208740e-01,1.606246642768383026e-02,5.728419423103332520e-01,2.016359418630599976e-01,6.215410679578781128e-02,-5.856128409504890442e-02,-2.886303663253784180e-01,2.454678118228912354e-01,-5.325250029563903809e-01,4.056057631969451904e-01,-6.243829131126403809e-01,7.917940616607666016e-01,-1.136837527155876160e-01,-1.932173520326614380e-01,2.136753872036933899e-02,-2.884847223758697510e-01,-4.845387339591979980e-01,2.864701151847839355e-01,-1.416561454534530640e-01,3.195549547672271729e-01,-2.750646471977233887e-01,-1.860007494688034058e-01
8.178368210792541504e-02,1.556226611137390137e-01,6.354401707649230957e-01,6.178858876228332520e-02,2.364797517657279968e-03,6.956682205200195312e-01,-7.156970500946044922e-01,-4.674107730388641357e-01,9.585225582122802734e-02,-1.312181055545806885e-01,1.262654542922973633e+00,-5.876353383064270020e-02,8.037468791007995605e-02,-2.193071395158767700e-01,-1.854458749294281006e-01,1.877024210989475250e-02,6.084996461868286133e-01,1.627871394157409668e-01,5.140621960163116455e-02,-3.814746439456939697e-02,-2.992332577705383301e-01,2.685046494007110596e-01,-3.376106023788452148e-01,3.817499577999114990e-01,-4.536758065223693848e-01,1.015624284744262695e+00,-1.567298471927642822e-01,-1.757785528898239136e-01,5.054318904876708984e-02,-1.734965294599533081e-01,-4.322030246257781982e-01,2.574970126152038574e-01,5.544164031744003296e-02,3.458653986454010010e-01,-2.740820944309234619e-01,-2.409918159246444702e-01
8.765724301338195801e-02,1.609648615121841431e-01,6.320511698722839355e-01,6.280290335416793823e-02,3.562839003279805183e-03,7.078054547309875488e-01,-7.036011219024658203e-01,-5.861377716064453125e-01,1.082524582743644714e-01,-1.037552505731582642e-01,1.357702136039733887e+00,-8.387512713670730591e-02,1.099636778235435486e-01,-2.254953235387802124e-01,-1.639350950717926025e-01,3.779620677232742310e-02,6.708010435104370117e-01,9.808845072984695435e-02,3.010693565011024475e-02,-1.775672845542430878e-02,-2.955286204814910889e-01,2.823167443275451660e-01,-1.753080934286117554e-01,3.831430673599243164e-01,-2.322756946086883545e-01,1.221242666244506836e+00,-2.314392775297164917e-01,-1.496761292219161987e-01,1.000054329633712769e-01,-7.691151648759841919e-02,-4.158410429954528809e-01,1.702451258897781372e-01,2.570625245571136475e-01,3.772593438625335693e-01,-2.827957570552825928e-01,-3.300703167915344238e-01
9.163300693035125732e-02,1.666171699762344360e-01,6.289533972740173340e-01,7.268854975700378418e-02,-3.408729098737239838e-04,7.249106168746948242e-01,-6.849970221519470215e-01,-6.447833776473999023e-01,1.353324651718139648e-01,-5.715179070830345154e-02,1.350437998771667480e+00,-1.081227287650108337e-01,1.438042819499969482e-01,-2.251496464014053345e-01,-1.468335390090942383e-01,1.824071630835533142e-02,6.854850649833679199e-01,5.371770262718200684e-02,2.456908859312534332e-02,3.669919213280081749e-03,-2.767105102539062500e-01,2.990770637989044189e-01,-2.498860284686088562e-02,4.285184144973754883e-01,-1.630247384309768677e-02,1.388110399246215820e+00,-3.033860027790069580e-01,-1.227764859795570374e-01,1.221082136034965515e-01,-3.649152349680662155e-03,-4.235971570014953613e-01,6.986802071332931519e-02,4.255064725875854492e-01,4.285941123962402344e-01,-2.965452671051025391e-01,-3.884958028793334961e-01
9.457477927207946777e-02,1.738745719194412231e-01,6.270509958267211914e-01,8.341755717992782593e-02,-6.237950641661882401e-03,7.308470606803894043e-01,-6.773958802223205566e-01,-6.855556368827819824e-01,1.662912070751190186e-01,-5.414803046733140945e-03,1.299476265907287598e+00,-1.140294522047042847e-01,1.630080342292785645e-01,-2.207010537385940552e-01,-1.399405300617218018e-01,-1.622872427105903625e-02,7.006781697273254395e-01,2.695769816637039185e-02,9.257279336452484131e-03,2.660474553704261780e-02,-2.518869936466217041e-01,3.121113181114196777e-01,8.637911826372146606e-02,5.059415102005004883e-01,1.861876398324966431e-01,1.478971362113952637e+00,-3.938461840152740479e-01,-1.096188947558403015e-01,1.153556033968925476e-01,6.719262152910232544e-02,-4.608026444911956787e-01,-5.785802379250526428e-02,5.094153881072998047e-01,5.031831860542297363e-01,-3.134462237358093262e-01,-4.050489664077758789e-01
9.515930712223052979e-02,1.835314929485321045e-01,6.254902482032775879e-01,9.653104841709136963e-02,-1.344845164567232132e-02,7.480883002281188965e-01,-6.564029455184936523e-01,-7.027512788772583008e-01,1.853744685649871826e-01,4.479538649320602417e-02,1.186077594757080078e+00,-1.027280464768409729e-01,1.776264756917953491e-01,-1.954888105392456055e-01,-1.277946531772613525e-01,-4.911758005619049072e-02,6.601561903953552246e-01,6.561496993526816368e-04,2.966163214296102524e-03,5.906113237142562866e-02,-2.311680018901824951e-01,3.316584229469299316e-01,1.891285777091979980e-01,5.876927375793457031e-01,3.347203135490417480e-01,1.540865540504455566e+00,-4.800307750701904297e-01,-8.598274737596511841e-02,1.130114421248435974e-01,1.154648736119270325e-01,-5.002067089080810547e-01,-1.702881157398223877e-01,5.649243593215942383e-01,5.775470733642578125e-01,-3.279578685760498047e-01,-4.301754236221313477e-01
9.414358437061309814e-02,1.944338083267211914e-01,6.237106919288635254e-01,1.071913838386535645e-01,-2.191360294818878174e-02,7.695257067680358887e-01,-6.291740536689758301e-01,-7.239905595779418945e-01,1.943563073873519897e-01,8.907021582126617432e-02,1.100560069084167480e+00,-7.618478685617446899e-02,1.733906269073486328e-01,-1.652513891458511353e-01,-1.191455200314521790e-01,-7.121267169713973999e-02,6.241148114204406738e-01,-1.838579960167407990e-02,2.273869002237915993e-03,9.266811609268188477e-02,-2.068161666393280029e-01,3.395683765411376953e-01,2.864632308483123779e-01,6.781990528106689453e-01,4.845293164253234863e-01,1.582284569740295410e+00,-5.571398735046386719e-01,-8.980633318424224854e-02,1.277412474155426025e-01,1.606783717870712280e-01,-5.382332205772399902e-01,-2.655526399612426758e-01,5.509091019630432129e-01,6.315542459487915039e-01,-3.624626398086547852e-01,-4.664275050163269043e-01
9.209659695625305176e-02,2.085149437189102173e-01,6.208589673042297363e-01,1.407276391983032227e-01,-4.349788278341293335e-02,7.660725712776184082e-01,-6.256488561630249023e-01,-6.982402801513671875e-01,2.190909236669540405e-01,1.478033214807510376e-01,8.492631316184997559e-01,1.771802082657814026e-02,1.470655202865600586e-01,-1.453667432069778442e-01,-4.871154204010963440e-02,-9.726745635271072388e-02,7.021547555923461914e-01,-1.079067960381507874e-02,-9.951217100024223328e-03,1.327527463436126709e-01,-1.351886987686157227e-01,3.635784089565277100e-01,4.115156829357147217e-01,7.801061272621154785e-01,6.298865675926208496e-01,1.614729285240173340e+00,-5.933823585510253906e-01,-8.906131982803344727e-02,1.119028702378273010e-01,2.154865264892578125e-01,-5.375812053680419922e-01,-3.560712337493896484e-01,5.452376604080200195e-01,7.121083736419677734e-01,-3.796776533126831055e-01,-4.633004963397979736e-01
8.770769089460372925e-02,2.248473167419433594e-01,6.179824471473693848e-01,1.672739982604980469e-01,-6.837562471628189087e-02,7.765892148017883301e-01,-6.035341024398803711e-01,-6.633907556533813477e-01,2.149663418531417847e-01,1.771005988121032715e-01,6.190783977508544922e-01,8.770778775215148926e-02,9.899352490901947021e-02,-1.220208182930946350e-01,2.557630464434623718e-02,-9.348607808351516724e-02,7.410972714424133301e-01,-3.605248034000396729e-02,1.595716690644621849e-03,1.676196902990341187e-01,-6.814182549715042114e-02,3.720571100711822510e-01,5.143635272979736328e-01,8.786280751228332520e-01,7.868903279304504395e-01,1.639045834541320801e+00,-6.432469487190246582e-01,-9.168520569801330566e-02,1.220272332429885864e-01,2.630964815616607666e-01,-5.592820048332214355e-01,-4.291827976703643799e-01,5.129901766777038574e-01,7.527871131896972656e-01,-4.022365212440490723e-01,-4.694522321224212646e-01
8.325355499982833862e-02,2.406369298696517944e-01,6.140426993370056152e-01,1.939742565155029297e-01,-8.792028576135635376e-02,7.828136682510375977e-01,-5.846766233444213867e-01,-6.423016190528869629e-01,2.253464460372924805e-01,2.004352509975433350e-01,4.532429575920104980e-01,1.497334986925125122e-01,6.032891198992729187e-02,-8.828742802143096924e-02,9.094204008579254150e-02,-8.810468018054962158e-02,7.731273770332336426e-01,-4.926071316003799438e-02,1.356516592204570770e-02,2.070035338401794434e-01,-1.798400655388832092e-02,3.782361447811126709e-01,6.139898896217346191e-01,9.699416160583496094e-01,9.498493075370788574e-01,1.641290903091430664e+00,-6.750192046165466309e-01,-1.009368449449539185e-01,1.459977775812149048e-01,3.078828454017639160e-01,-6.034418344497680664e-01,-5.232436060905456543e-01,4.704287946224212646e-01,7.794410586357116699e-01,-4.300335347652435303e-01,-4.743991196155548096e-01
7.937753200531005859e-02,2.557518482208251953e-01,6.101693511009216309e-01,2.146793305873870850e-01,-1.044544652104377747e-01,7.918516993522644043e-01,-5.621147155761718750e-01,-6.195192337036132812e-01,2.302581816911697388e-01,2.005992978811264038e-01,3.485464453697204590e-01,2.062515616416931152e-01,2.181622385978698730e-02,-6.501844525337219238e-02,1.423281580209732056e-01,-8.406956493854522705e-02,8.187603950500488281e-01,-6.350813060998916626e-02,1.278720516711473465e-02,2.464839965105056763e-01,2.111915685236454010e-02,3.739308118820190430e-01,7.123715877532958984e-01,1.061590313911437988e+00,1.135257720947265625e+00,1.610873699188232422e+00,-7.032413482666015625e-01,-1.283016651868820190e-01,2.023068964481353760e-01,3.521445393562316895e-01,-6.975327134132385254e-01,-6.412181258201599121e-01,3.984031379222869873e-01,7.602534890174865723e-01,-4.685026109218597412e-01,-5.231294035911560059e-01
7.597389817237854004e-02,2.692452371120452881e-01,6.064482331275939941e-01,2.267464250326156616e-01,-1.230382919311523438e-01,8.046034574508666992e-01,-5.348466038703918457e-01,-6.102351546287536621e-01,2.226094752550125122e-01,1.869824081659317017e-01,2.797572016716003418e-01,2.405754625797271729e-01,2.479656832292675972e-03,-4.980239644646644592e-02,1.931912004947662354e-01,-5.836836621165275574e-02,8.607252240180969238e-01,-9.619887173175811768e-02,1.063284557312726974e-02,2.755503058433532715e-01,4.898795485496520996e-02,3.652369678020477295e-01,7.870156764984130859e-01,1.136316180229187012e+00,1.293034791946411133e+00,1.567459225654602051e+00,-7.151418328285217285e-01,-1.488624364137649536e-01,2.485828697681427002e-01,3.851895332336425781e-01,-7.996720671653747559e-01,-7.330794334411621094e-01,3.233570754528045654e-01,7.259759902954101562e-01,-4.969237446784973145e-01,-5.605254769325256348e-01
7.311275601387023926e-02,2.800191938877105713e-01,6.039370894432067871e-01,2.346952259540557861e-01,-1.366271227598190308e-01,8.089904785156250000e-01,-5.213305950164794922e-01,-6.000182628631591797e-01,2.265525758266448975e-01,1.818039119243621826e-01,2.576173245906829834e-01,2.552667558193206787e-01,1.547347754240036011e-03,-3.314123302698135376e-02,2.173610031604766846e-01,-5.191668123006820679e-02,8.927704095840454102e-01,-1.005726382136344910e-01,1.161561254411935806e-02,3.028653860092163086e-01,6.951728463172912598e-02,3.486637473106384277e-01,8.564580082893371582e-01,1.191952228546142578e+00,1.406825780868530273e+00,1.511873602867126465e+00,-7.123485803604125977e-01,-1.744287163019180298e-01,2.738303542137145996e-01,4.003470540046691895e-01,-8.752192258834838867e-01,-7.947267293930053711e-01,2.794402539730072021e-01,7.077093720436096191e-01,-5.055119395256042480e-01,-5.762576460838317871e-01
7.139100134372711182e-02,2.893300652503967285e-01,6.031111478805541992e-01,2.369314879179000854e-01,-1.480215191841125488e-01,8.131084442138671875e-01,-5.106934309005737305e-01,-5.915855169296264648e-01,2.316923141479492188e-01,1.660088002681732178e-01,2.440544217824935913e-01,2.580227255821228027e-01,-2.522344235330820084e-03,-3.123551420867443085e-02,2.263116687536239624e-01,-5.214714631438255310e-02,9.352449774742126465e-01,-8.757150173187255859e-02,1.474289223551750183e-02,3.172774612903594971e-01,7.591377198696136475e-02,3.356307446956634521e-01,9.008089900016784668e-01,1.227826356887817383e+00,1.489454746246337891e+00,1.463850617408752441e+00,-7.045856118202209473e-01,-1.929280906915664673e-01,2.996903061866760254e-01,4.076666533946990967e-01,-9.136210083961486816e-01,-8.229946494102478027e-01,2.534568905830383301e-01,6.811853051185607910e-01,-5.126444697380065918e-01,-5.919713377952575684e-01
7.057521492242813110e-02,2.969176471233367920e-01,6.044593453407287598e-01,2.390986233949661255e-01,-1.521630138158798218e-01,8.123958706855773926e-01,-5.095990300178527832e-01,-5.782090425491333008e-01,2.372682541608810425e-01,1.371696591377258301e-01,2.352924644947052002e-01,2.673053145408630371e-01,-7.195115089416503906e-03,-4.693143069744110107e-02,2.216958999633789062e-01,-6.520569324493408203e-02,1.001556634902954102e+00,-4.025734588503837585e-02,2.160886535421013832e-03,3.236472010612487793e-01,8.098796755075454712e-02,3.245680928230285645e-01,9.223886132240295410e-01,1.245824217796325684e+00,1.530051827430725098e+00,1.424151778221130371e+00,-6.971967220306396484e-01,-2.061059176921844482e-01,3.100586235523223877e-01,4.023121297359466553e-01,-9.273403882980346680e-01,-8.250008225440979004e-01,2.360145896673202515e-01,6.526637077331542969e-01,-5.148589611053466797e-01,-6.039599180221557617e-01
7.143299281597137451e-02,3.014250993728637695e-01,6.070566177368164062e-01,2.418124377727508545e-01,-1.544412076473236084e-01,8.085892796516418457e-01,-5.136711001396179199e-01,-5.695808529853820801e-01,2.379794269800186157e-01,1.156180873513221741e-01,2.324601411819458008e-01,2.789975404739379883e-01,-1.553361862897872925e-02,-6.270990520715713501e-02,2.193570435047149658e-01,-7.763728499412536621e-02,1.051097035408020020e+00,5.305630154907703400e-03,-3.771596355363726616e-03,3.196239769458770752e-01,7.916407287120819092e-02,3.179711401462554932e-01,9.244253039360046387e-01,1.235243320465087891e+00,1.530771255493164062e+00,1.417346835136413574e+00,-6.878764629364013672e-01,-2.094806879758834839e-01,3.212809562683105469e-01,3.886177539825439453e-01,-9.101813435554504395e-01,-8.089208006858825684e-01,2.339563071727752686e-01,6.328460574150085449e-01,-5.145385861396789551e-01,-6.208699345588684082e-01
7.413035631179809570e-02,3.034706115722656250e-01,6.107378602027893066e-01,2.461723685264587402e-01,-1.514609456062316895e-01,7.981548905372619629e-01,-5.285901427268981934e-01,-5.585820078849792480e-01,2.379564195871353149e-01,9.959499537944793701e-02,2.333893179893493652e-01,2.995669543743133545e-01,-3.127445280551910400e-02,-7.422704249620437622e-02,2.157771736383438110e-01,-9.184871613979339600e-02,1.089091181755065918e+00,6.275498867034912109e-02,-1.476119644939899445e-02,3.038665354251861572e-01,7.675585150718688965e-02,3.148226737976074219e-01,9.089571237564086914e-01,1.195172190666198730e+00,1.478560805320739746e+00,1.440627455711364746e+00,-6.724295020103454590e-01,-1.948235780000686646e-01,3.161660134792327881e-01,3.721873760223388672e-01,-8.766512274742126465e-01,-7.755703330039978027e-01,2.470548450946807861e-01,6.161115169525146484e-01,-5.057488083839416504e-01,-6.292071938514709473e-01
7.845637202262878418e-02,3.026041090488433838e-01,6.147292256355285645e-01,2.526730895042419434e-01,-1.453160047531127930e-01,7.879422903060913086e-01,-5.423896312713623047e-01,-5.399345755577087402e-01,2.372148633003234863e-01,6.915073096752166748e-02,2.227642834186553955e-01,3.221170306205749512e-01,-5.302044376730918884e-02,-9.615892916917800903e-02,2.235472649335861206e-01,-9.250745177268981934e-02,1.137764573097229004e+00,1.191864460706710815e-01,-1.057428587228059769e-02,2.704002857208251953e-01,7.617247849702835083e-02,3.232730031013488770e-01,8.700670003890991211e-01,1.128638863563537598e+00,1.368697881698608398e+00,1.482862472534179688e+00,-6.485276818275451660e-01,-1.699531376361846924e-01,3.031196892261505127e-01,3.534352481365203857e-01,-8.357044458389282227e-01,-7.297181487083435059e-01,2.788417935371398926e-01,5.853692889213562012e-01,-4.895562827587127686e-01,-6.363314390182495117e-01
8.439749479293823242e-02,2.979362607002258301e-01,6.199624538421630859e-01,2.549817264080047607e-01,-1.275199651718139648e-01,7.668253183364868164e-01,-5.750668644905090332e-01,-5.337820053100585938e-01,2.325990647077560425e-01,4.991769418120384216e-02,2.477245330810546875e-01,3.286830484867095947e-01,-6.703066080808639526e-02,-1.012064740061759949e-01,2.027631700038909912e-01,-9.746874868869781494e-02,1.150918841361999512e+00,1.923621147871017456e-01,-5.466393195092678070e-03,2.265385687351226807e-01,6.251957267522811890e-02,3.364543020725250244e-01,7.810127139091491699e-01,1.014896988868713379e+00,1.149226546287536621e+00,1.520116925239562988e+00,-5.999910831451416016e-01,-1.448717713356018066e-01,2.498226612806320190e-01,3.339481353759765625e-01,-7.830193638801574707e-01,-6.463589072227478027e-01,3.244130909442901611e-01,5.571567416191101074e-01,-4.438811540603637695e-01,-6.088368296623229980e-01
1.013175398111343384e-01,2.537561953067779541e-01,6.235574483871459961e-01,2.440221160650253296e-01,-1.023948937654495239e-01,7.447912096977233887e-01,-6.125802397727966309e-01,-5.196735262870788574e-01,2.255895435810089111e-01,4.252293705940246582e-02,2.870856225490570068e-01,3.091922104358673096e-01,-5.445395782589912415e-02,-1.296839267015457153e-01,1.689914762973785400e-01,-1.074329838156700134e-01,1.112720727920532227e+00,2.117833942174911499e-01,-1.554861944168806076e-02,1.801465153694152832e-01,4.547374323010444641e-02,3.444262444972991943e-01,6.632577776908874512e-01,8.860244154930114746e-01,8.738597035408020020e-01,1.555254578590393066e+00,-5.121908187866210938e-01,-1.271042227745056152e-01,1.692210435867309570e-01,2.879536151885986328e-01,-7.505978941917419434e-01,-5.419754981994628906e-01,3.779244720935821533e-01,5.424171090126037598e-01,-3.948080539703369141e-01,-5.455167889595031738e-01
1.290621310472488403e-01,2.103101909160614014e-01,6.246638298034667969e-01,2.198108732700347900e-01,-7.373011112213134766e-02,7.268121242523193359e-01,-6.465224027633666992e-01,-5.300065279006958008e-01,1.999777108430862427e-01,3.627237305045127869e-02,3.942502737045288086e-01,2.405496984720230103e-01,-2.344618551433086395e-02,-1.412487924098968506e-01,1.274574548006057739e-01,-8.327132463455200195e-02,1.018847584724426270e+00,2.391728907823562622e-01,-5.406536161899566650e-03,1.322187036275863647e-01,2.035808051005005836e-03,3.462509214878082275e-01,5.335066318511962891e-01,7.413948178291320801e-01,6.360521316528320312e-01,1.549558281898498535e+00,-4.573001265525817871e-01,-1.271099895238876343e-01,1.426561772823333740e-01,2.447718530893325806e-01,-7.048286795616149902e-01,-4.458307921886444092e-01,4.396389126777648926e-01,5.326174497604370117e-01,-3.549337685108184814e-01,-4.716830551624298096e-01
1.383916288614273071e-01,1.944827437400817871e-01,6.251757144927978516e-01,1.865337789058685303e-01,-4.394329711794853210e-02,6.992840766906738281e-01,-6.886769533157348633e-01,-5.664768815040588379e-01,1.585038602352142334e-01,4.943057429045438766e-03,6.163638830184936523e-01,1.399381309747695923e-01,2.107805386185646057e-02,-1.405158638954162598e-01,5.694630369544029236e-02,-4.344751685857772827e-02,9.570649862289428711e-01,2.294499725103378296e-01,-2.315015904605388641e-02,7.915604859590530396e-02,-6.120232120156288147e-02,3.290309906005859375e-01,3.897101283073425293e-01,6.304699182510375977e-01,4.524312615394592285e-01,1.513992428779602051e+00,-4.359127879142761230e-01,-1.184047609567642212e-01,1.428471207618713379e-01,1.966930925846099854e-01,-6.699923872947692871e-01,-3.737494647502899170e-01,5.268409848213195801e-01,5.184777975082397461e-01,-3.130239546298980713e-01,-4.435035288333892822e-01
1.462736725807189941e-01,1.789895147085189819e-01,6.225072145462036133e-01,1.424440592527389526e-01,-1.823513396084308624e-02,6.973220705986022949e-01,-7.022243738174438477e-01,-6.069794297218322754e-01,9.934611618518829346e-02,-3.839404135942459106e-02,9.249163269996643066e-01,1.672526821494102478e-02,5.673504993319511414e-02,-1.550741344690322876e-01,-7.611079141497612000e-03,1.457748934626579285e-02,8.402946591377258301e-01,1.158226951956748962e-01,-2.712212875485420227e-02,3.143020719289779663e-02,-1.444489359855651855e-01,2.988969683647155762e-01,2.543438076972961426e-01,5.108570456504821777e-01,3.107513487339019775e-01,1.475311875343322754e+00,-4.478683769702911377e-01,-1.297800838947296143e-01,1.519162803888320923e-01,1.408483684062957764e-01,-6.199029684066772461e-01,-2.829138338565826416e-01,4.816005825996398926e-01,5.147084593772888184e-01,-3.176091313362121582e-01,-3.999702632427215576e-01
1.523255556821823120e-01,1.668660044670104980e-01,6.202161908149719238e-01,1.108395382761955261e-01,-2.090244088321924210e-03,6.708775162696838379e-01,-7.332350015640258789e-01,-5.988305807113647461e-01,5.012589693069458008e-02,-8.113734424114227295e-02,1.130879521369934082e+00,-3.012777492403984070e-02,6.710799783468246460e-02,-1.790536642074584961e-01,-1.413967739790678024e-02,1.007676795125007629e-01,7.817410826683044434e-01,1.006513312458992004e-01,2.815716899931430817e-02,-2.868824638426303864e-02,-1.947150230407714844e-01,2.852500975131988525e-01,1.241096109151840210e-01,4.208588004112243652e-01,1.584354788064956665e-01,1.388063430786132812e+00,-4.407176971435546875e-01,-1.525993347167968750e-01,1.655489355325698853e-01,8.484099805355072021e-02,-5.830746293067932129e-01,-1.969945579767227173e-01,3.845921754837036133e-01,4.820166230201721191e-01,-3.318229913711547852e-01,-3.969832956790924072e-01
1.563207954168319702e-01,1.578220278024673462e-01,6.192459464073181152e-01,8.357604593038558960e-02,1.082122046500444412e-02,6.662183403968811035e-01,-7.409797906875610352e-01,-5.837370157241821289e-01,-3.339678421616554260e-02,-1.448783129453659058e-01,1.279050707817077637e+00,-4.095724970102310181e-02,6.741228699684143066e-02,-1.803080290555953979e-01,-2.884899266064167023e-02,1.792228817939758301e-01,7.178795933723449707e-01,1.149021089076995850e-01,7.232735306024551392e-02,-7.083855569362640381e-02,-2.330529689788818359e-01,2.653549313545227051e-01,-3.619220852851867676e-02,3.546529412269592285e-01,-1.325070206075906754e-02,1.281213760375976562e+00,-4.133622646331787109e-01,-1.793904602527618408e-01,1.647708863019943237e-01,-2.129198517650365829e-03,-5.572652220726013184e-01,-1.036622971296310425e-01,2.093496769666671753e-01,4.191297590732574463e-01,-3.376291990280151367e-01,-3.855010271072387695e-01
1.593932360410690308e-01,1.501095741987228394e-01,6.193453073501586914e-01,5.204620212316513062e-02,2.403693273663520813e-02,6.645128130912780762e-01,-7.450745701789855957e-01,-5.767987370491027832e-01,-1.143110916018486023e-01,-1.824370473623275757e-01,1.453722476959228516e+00,-6.619743257761001587e-02,5.822643637657165527e-02,-1.770670264959335327e-01,-9.013681113719940186e-02,2.193365991115570068e-01,6.198308467864990234e-01,1.734903603792190552e-01,1.046063899993896484e-01,-9.925152361392974854e-02,-2.677634656429290771e-01,2.422586530447006226e-01,-1.961593329906463623e-01,3.172278702259063721e-01,-1.957819312810897827e-01,1.103018999099731445e+00,-3.888111710548400879e-01,-2.084296792745590210e-01,1.641474813222885132e-01,-1.011507362127304077e-01,-5.771921277046203613e-01,-2.626733854413032532e-02,-3.559694066643714905e-02,3.193417787551879883e-01,-3.254340291023254395e-01,-3.578345179557800293e-01
1.612408757209777832e-01,1.449387073516845703e-01,6.208238601684570312e-01,3.130084648728370667e-02,2.321650274097919464e-02,6.879012584686279297e-01,-7.247573137283325195e-01,-5.088642239570617676e-01,-1.876939237117767334e-01,-2.156260460615158081e-01,1.508649110794067383e+00,-5.914992466568946838e-02,3.911629691720008850e-02,-1.934273391962051392e-01,-1.429515033960342407e-01,2.410881668329238892e-01,5.398612618446350098e-01,2.413343191146850586e-01,1.358096450567245483e-01,-1.312945783138275146e-01,-2.722187042236328125e-01,2.284822463989257812e-01,-3.665747344493865967e-01,3.043411076068878174e-01,-3.959727585315704346e-01,9.053155183792114258e-01,-3.367870748043060303e-01,-2.143116891384124756e-01,1.245435252785682678e-01,-2.244378477334976196e-01,-5.972296595573425293e-01,3.303942829370498657e-02,-2.362586408853530884e-01,2.638212144374847412e-01,-3.011173009872436523e-01,-3.025585412979125977e-01
1.625578999519348145e-01,1.409289091825485229e-01,6.227873563766479492e-01,1.293208543211221695e-02,2.364054508507251740e-02,7.124331593513488770e-01,-7.012224197387695312e-01,-4.729037880897521973e-01,-1.866059303283691406e-01,-2.370691001415252686e-01,1.546574592590332031e+00,-7.192378491163253784e-02,5.150819569826126099e-02,-2.010260522365570068e-01,-1.840026080608367920e-01,2.514907419681549072e-01,4.811482727527618408e-01,2.700299024581909180e-01,1.627326756715774536e-01,-1.417556405067443848e-01,-2.695798873901367188e-01,1.991834938526153564e-01,-5.153387188911437988e-01,3.135354220867156982e-01,-5.699324011802673340e-01,6.999015212059020996e-01,-3.178650140762329102e-01,-2.207496017217636108e-01,7.998195290565490723e-02,-3.333363234996795654e-01,-6.452525258064270020e-01,8.554154634475708008e-02,-3.854065835475921631e-01,2.273046076297760010e-01,-2.722567617893218994e-01,-2.313941717147827148e-01
1.625665873289108276e-01,1.392180174589157104e-01,6.253870725631713867e-01,6.326639093458652496e-03,2.225255779922008514e-02,7.090504765510559082e-01,-7.047781348228454590e-01,-4.168002307415008545e-01,-2.188095301389694214e-01,-2.628565430641174316e-01,1.523292660713195801e+00,-8.646474033594131470e-02,3.812891617417335510e-02,-2.244110256433486938e-01,-2.218851149082183838e-01,2.466949820518493652e-01,4.261849820613861084e-01,2.978978753089904785e-01,1.827258616685867310e-01,-1.324378103017807007e-01,-2.558563053607940674e-01,1.771046370267868042e-01,-6.872291564941406250e-01,3.460256159305572510e-01,-7.069849967956542969e-01,5.027942657470703125e-01,-3.029997646808624268e-01,-2.149962633848190308e-01,4.388255998492240906e-02,-4.353407919406890869e-01,-6.895864009857177734e-01,1.164169386029243469e-01,-4.929810762405395508e-01,1.670040339231491089e-01,-2.454105913639068604e-01,-2.135513573884963989e-01
1.630261838436126709e-01,1.375722587108612061e-01,6.266528964042663574e-01,4.294774960726499557e-03,2.093400433659553528e-02,7.074300050735473633e-01,-7.064602971076965332e-01,-3.662892580032348633e-01,-2.067696303129196167e-01,-2.768104374408721924e-01,1.459943652153015137e+00,-9.331902116537094116e-02,3.201607614755630493e-02,-2.393449991941452026e-01,-2.465493828058242798e-01,2.375784367322921753e-01,3.864621222019195557e-01,3.103175461292266846e-01,2.028997540473937988e-01,-1.284378021955490112e-01,-2.434226125478744507e-01,1.517557799816131592e-01,-8.483485579490661621e-01,3.713276386260986328e-01,-8.036882281303405762e-01,3.946157395839691162e-01,-2.831247150897979736e-01,-2.259477227926254272e-01,5.212039127945899963e-02,-5.459884405136108398e-01,-7.399364709854125977e-01,1.717227101325988770e-01,-5.728359818458557129e-01,1.531411707401275635e-01,-2.386578768491744995e-01,-2.092334032058715820e-01
1.642881035804748535e-01,1.343455016613006592e-01,6.284751296043395996e-01,7.347606588155031204e-03,1.677015051245689392e-02,7.148104906082153320e-01,-6.990785002708435059e-01,-3.242256045341491699e-01,-1.742260754108428955e-01,-2.833548486232757568e-01,1.372577428817749023e+00,-8.669970184564590454e-02,4.686189070343971252e-02,-2.596054971218109131e-01,-2.672941982746124268e-01,2.062434405088424683e-01,3.673467934131622314e-01,3.245275914669036865e-01,2.009886503219604492e-01,-1.379838883876800537e-01,-2.201192826032638550e-01,1.427818685770034790e-01,-1.046939015388488770e+00,3.956118226051330566e-01,-8.926123976707458496e-01,2.944631278514862061e-01,-2.810960412025451660e-01,-2.230356931686401367e-01,5.031378567218780518e-02,-6.923914551734924316e-01,-8.047050237655639648e-01,2.444715946912765503e-01,-6.189445257186889648e-01,1.372928023338317871e-01,-2.314235419034957886e-01,-2.066545337438583374e-01
1.482654362916946411e-01,1.301934570074081421e-01,6.314070224761962891e-01,1.465061306953430176e-02,5.827424116432666779e-03,7.364855408668518066e-01,-6.762695312500000000e-01,-2.566158473491668701e-01,-9.863598644733428955e-02,-2.570031285285949707e-01,1.219786405563354492e+00,-7.199276238679885864e-02,4.651486128568649292e-02,-2.774030566215515137e-01,-2.862458229064941406e-01,1.503433734178543091e-01,3.617242574691772461e-01,3.340574800968170166e-01,1.983266770839691162e-01,-1.571273952722549438e-01,-1.839454472064971924e-01,1.270620971918106079e-01,-1.207558035850524902e+00,4.126378297805786133e-01,-9.324819445610046387e-01,2.649188935756683350e-01,-2.549708485603332520e-01,-2.114323079586029053e-01,5.367374420166015625e-02,-8.286389708518981934e-01,-8.341678977012634277e-01,3.179447948932647705e-01,-6.428922414779663086e-01,1.458558589220046997e-01,-2.352615147829055786e-01,-2.237791121006011963e-01
1.493523418903350830e-01,1.253951340913772583e-01,6.360589861869812012e-01,1.338204741477966309e-02,-7.996466010808944702e-03,7.638882994651794434e-01,-6.451601386070251465e-01,-1.928460150957107544e-01,-2.647182345390319824e-02,-2.202268242835998535e-01,1.015661716461181641e+00,-4.820346832275390625e-02,4.744477197527885437e-02,-2.955654859542846680e-01,-3.024610579013824463e-01,1.049426272511482239e-01,3.506996035575866699e-01,3.360126316547393799e-01,1.894236654043197632e-01,-1.768675893545150757e-01,-1.481704860925674438e-01,1.032691225409507751e-01,-1.357708454132080078e+00,4.188174605369567871e-01,-9.882872700691223145e-01,2.211372107267379761e-01,-1.986051946878433228e-01,-2.179462611675262451e-01,6.286412477493286133e-02,-9.121534228324890137e-01,-8.252711296081542969e-01,3.923692107200622559e-01,-6.409334540367126465e-01,1.220802068710327148e-01,-2.371116131544113159e-01,-2.221508622169494629e-01
1.495517194271087646e-01,1.203514784574508667e-01,6.431277394294738770e-01,2.113092876970767975e-02,-3.100965358316898346e-02,7.840053439140319824e-01,-6.196188330650329590e-01,-1.003141552209854126e-01,6.512235105037689209e-02,-1.948695480823516846e-01,7.351490259170532227e-01,-7.902403362095355988e-03,2.122130058705806732e-02,-3.228233158588409424e-01,-2.966436147689819336e-01,5.721043422818183899e-02,3.698115050792694092e-01,3.095610141754150391e-01,1.746375560760498047e-01,-1.975566595792770386e-01,-9.155615419149398804e-02,9.466059505939483643e-02,-1.482587814331054688e+00,4.388498067855834961e-01,-1.028286576271057129e+00,2.056397795677185059e-01,-1.843500733375549316e-01,-2.290519177913665771e-01,8.111579716205596924e-02,-9.773603677749633789e-01,-7.898947000503540039e-01,4.448536932468414307e-01,-6.249254345893859863e-01,1.157920807600021362e-01,-2.502906024456024170e-01,-2.332467734813690186e-01
1.502170562744140625e-01,1.154514849185943604e-01,6.498225331306457520e-01,3.420685976743698120e-02,-4.029731824994087219e-02,7.748731970787048340e-01,-6.299027800559997559e-01,-5.506654083728790283e-02,1.390430927276611328e-01,-1.393023431301116943e-01,5.623810291290283203e-01,1.974493078887462616e-02,-4.331705160439014435e-03,-3.292745649814605713e-01,-2.954213023185729980e-01,-2.289760159328579903e-03,3.808131814002990723e-01,2.881628274917602539e-01,1.694416552782058716e-01,-2.123046666383743286e-01,-4.305416345596313477e-02,9.662581980228424072e-02,-1.586543679237365723e+00,4.445111453533172607e-01,-1.056069612503051758e+00,2.270253151655197144e-01,-1.974017322063446045e-01,-2.310038059949874878e-01,9.438294172286987305e-02,-9.971867799758911133e-01,-7.766857743263244629e-01,4.595904648303985596e-01,-5.905091762542724609e-01,1.192642077803611755e-01,-2.698822617530822754e-01,-2.752526998519897461e-01
1.326178014278411865e-01,1.096783429384231567e-01,6.570837497711181641e-01,4.447425529360771179e-02,-5.585033074021339417e-02,7.815383076667785645e-01,-6.197584867477416992e-01,-2.097307145595550537e-02,1.838852167129516602e-01,-1.019016951322555542e-01,4.122914373874664307e-01,3.042924962937831879e-02,-2.122853696346282959e-02,-3.423518240451812744e-01,-2.811115682125091553e-01,-3.137955069541931152e-02,4.037151336669921875e-01,2.616071701049804688e-01,1.616920530796051025e-01,-2.321688979864120483e-01,-2.928135916590690613e-03,9.599868208169937134e-02,-1.664588093757629395e+00,4.468224644660949707e-01,-1.087653398513793945e+00,2.350962311029434204e-01,-1.872003674507141113e-01,-2.353014200925827026e-01,8.875256031751632690e-02,-1.066187024116516113e+00,-7.616351842880249023e-01,4.664348661899566650e-01,-5.663003921508789062e-01,1.111078038811683655e-01,-2.878005206584930420e-01,-3.094504475593566895e-01
1.337228268384933472e-01,1.048444807529449463e-01,6.639903783798217773e-01,5.070354044437408447e-02,-6.102128699421882629e-02,7.780663371086120605e-01,-6.231518983840942383e-01,-1.415774691849946976e-02,2.113906890153884888e-01,-6.137265637516975403e-02,3.367726802825927734e-01,2.884889766573905945e-02,-3.765901550650596619e-02,-3.480588793754577637e-01,-2.903386354446411133e-01,-6.436019390821456909e-02,4.153437316417694092e-01,2.504418790340423584e-01,1.650579273700714111e-01,-2.403068840503692627e-01,2.231498062610626221e-02,1.057828366756439209e-01,-1.697283029556274414e+00,4.349718391895294189e-01,-1.092720031738281250e+00,2.576404809951782227e-01,-1.955749243497848511e-01,-2.367140352725982666e-01,8.627992123365402222e-02,-1.103651285171508789e+00,-7.576181888580322266e-01,4.643039107322692871e-01,-5.536934137344360352e-01,1.154157891869544983e-01,-2.971550524234771729e-01,-3.217485845088958740e-01
1.187692806124687195e-01,9.941023588180541992e-02,6.721583008766174316e-01,5.926915630698204041e-02,-7.015027850866317749e-02,7.784673571586608887e-01,-6.209304928779602051e-01,-2.714279806241393089e-03,2.277887463569641113e-01,-4.640927910804748535e-02,2.899473905563354492e-01,3.185478597879409790e-02,-5.269608274102210999e-02,-3.615432083606719971e-01,-2.961637377738952637e-01,-9.153155237436294556e-02,4.463812410831451416e-01,2.307611405849456787e-01,1.475203633308410645e-01,-2.506892383098602295e-01,4.710128530859947205e-02,1.242500171065330505e-01,-1.711100816726684570e+00,4.242169857025146484e-01,-1.093894004821777344e+00,2.739817798137664795e-01,-1.980625241994857788e-01,-2.427416592836380005e-01,1.022448316216468811e-01,-1.154951691627502441e+00,-7.692096829414367676e-01,4.460258185863494873e-01,-5.426989793777465820e-01,1.109549030661582947e-01,-3.017854094505310059e-01,-3.521185815334320068e-01
1.222537904977798462e-01,9.365022927522659302e-02,6.803793907165527344e-01,6.387570500373840332e-02,-7.938965409994125366e-02,7.845837473869323730e-01,-6.115926504135131836e-01,-5.941076669842004776e-04,2.268111854791641235e-01,-3.219719603657722473e-02,2.647648155689239502e-01,3.006888553500175476e-02,-5.689405277371406555e-02,-3.681809306144714355e-01,-3.074393570423126221e-01,-1.070807054638862610e-01,4.612575769424438477e-01,2.269241809844970703e-01,1.444963663816452026e-01,-2.604065537452697754e-01,7.085051387548446655e-02,1.504172533750534058e-01,-1.682531476020812988e+00,4.057122766971588135e-01,-1.070780396461486816e+00,2.976346909999847412e-01,-1.761597841978073120e-01,-2.511303424835205078e-01,1.176236197352409363e-01,-1.127317428588867188e+00,-7.659826874732971191e-01,4.413463771343231201e-01,-5.351671576499938965e-01,9.922483563423156738e-02,-3.091188967227935791e-01,-3.389396965503692627e-01
1.277906447649002075e-01,8.813742548227310181e-02,6.894724369049072266e-01,6.935280561447143555e-02,-8.222681283950805664e-02,7.836904525756835938e-01,-6.117664575576782227e-01,-9.066035039722919464e-03,2.189926207065582275e-01,-3.792428970336914062e-02,2.650134861469268799e-01,4.731998965144157410e-02,-6.141428276896476746e-02,-3.769003152847290039e-01,-3.214148283004760742e-01,-1.175567209720611572e-01,4.743357598781585693e-01,2.472338974475860596e-01,1.400871425867080688e-01,-2.606831490993499756e-01,9.271531552076339722e-02,1.858878880739212036e-01,-1.595153689384460449e+00,3.699082434177398682e-01,-1.037012219429016113e+00,3.078377842903137207e-01,-1.701529622077941895e-01,-2.526924908161163330e-01,1.235523596405982971e-01,-1.019965767860412598e+00,-7.519960999488830566e-01,4.268651902675628662e-01,-5.328171253204345703e-01,1.350164115428924561e-01,-3.209246695041656494e-01,-3.336281180381774902e-01
1.169449314475059509e-01,8.317912369966506958e-02,6.988165974617004395e-01,7.339353114366531372e-02,-8.127738535404205322e-02,7.639774084091186523e-01,-6.358820199966430664e-01,-2.108802087604999542e-02,2.073945254087448120e-01,-5.906592309474945068e-02,2.574847638607025146e-01,8.361992985010147095e-02,-6.460251659154891968e-02,-3.888918459415435791e-01,-3.210030794143676758e-01,-9.164527058601379395e-02,4.937355816364288330e-01,2.769456505775451660e-01,1.372157484292984009e-01,-2.644741237163543701e-01,1.215195208787918091e-01,2.274410873651504517e-01,-1.440407156944274902e+00,3.798396885395050049e-01,-1.039211392402648926e+00,3.047461807727813721e-01,-1.289817243814468384e-01,-2.631426155567169189e-01,6.871408224105834961e-02,-8.503801226615905762e-01,-7.485860586166381836e-01,3.806088864803314209e-01,-5.223886370658874512e-01,1.716700047254562378e-01,-3.344117701053619385e-01,-2.831211686134338379e-01
1.082786545157432556e-01,7.757859677076339722e-02,7.078384757041931152e-01,8.037812262773513794e-02,-7.750055193901062012e-02,7.419641017913818359e-01,-6.610766053199768066e-01,-2.724215015769004822e-02,2.084843218326568604e-01,-6.014420837163925171e-02,2.637893855571746826e-01,1.223306506872177124e-01,-7.110143452882766724e-02,-4.118227362632751465e-01,-3.221019208431243896e-01,-8.858268707990646362e-02,5.346000790596008301e-01,2.899964153766632080e-01,1.369606852531433105e-01,-2.574466466903686523e-01,1.315702050924301147e-01,2.580765783786773682e-01,-1.221675753593444824e+00,3.582376241683959961e-01,-9.972080588340759277e-01,3.589189350605010986e-01,-1.378495395183563232e-01,-2.703080475330352783e-01,2.250530011951923370e-02,-6.880125403404235840e-01,-6.558122038841247559e-01,3.479434847831726074e-01,-5.023460984230041504e-01,2.683061063289642334e-01,-3.412987291812896729e-01,-2.076790481805801392e-01
1.185770332813262939e-01,7.108542323112487793e-02,7.154271006584167480e-01,8.413431793451309204e-02,-6.985645741224288940e-02,6.998496651649475098e-01,-7.058696150779724121e-01,-4.335562139749526978e-02,2.076204866170883179e-01,-5.952887237071990967e-02,2.894195914268493652e-01,1.493846178054809570e-01,-7.923520356416702271e-02,-4.328011274337768555e-01,-3.065807223320007324e-01,-8.185035735368728638e-02,5.893355011940002441e-01,2.809749245643615723e-01,1.234294697642326355e-01,-2.391652613878250122e-01,1.243418380618095398e-01,2.735472917556762695e-01,-1.036973476409912109e+00,3.334885835647583008e-01,-9.616152048110961914e-01,4.143749177455902100e-01,-2.256152927875518799e-01,-2.495508939027786255e-01,-1.435569394379854202e-02,-5.921807289123535156e-01,-6.027034521102905273e-01,3.245531320571899414e-01,-4.608603715896606445e-01,3.270855844020843506e-01,-3.257698118686676025e-01,-1.646623909473419189e-01
1.103526875376701355e-01,6.392350047826766968e-02,7.221517562866210938e-01,8.308017253875732422e-02,-6.453651934862136841e-02,6.719202995300292969e-01,-7.331137657165527344e-01,-5.580356717109680176e-02,1.998448669910430908e-01,-7.706390321254730225e-02,3.018862903118133545e-01,1.834701448678970337e-01,-9.693857282400131226e-02,-4.635004699230194092e-01,-2.952972352504730225e-01,-9.105428308248519897e-02,6.730316877365112305e-01,2.703711092472076416e-01,1.238113790750503540e-01,-2.426032274961471558e-01,1.286642104387283325e-01,3.019032478332519531e-01,-8.268895745277404785e-01,3.135287761688232422e-01,-8.889970183372497559e-01,5.400604605674743652e-01,-2.398722469806671143e-01,-2.289433777332305908e-01,-4.494093731045722961e-02,-4.403862655162811279e-01,-5.428679585456848145e-01,2.753595113754272461e-01,-3.778909146785736084e-01,3.963904678821563721e-01,-3.217713534832000732e-01,-1.464954465627670288e-01
1.218903288245201111e-01,5.760081112384796143e-02,7.268529534339904785e-01,8.421713858842849731e-02,-5.819446966052055359e-02,6.404422521591186523e-01,-7.611534595489501953e-01,-9.026100486516952515e-02,2.013411223888397217e-01,-8.860062807798385620e-02,3.728125691413879395e-01,1.910060495138168335e-01,-1.008532717823982239e-01,-4.923501610755920410e-01,-2.501564919948577881e-01,-4.998497664928436279e-02,7.934148907661437988e-01,2.400895953178405762e-01,1.210793852806091309e-01,-2.566097080707550049e-01,1.097508370876312256e-01,3.233211040496826172e-01,-6.185573935508728027e-01,2.704079747200012207e-01,-7.702161073684692383e-01,7.361918687820434570e-01,-2.648075819015502930e-01,-1.927677989006042480e-01,-3.073642961680889130e-02,-3.465540409088134766e-01,-4.773697555065155029e-01,2.460661083459854126e-01,-2.436341941356658936e-01,4.407842159271240234e-01,-3.148912191390991211e-01,-1.587008088827133179e-01
1.164456829428672791e-01,5.125557258725166321e-02,7.304193973541259766e-01,7.771509885787963867e-02,-4.686630889773368835e-02,6.205229759216308594e-01,-7.789192199707031250e-01,-1.418061107397079468e-01,1.892113536596298218e-01,-8.473812788724899292e-02,4.847695529460906982e-01,1.629907786846160889e-01,-9.654293209314346313e-02,-5.206583142280578613e-01,-2.255450487136840820e-01,-3.370659798383712769e-02,8.924931287765502930e-01,2.017293870449066162e-01,9.805792570114135742e-02,-2.661151289939880371e-01,8.040031045675277710e-02,3.325348496437072754e-01,-4.232587516307830811e-01,2.444864213466644287e-01,-6.267246007919311523e-01,9.439300298690795898e-01,-3.141375184059143066e-01,-1.700384020805358887e-01,-3.063097409904003143e-02,-2.425756305456161499e-01,-4.503395855426788330e-01,1.746953874826431274e-01,-1.143767461180686951e-01,4.602859020233154297e-01,-3.064036965370178223e-01,-2.100144773721694946e-01
1.094512343406677246e-01,4.556137695908546448e-02,7.334834337234497070e-01,7.472752034664154053e-02,-3.330313414335250854e-02,6.059320569038391113e-01,-7.912983298301696777e-01,-1.846980452537536621e-01,1.766977310180664062e-01,-7.341117411851882935e-02,5.939235091209411621e-01,1.335366964340209961e-01,-8.507379889488220215e-02,-5.475840568542480469e-01,-2.139620035886764526e-01,-3.313671424984931946e-02,9.835538268089294434e-01,1.743220239877700806e-01,7.116472721099853516e-02,-2.673875093460083008e-01,6.035688146948814392e-02,3.353008627891540527e-01,-2.603879570960998535e-01,2.524396181106567383e-01,-4.605179727077484131e-01,1.123746037483215332e+00,-3.443158864974975586e-01,-1.506521552801132202e-01,-1.878631487488746643e-02,-1.557221263647079468e-01,-4.578971564769744873e-01,7.392778247594833374e-02,1.018104143440723419e-02,4.521297812461853027e-01,-2.996755838394165039e-01,-2.803051173686981201e-01
1.189640611410140991e-01,4.075527936220169067e-02,7.355898022651672363e-01,6.531498581171035767e-02,-2.323743514716625214e-02,5.950354933738708496e-01,-8.007039427757263184e-01,-2.279958575963973999e-01,1.627862006425857544e-01,-6.098741665482521057e-02,6.855843067169189453e-01,1.108609065413475037e-01,-7.077100872993469238e-02,-5.457404255867004395e-01,-1.874875575304031372e-01,-2.158876881003379822e-02,1.003399610519409180e+00,1.726198494434356689e-01,7.643021643161773682e-02,-2.715031504631042480e-01,4.777121543884277344e-02,3.311892747879028320e-01,-1.060679703950881958e-01,2.756741642951965332e-01,-3.228600621223449707e-01,1.212166070938110352e+00,-4.138037562370300293e-01,-1.314267069101333618e-01,-2.372395060956478119e-02,-8.270110189914703369e-02,-4.783109128475189209e-01,-2.520678006112575531e-02,1.120458990335464478e-01,4.683640003204345703e-01,-3.043924868106842041e-01,-3.390614986419677734e-01
1.087376549839973450e-01,3.753009438514709473e-02,7.387169003486633301e-01,5.875755101442337036e-02,-1.600372977554798126e-02,5.898363590240478516e-01,-8.052232265472412109e-01,-2.516382336616516113e-01,1.464262008666992188e-01,-4.646954312920570374e-02,7.255589365959167480e-01,8.427584916353225708e-02,-4.657762125134468079e-02,-5.416585206985473633e-01,-1.922948658466339111e-01,-3.146555274724960327e-02,9.743255972862243652e-01,1.774068176746368408e-01,6.377363204956054688e-02,-2.760566174983978271e-01,4.719566926360130310e-02,3.282858133316040039e-01,1.332193333655595779e-02,3.274013698101043701e-01,-2.024712562561035156e-01,1.265450358390808105e+00,-4.582438468933105469e-01,-1.271173208951950073e-01,-2.458897419273853302e-02,-9.593388997018337250e-03,-5.279542803764343262e-01,-1.491753011941909790e-01,1.546413749456405640e-01,4.471161067485809326e-01,-3.271058499813079834e-01,-4.128316938877105713e-01
9.793418645858764648e-02,3.538324683904647827e-02,7.422249913215637207e-01,5.453122034668922424e-02,-6.847668439149856567e-03,5.908514857292175293e-01,-8.049061894416809082e-01,-2.608858048915863037e-01,1.269578635692596436e-01,-3.142336755990982056e-02,7.524850964546203613e-01,6.400805711746215820e-02,-3.117358498275279999e-02,-5.256472826004028320e-01,-1.942332237958908081e-01,-4.066624864935874939e-02,9.251710772514343262e-01,1.856728494167327881e-01,7.363971322774887085e-02,-2.648220062255859375e-01,4.897447302937507629e-02,3.241131901741027832e-01,1.277405619621276855e-01,3.973329365253448486e-01,-6.382410973310470581e-02,1.297929644584655762e+00,-5.308798551559448242e-01,-1.096260771155357361e-01,-3.491999581456184387e-02,4.766305536031723022e-02,-5.802391767501831055e-01,-2.727484405040740967e-01,1.978879421949386597e-01,4.514332711696624756e-01,-3.275708854198455811e-01,-4.601578116416931152e-01
1.019630655646324158e-01,3.440824896097183228e-02,7.466173768043518066e-01,4.815024510025978088e-02,-7.651880150660872459e-04,6.014462709426879883e-01,-7.974605560302734375e-01,-2.492316216230392456e-01,1.031010821461677551e-01,5.300303382682614028e-05,7.205791473388671875e-01,9.584295004606246948e-02,-3.647328913211822510e-02,-4.900054037570953369e-01,-2.030504345893859863e-01,-6.782385706901550293e-02,8.314411640167236328e-01,2.193783819675445557e-01,7.348189502954483032e-02,-2.561048567295074463e-01,6.141417101025581360e-02,3.030475974082946777e-01,2.357560396194458008e-01,4.972877204418182373e-01,7.286383956670761108e-02,1.310118436813354492e+00,-5.962240695953369141e-01,-1.103001236915588379e-01,-4.413977265357971191e-02,9.401696175336837769e-02,-6.420766115188598633e-01,-3.816281259059906006e-01,2.337824255228042603e-01,4.255858957767486572e-01,-3.238569498062133789e-01,-5.089445114135742188e-01
8.733792603015899658e-02,3.433339670300483704e-02,7.513045668601989746e-01,4.910449683666229248e-02,-5.567206535488367081e-03,6.244767904281616211e-01,-7.794783115386962891e-01,-2.177453488111495972e-01,8.919841051101684570e-02,2.290108241140842438e-02,6.498209238052368164e-01,1.100126877427101135e-01,-3.547916561365127563e-02,-4.536979496479034424e-01,-2.044990062713623047e-01,-8.948054909706115723e-02,7.598689794540405273e-01,2.389383763074874878e-01,6.942529976367950439e-02,-2.398622781038284302e-01,8.897054195404052734e-02,2.874827980995178223e-01,3.471404612064361572e-01,6.361004710197448730e-01,2.445051074028015137e-01,1.304308652877807617e+00,-7.151238918304443359e-01,-1.139477267861366272e-01,-3.143199160695075989e-02,1.060251742601394653e-01,-7.171679139137268066e-01,-4.610141813755035400e-01,2.282566726207733154e-01,4.309281110763549805e-01,-3.350621163845062256e-01,-5.422782301902770996e-01
8.685585111379623413e-02,3.595891594886779785e-02,7.557048201560974121e-01,3.983262181282043457e-02,2.328255679458379745e-03,6.352923512458801270e-01,-7.712402343750000000e-01,-1.884838193655014038e-01,5.948230624198913574e-02,4.912921786308288574e-02,5.925332903861999512e-01,1.690992116928100586e-01,-5.847080424427986145e-02,-4.074226021766662598e-01,-2.221763283014297485e-01,-1.306454539299011230e-01,6.152040958404541016e-01,2.611895799636840820e-01,6.792332977056503296e-02,-2.197444289922714233e-01,1.102191507816314697e-01,2.617363929748535156e-01,4.160716533660888672e-01,7.932645082473754883e-01,4.390662312507629395e-01,1.283053278923034668e+00,-8.234116435050964355e-01,-1.380331218242645264e-01,2.357057668268680573e-02,1.344053000211715698e-01,-7.967446446418762207e-01,-5.309762358665466309e-01,2.292935997247695923e-01,4.062345921993255615e-01,-3.394406437873840332e-01,-5.921111106872558594e-01
6.953760981559753418e-02,3.748657926917076111e-02,7.596040964126586914e-01,3.576312586665153503e-02,5.905356723815202713e-03,6.512442827224731445e-01,-7.580019831657409668e-01,-1.644676774740219116e-01,3.952610492706298828e-02,7.074855268001556396e-02,5.433132052421569824e-01,1.659044027328491211e-01,-5.098788812756538391e-02,-3.641742467880249023e-01,-2.218850106000900269e-01,-1.378497332334518433e-01,5.314531922340393066e-01,2.854107618331909180e-01,7.996234297752380371e-02,-1.991620063781738281e-01,1.206486821174621582e-01,2.379657924175262451e-01,4.813135266304016113e-01,9.493619203567504883e-01,6.296334862709045410e-01,1.229967713356018066e+00,-9.299782514572143555e-01,-1.727803051471710205e-01,7.653016597032546997e-02,1.435201466083526611e-01,-8.831922411918640137e-01,-5.864027738571166992e-01,2.123118340969085693e-01,4.144012629985809326e-01,-3.565374612808227539e-01,-6.259230971336364746e-01
6.851396709680557251e-02,4.011049121618270874e-02,7.632608413696289062e-01,3.306024149060249329e-02,1.062139216810464859e-02,6.509135365486145020e-01,-7.583572864532470703e-01,-1.415444165468215942e-01,2.736506983637809753e-02,8.316715806722640991e-02,5.064761042594909668e-01,2.180173099040985107e-01,-8.055934309959411621e-02,-3.258194327354431152e-01,-2.187493741512298584e-01,-1.418335586786270142e-01,4.635589420795440674e-01,2.910759449005126953e-01,6.996056437492370605e-02,-1.813176125288009644e-01,1.342338770627975464e-01,2.070303410291671753e-01,5.017258524894714355e-01,1.098142266273498535e+00,8.309898376464843750e-01,1.179391026496887207e+00,-1.008631229400634766e+00,-2.109453827142715454e-01,1.427212506532669067e-01,1.904473602771759033e-01,-9.638919234275817871e-01,-6.609069108963012695e-01,2.468490600585937500e-01,3.994526565074920654e-01,-3.621580600738525391e-01,-6.640379428863525391e-01
4.950337857007980347e-02,4.376577213406562805e-02,7.661525011062622070e-01,2.980631776154041290e-02,1.658758334815502167e-02,6.606571674346923828e-01,-7.499123811721801758e-01,-1.173364147543907166e-01,9.773664176464080811e-03,9.361275285482406616e-02,4.720450341701507568e-01,2.046183645725250244e-01,-7.646206021308898926e-02,-2.876617014408111572e-01,-2.180479615926742554e-01,-1.317690759897232056e-01,3.984848260879516602e-01,3.079447746276855469e-01,8.331746608018875122e-02,-1.723926216363906860e-01,1.342606395483016968e-01,1.678605079650878906e-01,4.788481593132019043e-01,1.263861060142517090e+00,9.900511503219604492e-01,1.096234321594238281e+00,-1.080708384513854980e+00,-2.629575133323669434e-01,2.044509947299957275e-01,2.025551795959472656e-01,-1.077677845954895020e+00,-7.062004804611206055e-01,2.584848403930664062e-01,3.875272274017333984e-01,-3.717242777347564697e-01,-7.030805945396423340e-01
4.766581580042839050e-02,4.900323972105979919e-02,7.691470384597778320e-01,3.798874095082283020e-02,1.454548537731170654e-02,6.665557026863098145e-01,-7.443445324897766113e-01,-9.792473167181015015e-02,6.262179464101791382e-03,7.985260337591171265e-02,4.344605803489685059e-01,2.591218352317810059e-01,-9.814342111349105835e-02,-2.762572169303894043e-01,-2.092325985431671143e-01,-1.268308758735656738e-01,3.765173256397247314e-01,3.244953751564025879e-01,8.527418971061706543e-02,-1.588280349969863892e-01,1.424832940101623535e-01,1.470308005809783936e-01,4.603065848350524902e-01,1.376718759536743164e+00,1.087815046310424805e+00,1.005444049835205078e+00,-1.125042438507080078e+00,-2.878440320491790771e-01,2.294345945119857788e-01,2.008469700813293457e-01,-1.132238149642944336e+00,-7.447761893272399902e-01,2.989491820335388184e-01,4.259873926639556885e-01,-3.741953074932098389e-01,-7.038292884826660156e-01
4.526576772332191467e-02,5.359634757041931152e-02,7.713646292686462402e-01,3.794788941740989685e-02,1.719393022358417511e-02,6.715674400329589844e-01,-7.397712469100952148e-01,-8.058230578899383545e-02,-5.551167763769626617e-03,8.055443316698074341e-02,4.052355885505676270e-01,2.825924754142761230e-01,-1.062603518366813660e-01,-2.544058561325073242e-01,-2.146583646535873413e-01,-1.535394191741943359e-01,3.455781936645507812e-01,3.545106649398803711e-01,8.334591239690780640e-02,-1.521564275026321411e-01,1.340361833572387695e-01,1.240087598562240601e-01,4.524453580379486084e-01,1.472128272056579590e+00,1.139542698860168457e+00,9.458801150321960449e-01,-1.105120420455932617e+00,-3.043580651283264160e-01,2.292180210351943970e-01,2.118519246578216553e-01,-1.207677721977233887e+00,-7.815048098564147949e-01,3.261510431766510010e-01,4.419289827346801758e-01,-3.765702247619628906e-01,-6.956087350845336914e-01
4.329105094075202942e-02,5.694587901234626770e-02,7.728812694549560547e-01,3.705233708024024963e-02,2.311411127448081970e-02,6.679778099060058594e-01,-7.428987026214599609e-01,-7.299780100584030151e-02,-1.620241254568099976e-02,8.276140689849853516e-02,3.985628485679626465e-01,3.008656799793243408e-01,-1.362261772155761719e-01,-2.442430406808853149e-01,-2.156210392713546753e-01,-1.661181747913360596e-01,3.230872154235839844e-01,3.608255982398986816e-01,8.931596577167510986e-02,-1.431285738945007324e-01,1.190532892942428589e-01,1.073902919888496399e-01,4.488276243209838867e-01,1.545348525047302246e+00,1.183955907821655273e+00,8.930360674858093262e-01,-1.063910841941833496e+00,-3.270984888076782227e-01,2.550972998142242432e-01,2.356779277324676514e-01,-1.285624861717224121e+00,-8.401032686233520508e-01,3.780656158924102783e-01,4.349251985549926758e-01,-3.729235827922821045e-01,-7.082765102386474609e-01
3.675708919763565063e-02,5.998304858803749084e-02,7.739207744598388672e-01,3.209228441119194031e-02,3.128481656312942505e-02,6.751168966293334961e-01,-7.363480925559997559e-01,-8.266566693782806396e-02,-3.196914866566658020e-02,9.598997980356216431e-02,4.340864717960357666e-01,2.960658073425292969e-01,-1.388490498065948486e-01,-2.317007780075073242e-01,-2.306819707155227661e-01,-1.696572750806808472e-01,3.118940889835357666e-01,3.561318814754486084e-01,8.544776588678359985e-02,-1.417969912290573120e-01,9.018656611442565918e-02,1.059139743447303772e-01,4.377863109111785889e-01,1.576917409896850586e+00,1.194067120552062988e+00,8.549529910087585449e-01,-1.020271778106689453e+00,-3.342585265636444092e-01,2.707548439502716064e-01,2.422709614038467407e-01,-1.351164698600769043e+00,-8.671621084213256836e-01,4.032986760139465332e-01,4.145179092884063721e-01,-3.748791515827178955e-01,-7.099234461784362793e-01
1.972349360585212708e-02,6.353286653757095337e-02,7.745168209075927734e-01,2.895537205040454865e-02,4.038913175463676453e-02,6.678311228752136230e-01,-7.426519393920898438e-01,-8.724029362201690674e-02,-4.398741573095321655e-02,1.072355210781097412e-01,4.694525301456451416e-01,2.424764931201934814e-01,-1.208195462822914124e-01,-2.227069586515426636e-01,-2.546452283859252930e-01,-1.865640878677368164e-01,2.972203493118286133e-01,3.551315665245056152e-01,8.088277280330657959e-02,-1.435562223196029663e-01,6.243160739541053772e-02,1.021515503525733948e-01,4.504373967647552490e-01,1.562468528747558594e+00,1.181687355041503906e+00,8.441210985183715820e-01,-9.982025623321533203e-01,-3.289717137813568115e-01,2.772817015647888184e-01,2.662827372550964355e-01,-1.393002033233642578e+00,-9.030531644821166992e-01,4.354846477508544922e-01,3.934620320796966553e-01,-3.681845664978027344e-01,-7.147398591041564941e-01
1.222965680062770844e-02,7.258309423923492432e-02,7.755137681961059570e-01,2.358755469322204590e-02,4.890902712941169739e-02,6.679937243461608887e-01,-7.421832084655761719e-01,-9.470757097005844116e-02,-6.592834740877151489e-02,9.597896784543991089e-02,5.162267088890075684e-01,2.475418746471405029e-01,-1.305319815874099731e-01,-2.136843949556350708e-01,-2.647188305854797363e-01,-1.803762018680572510e-01,2.892329394817352295e-01,3.875906765460968018e-01,9.049525856971740723e-02,-1.504082679748535156e-01,3.573071211576461792e-02,1.049488037824630737e-01,4.638659656047821045e-01,1.511443614959716797e+00,1.135297536849975586e+00,8.407687544822692871e-01,-9.706873893737792969e-01,-3.175421059131622314e-01,2.680324912071228027e-01,2.864784002304077148e-01,-1.389940977096557617e+00,-9.176026582717895508e-01,4.450682997703552246e-01,3.667964339256286621e-01,-3.661403357982635498e-01,-7.262567877769470215e-01
1.252046320587396622e-02,7.607016712427139282e-02,7.758548259735107422e-01,2.024208940565586090e-02,5.581381916999816895e-02,6.559321284294128418e-01,-7.524813413619995117e-01,-1.118496805429458618e-01,-8.023811131715774536e-02,8.962281793355941772e-02,5.711131095886230469e-01,2.743949294090270996e-01,-1.538663208484649658e-01,-2.030880749225616455e-01,-2.831833660602569580e-01,-1.768221855163574219e-01,2.677549123764038086e-01,4.141404926776885986e-01,9.370397776365280151e-02,-1.656963974237442017e-01,1.414300501346588135e-02,1.203291043639183044e-01,4.776759445667266846e-01,1.420084595680236816e+00,1.069039821624755859e+00,8.793801665306091309e-01,-9.171213507652282715e-01,-3.064569234848022461e-01,2.476180940866470337e-01,3.134148716926574707e-01,-1.342252373695373535e+00,-9.301019906997680664e-01,4.564553499221801758e-01,3.226633369922637939e-01,-3.575612306594848633e-01,-7.249268293380737305e-01
1.375102438032627106e-02,7.859016209840774536e-02,7.755515575408935547e-01,1.585152931511402130e-02,5.525161325931549072e-02,6.555930972099304199e-01,-7.529234290122985840e-01,-1.361105144023895264e-01,-7.315749675035476685e-02,1.047314628958702087e-01,6.224208474159240723e-01,2.699464857578277588e-01,-1.466359347105026245e-01,-1.987005770206451416e-01,-2.831470072269439697e-01,-1.530176699161529541e-01,2.836511731147766113e-01,4.290669262409210205e-01,1.039676070213317871e-01,-1.707622408866882324e-01,-5.897632334381341934e-03,1.356666237115859985e-01,4.820079803466796875e-01,1.250673532485961914e+00,9.120419025421142578e-01,9.111581444740295410e-01,-8.648561239242553711e-01,-2.912671864032745361e-01,1.951605975627899170e-01,3.204393386840820312e-01,-1.236874580383300781e+00,-8.891161680221557617e-01,4.279401302337646484e-01,2.766549885272979736e-01,-3.448306322097778320e-01,-6.888353228569030762e-01
1.469412818551063538e-02,8.248849213123321533e-02,7.756171822547912598e-01,1.351785380393266678e-02,5.681683868169784546e-02,6.306287646293640137e-01,-7.738840579986572266e-01,-1.488319635391235352e-01,-7.640521228313446045e-02,9.625630080699920654e-02,6.642633080482482910e-01,2.632949352264404297e-01,-1.325704008340835571e-01,-2.028456926345825195e-01,-2.775389850139617920e-01,-1.369059532880783081e-01,3.127569258213043213e-01,4.253850281238555908e-01,9.595602005720138550e-02,-1.781442016363143921e-01,-1.033155061304569244e-02,1.476248949766159058e-01,4.911403357982635498e-01,1.056585192680358887e+00,7.142688035964965820e-01,9.908892512321472168e-01,-7.677366733551025391e-01,-2.477319687604904175e-01,1.235956251621246338e-01,3.591165542602539062e-01,-1.121407032012939453e+00,-8.433407545089721680e-01,3.934602141380310059e-01,2.196398377418518066e-01,-3.021788299083709717e-01,-6.444379091262817383e-01
1.697246916592121124e-02,8.586594462394714355e-02,7.758490443229675293e-01,1.288878358900547028e-02,4.855554923415184021e-02,6.233140826225280762e-01,-7.803562283515930176e-01,-1.611134409904479980e-01,-5.511994287371635437e-02,9.970911592245101929e-02,6.886718273162841797e-01,2.338295876979827881e-01,-1.003175601363182068e-01,-2.189200818538665771e-01,-2.698498070240020752e-01,-1.420684754848480225e-01,3.733245134353637695e-01,4.315267205238342285e-01,9.656514972448348999e-02,-1.853529214859008789e-01,-9.225223213434219360e-03,1.539563387632369995e-01,4.315354228019714355e-01,8.699509501457214355e-01,4.573379158973693848e-01,1.038222312927246094e+00,-6.577012538909912109e-01,-2.175754159688949585e-01,5.701309815049171448e-02,3.111628592014312744e-01,-9.682564735412597656e-01,-7.040148973464965820e-01,3.176127076148986816e-01,1.932263821363449097e-01,-2.767754495143890381e-01,-5.753679275512695312e-01
1.821946538984775543e-02,8.898991346359252930e-02,7.762226462364196777e-01,1.814670488238334656e-02,3.812393173575401306e-02,6.178618669509887695e-01,-7.851521968841552734e-01,-1.764145046472549438e-01,-2.097647078335285187e-02,9.409377723932266235e-02,7.086839079856872559e-01,1.845947057008743286e-01,-7.245020568370819092e-02,-2.543253600597381592e-01,-2.711394429206848145e-01,-1.451143920421600342e-01,4.400025308132171631e-01,3.996433019638061523e-01,8.964975178241729736e-02,-1.985585391521453857e-01,-1.175105385482311249e-02,1.688083559274673462e-01,3.573088049888610840e-01,6.922674179077148438e-01,2.809639871120452881e-01,1.049928784370422363e+00,-6.259931921958923340e-01,-1.983337700366973877e-01,3.602011129260063171e-02,2.561733424663543701e-01,-8.163968324661254883e-01,-5.900448560714721680e-01,1.944367885589599609e-01,2.010252177715301514e-01,-2.688179910182952881e-01,-5.549821853637695312e-01
1.913964748382568359e-02,9.249996393918991089e-02,7.765445113182067871e-01,2.524933405220508575e-02,2.993521280586719513e-02,6.061264872550964355e-01,-7.944035530090332031e-01,-1.957144588232040405e-01,-1.331097097136080265e-03,5.202933773398399353e-02,7.449956536293029785e-01,1.328634023666381836e-01,-5.081278458237648010e-02,-2.928101718425750732e-01,-2.586995363235473633e-01,-1.162721589207649231e-01,5.316283106803894043e-01,3.758583962917327881e-01,9.012386202812194824e-02,-2.170193791389465332e-01,-2.211971767246723175e-02,1.893717795610427856e-01,2.464040219783782959e-01,5.469169020652770996e-01,6.660402566194534302e-02,1.013231396675109863e+00,-5.969670414924621582e-01,-1.745638996362686157e-01,-6.937395781278610229e-03,1.938843727111816406e-01,-6.595235466957092285e-01,-4.571870267391204834e-01,1.902163773775100708e-02,2.522069513797760010e-01,-2.790625095367431641e-01,-5.015222430229187012e-01
1.860344782471656799e-02,9.564188122749328613e-02,7.769970893859863281e-01,3.739434108138084412e-02,1.970159634947776794e-02,5.898910164833068848e-01,-8.063758611679077148e-01,-1.981672048568725586e-01,2.423141710460186005e-02,6.827275734394788742e-03,7.450917959213256836e-01,1.058038547635078430e-01,-3.231751173734664917e-02,-3.454023897647857666e-01,-2.453258186578750610e-01,-1.159470677375793457e-01,6.605524420738220215e-01,3.420608639717102051e-01,8.222106844186782837e-02,-2.258681207895278931e-01,-1.561146322637796402e-02,2.064458131790161133e-01,1.096630096435546875e-01,4.362820088863372803e-01,-1.361797600984573364e-01,9.724793434143066406e-01,-5.595819354057312012e-01,-1.711403578519821167e-01,-2.453749626874923706e-02,1.279301047325134277e-01,-5.430080890655517578e-01,-3.284449279308319092e-01,-1.760831028223037720e-01,2.828253209590911865e-01,-2.954680025577545166e-01,-4.550186097621917725e-01
1.762191951274871826e-02,9.810526669025421143e-02,7.778948545455932617e-01,5.657456815242767334e-02,3.943713847547769547e-03,5.864095091819763184e-01,-8.080270290374755859e-01,-1.934537142515182495e-01,5.775497853755950928e-02,-4.679678007960319519e-02,7.262061238288879395e-01,1.091128140687942505e-01,-2.938291057944297791e-02,-3.979475796222686768e-01,-2.238275110721588135e-01,-9.853176027536392212e-02,8.175191879272460938e-01,3.002520799636840820e-01,6.394292414188385010e-02,-2.373322844505310059e-01,-7.413162849843502045e-03,2.194932252168655396e-01,-3.817629069089889526e-02,3.681904375553131104e-01,-3.346723020076751709e-01,8.942876458168029785e-01,-5.213539004325866699e-01,-1.640976816415786743e-01,-4.258598014712333679e-02,4.051232710480690002e-02,-4.630376100540161133e-01,-1.859629005193710327e-01,-3.395106196403503418e-01,3.696755766868591309e-01,-3.259645402431488037e-01,-3.763204216957092285e-01
1.452043186873197556e-02,9.966317564249038696e-02,7.782347202301025391e-01,7.952707260847091675e-02,-1.800632104277610779e-02,5.839452147483825684e-01,-8.076875805854797363e-01,-1.617710590362548828e-01,1.047704517841339111e-01,-8.356394618749618530e-02,6.092148423194885254e-01,1.335372179746627808e-01,-1.564072631299495697e-02,-4.604635238647460938e-01,-2.027125209569931030e-01,-9.076092392206192017e-02,9.425984621047973633e-01,2.806983590126037598e-01,6.751348823308944702e-02,-2.356263101100921631e-01,1.382200140506029129e-02,2.311692386865615845e-01,-2.277567684650421143e-01,3.631951808929443359e-01,-5.587778091430664062e-01,7.489259839057922363e-01,-5.003475546836853027e-01,-1.713911592960357666e-01,-6.378941982984542847e-02,-5.773667991161346436e-02,-4.694742262363433838e-01,-5.704415217041969299e-02,-4.899692833423614502e-01,3.984170258045196533e-01,-3.327212035655975342e-01,-2.843055725097656250e-01
1.290246937423944473e-02,1.002480462193489075e-01,7.781005501747131348e-01,9.291970729827880859e-02,-3.533057868480682373e-02,5.939912199974060059e-01,-7.983057498931884766e-01,-1.537071615457534790e-01,1.308365166187286377e-01,-1.033839583396911621e-01,5.536016821861267090e-01,1.562756448984146118e-01,-2.798465080559253693e-02,-4.806621968746185303e-01,-1.744920313358306885e-01,-8.000425249338150024e-02,1.021836519241333008e+00,2.639504671096801758e-01,7.812464237213134766e-02,-2.236022800207138062e-01,3.314401954412460327e-02,2.346062064170837402e-01,-3.837173879146575928e-01,3.643571138381958008e-01,-7.256992459297180176e-01,5.768537521362304688e-01,-5.204014182090759277e-01,-1.735920310020446777e-01,-1.184612959623336792e-01,-1.805684119462966919e-01,-5.046576261520385742e-01,3.762577101588249207e-02,-5.965254306793212891e-01,4.627062380313873291e-01,-3.303925096988677979e-01,-1.724719256162643433e-01
8.947853930294513702e-03,1.015246361494064331e-01,7.776428461074829102e-01,1.012336537241935730e-01,-5.200778320431709290e-02,6.019852757453918457e-01,-7.903547883033752441e-01,-1.166624426841735840e-01,1.608760356903076172e-01,-1.206312254071235657e-01,4.384582936763763428e-01,1.918697655200958252e-01,-3.945152834057807922e-02,-4.918361008167266846e-01,-1.753378659486770630e-01,-1.034482568502426147e-01,1.038306593894958496e+00,2.819471359252929688e-01,9.210573881864547729e-02,-1.927266269922256470e-01,5.411936342716217041e-02,2.101815491914749146e-01,-5.585947632789611816e-01,4.007386267185211182e-01,-8.618100285530090332e-01,4.417525231838226318e-01,-5.301975011825561523e-01,-1.757784932851791382e-01,-1.647081822156906128e-01,-3.285129368305206299e-01,-5.410987734794616699e-01,1.601983010768890381e-01,-6.587711572647094727e-01,5.256823897361755371e-01,-3.262968659400939941e-01,-9.527502954006195068e-02
5.257824435830116272e-03,1.023349538445472717e-01,7.763641476631164551e-01,1.044562309980392456e-01,-6.116381660103797913e-02,6.175509095191955566e-01,-7.771607041358947754e-01,-8.808214962482452393e-02,1.838128864765167236e-01,-1.254602074623107910e-01,3.553258776664733887e-01,2.073673158884048462e-01,-5.594828352332115173e-02,-4.932656884193420410e-01,-1.672526001930236816e-01,-1.107017993927001953e-01,1.042075634002685547e+00,2.742851972579956055e-01,1.049645841121673584e-01,-1.730926036834716797e-01,6.561371684074401855e-02,1.869640350341796875e-01,-7.423672080039978027e-01,4.466183781623840332e-01,-9.522315859794616699e-01,3.116298317909240723e-01,-5.451438426971435547e-01,-1.849963963031768799e-01,-1.867615431547164917e-01,-5.110517740249633789e-01,-5.980975627899169922e-01,2.203381359577178955e-01,-6.930285096168518066e-01,5.124977231025695801e-01,-3.236413300037384033e-01,-6.749978661537170410e-02
1.534469425678253174e-03,1.047195270657539368e-01,7.735251784324645996e-01,1.138287410140037537e-01,-6.379666179418563843e-02,6.135267019271850586e-01,-7.788183093070983887e-01,-6.272079050540924072e-02,2.004374116659164429e-01,-1.283757537603378296e-01,3.119615018367767334e-01,2.469054609537124634e-01,-8.029042929410934448e-02,-4.749217033386230469e-01,-1.685418039560317993e-01,-1.320901066064834595e-01,9.995909333229064941e-01,2.806368172168731689e-01,1.161654815077781677e-01,-1.597025841474533081e-01,6.174661964178085327e-02,1.604571342468261719e-01,-9.301169514656066895e-01,4.686911404132843018e-01,-1.023331522941589355e+00,2.210178822278976440e-01,-5.321398973464965820e-01,-1.985827237367630005e-01,-1.700198203325271606e-01,-6.835350394248962402e-01,-6.465649008750915527e-01,3.299491405487060547e-01,-6.822890639305114746e-01,5.256065726280212402e-01,-3.232640624046325684e-01,-7.373435795307159424e-02
-1.608376158401370049e-03,1.073998212814331055e-01,7.702920436859130859e-01,1.178367361426353455e-01,-6.722237169742584229e-02,6.251708269119262695e-01,-7.686071991920471191e-01,-4.699297621846199036e-02,2.134227305650711060e-01,-1.279807984828948975e-01,2.848719656467437744e-01,2.501565814018249512e-01,-8.946434408426284790e-02,-4.509940445423126221e-01,-1.672339886426925659e-01,-1.374322026968002319e-01,9.517933130264282227e-01,2.658044993877410889e-01,1.215680316090583801e-01,-1.531711220741271973e-01,5.363528430461883545e-02,1.460609436035156250e-01,-1.100726842880249023e+00,4.863311648368835449e-01,-1.070817470550537109e+00,1.482405513525009155e-01,-5.020944476127624512e-01,-2.093494683504104614e-01,-1.600759029388427734e-01,-8.463128805160522461e-01,-6.763134598731994629e-01,4.110306501388549805e-01,-6.564493179321289062e-01,5.077391266822814941e-01,-3.183786869049072266e-01,-6.895435601472854614e-02
-4.948217887431383133e-03,1.105805262923240662e-01,7.662189006805419922e-01,1.166897043585777283e-01,-7.578309625387191772e-02,6.487872004508972168e-01,-7.481414079666137695e-01,-3.266530856490135193e-02,2.287400513887405396e-01,-1.098444387316703796e-01,2.559421360492706299e-01,2.523490786552429199e-01,-8.595620095729827881e-02,-4.265526831150054932e-01,-1.817777305841445923e-01,-1.496254801750183105e-01,8.672565221786499023e-01,2.817673981189727783e-01,1.213211566209793091e-01,-1.674219369888305664e-01,3.824872896075248718e-02,1.191842854022979736e-01,-1.235490918159484863e+00,5.037501454353332520e-01,-1.112449526786804199e+00,1.044050380587577820e-01,-4.591297507286071777e-01,-2.195291221141815186e-01,-1.447125226259231567e-01,-9.506675601005554199e-01,-7.063100934028625488e-01,4.659810066223144531e-01,-6.385245919227600098e-01,4.911567568778991699e-01,-3.220876753330230713e-01,-8.009908348321914673e-02
-7.095559500157833099e-03,1.144671067595481873e-01,7.612072825431823730e-01,1.128978580236434937e-01,-7.629866153001785278e-02,6.651606559753417969e-01,-7.341620326042175293e-01,-2.257036045193672180e-02,2.254046797752380371e-01,-1.014204993844032288e-01,2.587925791740417480e-01,2.468231171369552612e-01,-1.001356020569801331e-01,-4.038681387901306152e-01,-2.065594047307968140e-01,-1.780263632535934448e-01,7.856639623641967773e-01,2.763670682907104492e-01,1.051119267940521240e-01,-1.720577627420425415e-01,5.513033829629421234e-03,9.926971048116683960e-02,-1.365202188491821289e+00,5.154229402542114258e-01,-1.133775115013122559e+00,7.829263061285018921e-02,-4.036353826522827148e-01,-2.309285253286361694e-01,-9.916315227746963501e-02,-1.026067852973937988e+00,-7.592720389366149902e-01,4.925217032432556152e-01,-6.196861267089843750e-01,4.727028906345367432e-01,-3.337447345256805420e-01,-1.264368891716003418e-01
-8.986172266304492950e-03,1.188351139426231384e-01,7.557084560394287109e-01,1.040841192007064819e-01,-7.700798660516738892e-02,6.833530068397521973e-01,-7.185157537460327148e-01,-1.941471174359321594e-02,2.266167253255844116e-01,-9.801597893238067627e-02,2.659741640090942383e-01,2.457433938980102539e-01,-9.605523943901062012e-02,-3.713327646255493164e-01,-2.138020098209381104e-01,-1.859733015298843384e-01,7.031465768814086914e-01,2.622142136096954346e-01,9.645216166973114014e-02,-1.742474287748336792e-01,-2.814353629946708679e-02,8.699682354927062988e-02,-1.456154108047485352e+00,5.176892876625061035e-01,-1.148752331733703613e+00,6.901643425226211548e-02,-3.540290892124176025e-01,-2.378274649381637573e-01,-5.292395502328872681e-02,-1.074990868568420410e+00,-7.764196991920471191e-01,5.106532573699951172e-01,-5.891475081443786621e-01,4.593018889427185059e-01,-3.459467291831970215e-01,-1.576646715402603149e-01
-9.815797209739685059e-03,1.230052933096885681e-01,7.498850226402282715e-01,9.787938743829727173e-02,-7.610710710287094116e-02,6.918255686759948730e-01,-7.113400697708129883e-01,-2.071281336247920990e-02,2.287368923425674438e-01,-1.083381175994873047e-01,2.868850827217102051e-01,2.328349500894546509e-01,-9.405903518199920654e-02,-3.538111746311187744e-01,-2.121689915657043457e-01,-1.808042377233505249e-01,6.627598404884338379e-01,2.416558563709259033e-01,9.331719577312469482e-02,-1.728249937295913696e-01,-5.509481951594352722e-02,8.435792475938796997e-02,-1.505587577819824219e+00,5.137856006622314453e-01,-1.146641969680786133e+00,8.038830757141113281e-02,-3.337815105915069580e-01,-2.381727844476699829e-01,-1.961676962673664093e-02,-1.108666300773620605e+00,-7.663549184799194336e-01,5.106654763221740723e-01,-5.829903483390808105e-01,4.494842290878295898e-01,-3.523962497711181641e-01,-1.764860302209854126e-01
-9.895124472677707672e-03,1.261445432901382446e-01,7.441384792327880859e-01,9.041870385408401489e-02,-7.678713649511337280e-02,7.004736661911010742e-01,-7.037505507469177246e-01,-2.539316192269325256e-02,2.373440563678741455e-01,-1.002398431301116943e-01,3.081200718879699707e-01,2.092153728008270264e-01,-8.719430118799209595e-02,-3.401356041431427002e-01,-2.195472419261932373e-01,-1.845406144857406616e-01,6.365218758583068848e-01,2.148069739341735840e-01,7.847018539905548096e-02,-1.779742836952209473e-01,-7.761294394731521606e-02,8.084515482187271118e-02,-1.544754743576049805e+00,5.108904838562011719e-01,-1.143090009689331055e+00,1.139622852206230164e-01,-3.096933364868164062e-01,-2.312013655900955200e-01,3.727415110915899277e-03,-1.117889165878295898e+00,-7.500863075256347656e-01,4.884271025657653809e-01,-5.738934278488159180e-01,4.170127213001251221e-01,-3.538057804107666016e-01,-2.116331905126571655e-01
-8.684032596647739410e-03,1.284395903348922729e-01,7.388657927513122559e-01,8.290135860443115234e-02,-7.479243725538253784e-02,7.079348564147949219e-01,-6.973963975906372070e-01,-2.882411889731884003e-02,2.460651099681854248e-01,-9.441625326871871948e-02,3.244804441928863525e-01,1.924176961183547974e-01,-7.314237952232360840e-02,-3.298379480838775635e-01,-2.214298099279403687e-01,-1.841824948787689209e-01,6.233660578727722168e-01,1.980257034301757812e-01,6.658987700939178467e-02,-1.675556749105453491e-01,-9.562910348176956177e-02,8.225833624601364136e-02,-1.530711531639099121e+00,5.175820589065551758e-01,-1.134493231773376465e+00,1.350008398294448853e-01,-2.839398384094238281e-01,-2.309958934783935547e-01,1.495970319956541061e-02,-1.095287799835205078e+00,-7.272637486457824707e-01,4.605957865715026855e-01,-5.602787137031555176e-01,3.955335915088653564e-01,-3.558174371719360352e-01,-2.422079890966415405e-01
-6.243861746042966843e-03,1.303428113460540771e-01,7.334605455398559570e-01,7.916693389415740967e-02,-6.969980895519256592e-02,7.064841389656066895e-01,-6.998247504234313965e-01,-3.747552633285522461e-02,2.340871989727020264e-01,-1.041408628225326538e-01,3.520593345165252686e-01,1.760007441043853760e-01,-6.648650765419006348e-02,-3.064283728599548340e-01,-2.204337269067764282e-01,-1.770224869251251221e-01,5.757431387901306152e-01,2.000539600849151611e-01,6.907479465007781982e-02,-1.547246277332305908e-01,-1.155535206198692322e-01,9.186474233865737915e-02,-1.462078332901000977e+00,5.184752345085144043e-01,-1.100039362907409668e+00,1.564377248287200928e-01,-2.507645487785339355e-01,-2.298754155635833740e-01,1.826365292072296143e-02,-1.037093639373779297e+00,-7.076904177665710449e-01,4.353716373443603516e-01,-5.386638045310974121e-01,4.122019112110137939e-01,-3.486874103546142578e-01,-2.443798631429672241e-01
-1.222742372192442417e-03,1.319886445999145508e-01,7.290484905242919922e-01,7.440693676471710205e-02,-6.071638688445091248e-02,7.067941427230834961e-01,-7.008703351020812988e-01,-5.049471929669380188e-02,2.072288244962692261e-01,-1.350973844528198242e-01,4.036674499511718750e-01,1.754799932241439819e-01,-6.289803236722946167e-02,-2.871679067611694336e-01,-2.162709385156631470e-01,-1.639770269393920898e-01,5.393073558807373047e-01,2.058348506689071655e-01,7.884510606527328491e-02,-1.377478241920471191e-01,-1.372945010662078857e-01,1.067115515470504761e-01,-1.342739343643188477e+00,4.816459715366363525e-01,-1.049348235130310059e+00,2.241460829973220825e-01,-2.088351398706436157e-01,-2.170660197734832764e-01,1.531060039997100830e-02,-9.255103468894958496e-01,-6.696087121963500977e-01,4.068413078784942627e-01,-5.213446021080017090e-01,4.283510744571685791e-01,-3.458217084407806396e-01,-2.347398102283477783e-01
6.511285901069641113e-03,1.335751563310623169e-01,7.248378992080688477e-01,7.075378298759460449e-02,-4.596598818898200989e-02,6.827318668365478516e-01,-7.257810831069946289e-01,-8.007383346557617188e-02,1.778232604265213013e-01,-1.685360968112945557e-01,5.098735690116882324e-01,1.476311236619949341e-01,-4.140946641564369202e-02,-2.695556879043579102e-01,-2.239848822355270386e-01,-1.386969536542892456e-01,5.298679471015930176e-01,1.910466253757476807e-01,6.548401713371276855e-02,-1.017469763755798340e-01,-1.662412285804748535e-01,1.370567232370376587e-01,-1.157982945442199707e+00,4.835988879203796387e-01,-1.012396216392517090e+00,2.690542638301849365e-01,-2.146950662136077881e-01,-2.201597392559051514e-01,-1.296436507254838943e-02,-8.065782189369201660e-01,-5.976279973983764648e-01,3.879427015781402588e-01,-4.859170317649841309e-01,4.625241160392761230e-01,-3.370209038257598877e-01,-2.122679948806762695e-01
1.395144592970609665e-02,1.357195079326629639e-01,7.212056517601013184e-01,6.376244127750396729e-02,-2.856652252376079559e-02,6.724117398262023926e-01,-7.368723154067993164e-01,-1.269234567880630493e-01,1.362111866474151611e-01,-1.910904943943023682e-01,6.413676738739013672e-01,1.158709973096847534e-01,-2.450359426438808441e-02,-2.502804696559906006e-01,-2.192270755767822266e-01,-9.029315412044525146e-02,5.156624913215637207e-01,1.806006878614425659e-01,5.958659574389457703e-02,-8.372472226619720459e-02,-1.957279890775680542e-01,1.734579950571060181e-01,-9.549455046653747559e-01,4.522154927253723145e-01,-9.395964145660400391e-01,3.602042198181152344e-01,-1.775306165218353271e-01,-2.073010206222534180e-01,-2.263799123466014862e-02,-6.972278952598571777e-01,-5.094155669212341309e-01,3.713583648204803467e-01,-4.065170884132385254e-01,4.603589177131652832e-01,-3.251356780529022217e-01,-1.995187699794769287e-01
2.148657292127609253e-02,1.383688747882843018e-01,7.177250385284423828e-01,6.313990801572799683e-02,-1.233837194740772247e-02,6.531000733375549316e-01,-7.545338869094848633e-01,-1.888972967863082886e-01,9.267383813858032227e-02,-2.121390253305435181e-01,7.757961750030517578e-01,7.154428958892822266e-02,-1.073238719254732132e-02,-2.249539345502853394e-01,-2.043032199144363403e-01,-2.580738253891468048e-02,5.215010643005371094e-01,1.915854513645172119e-01,7.141561061143875122e-02,-7.261826097965240479e-02,-2.203559428453445435e-01,2.158482521772384644e-01,-7.263114452362060547e-01,4.207878410816192627e-01,-8.352362513542175293e-01,5.212187767028808594e-01,-1.698394268751144409e-01,-1.994729489088058472e-01,-2.034273743629455566e-02,-5.473011732101440430e-01,-4.399235546588897705e-01,3.596605062484741211e-01,-2.940783202648162842e-01,4.756517112255096436e-01,-3.217269182205200195e-01,-2.006508558988571167e-01
3.045824915170669556e-02,1.409797370433807373e-01,7.156467437744140625e-01,5.812088772654533386e-02,-1.839655102230608463e-03,6.478367447853088379e-01,-7.595565319061279297e-01,-2.872901856899261475e-01,6.558938324451446533e-02,-2.035560905933380127e-01,9.472110271453857422e-01,2.592639811336994171e-02,1.011790800839662552e-02,-2.218753844499588013e-01,-1.792586743831634521e-01,2.130455896258354187e-02,5.716237425804138184e-01,1.786852180957794189e-01,7.940863817930221558e-02,-5.788835510611534119e-02,-2.478252351284027100e-01,2.474807947874069214e-01,-5.235826373100280762e-01,3.875712752342224121e-01,-7.129782438278198242e-01,7.228940129280090332e-01,-1.436446160078048706e-01,-1.740239709615707397e-01,-2.026668936014175415e-02,-4.282588362693786621e-01,-4.244441390037536621e-01,3.520943820476531982e-01,-1.371442973613739014e-01,4.433047771453857422e-01,-2.853063344955444336e-01,-1.854850500822067261e-01
3.653166070580482483e-02,1.432787030935287476e-01,7.131550312042236328e-01,6.256259232759475708e-02,3.585837548598647118e-03,6.402208209037780762e-01,-7.656306624412536621e-01,-3.515880107879638672e-01,5.435538664460182190e-02,-1.849983632564544678e-01,1.018143773078918457e+00,1.229361537843942642e-02,3.265925496816635132e-02,-2.052400261163711548e-01,-1.549079865217208862e-01,5.062874034047126770e-02,5.764250159263610840e-01,1.677253693342208862e-01,8.625125139951705933e-02,-4.211594909429550171e-02,-2.597087919712066650e-01,2.757779359817504883e-01,-3.378484249114990234e-01,3.680107593536376953e-01,-5.685724616050720215e-01,9.606345295906066895e-01,-1.566330045461654663e-01,-1.434877067804336548e-01,-1.003829576075077057e-02,-3.176422417163848877e-01,-3.722380697727203369e-01,3.253419399261474609e-01,5.724412202835083008e-02,4.637545645236968994e-01,-2.734115421772003174e-01,-2.274336963891983032e-01
4.291162267327308655e-02,1.459921449422836304e-01,7.120198607444763184e-01,6.312276422977447510e-02,3.671314567327499390e-03,6.560304760932922363e-01,-7.520811557769775391e-01,-4.398518800735473633e-01,5.793229117989540100e-02,-1.545231640338897705e-01,1.068252801895141602e+00,2.857087645679712296e-03,5.419813469052314758e-02,-2.059157490730285645e-01,-1.293085515499114990e-01,6.731779873371124268e-02,6.193231344223022461e-01,1.358193159103393555e-01,8.206167817115783691e-02,-2.768685482442378998e-02,-2.593120634555816650e-01,2.909797728061676025e-01,-1.949508935213088989e-01,3.753590285778045654e-01,-3.759997785091400146e-01,1.169295787811279297e+00,-2.029351890087127686e-01,-1.253988444805145264e-01,3.494920954108238220e-02,-2.056232541799545288e-01,-3.898828029632568359e-01,2.499141991138458252e-01,2.191647887229919434e-01,4.546744525432586670e-01,-2.644255757331848145e-01,-2.722599506378173828e-01
4.796450585126876831e-02,1.490802615880966187e-01,7.110410332679748535e-01,7.175789028406143188e-02,2.738795010372996330e-03,6.711581349372863770e-01,-7.378278970718383789e-01,-4.964679479598999023e-01,7.532659918069839478e-02,-1.131145954132080078e-01,1.058754682540893555e+00,3.278231481090188026e-03,7.020035386085510254e-02,-2.056044489145278931e-01,-1.097480282187461853e-01,6.353662908077239990e-02,6.395654082298278809e-01,1.024892628192901611e-01,6.184711679816246033e-02,-1.005065441131591797e-02,-2.406729012727737427e-01,2.984813153743743896e-01,-5.963728576898574829e-02,4.132684767246246338e-01,-1.731509268283843994e-01,1.339768767356872559e+00,-2.687043249607086182e-01,-1.057877168059349060e-01,8.285328000783920288e-02,-1.198939830064773560e-01,-4.248810112476348877e-01,1.665278375148773193e-01,3.938360512256622314e-01,4.737614393234252930e-01,-2.602393627166748047e-01,-3.324653208255767822e-01
4.979561269283294678e-02,1.531807035207748413e-01,7.104505896568298340e-01,8.190020918846130371e-02,-7.886641658842563629e-03,6.906273365020751953e-01,-7.185151576995849609e-01,-5.233474373817443848e-01,9.932924062013626099e-02,-4.999136924743652344e-02,9.458948969841003418e-01,1.056681270711123943e-03,9.542129188776016235e-02,-1.947062015533447266e-01,-9.026398509740829468e-02,3.551657497882843018e-02,6.109760999679565430e-01,7.529916614294052124e-02,5.522434785962104797e-02,1.046475581824779510e-02,-2.152784317731857300e-01,3.143861293792724609e-01,3.586591407656669617e-02,4.885600209236145020e-01,5.354765802621841431e-03,1.455003142356872559e+00,-3.395541906356811523e-01,-9.101946651935577393e-02,7.729218155145645142e-02,-4.600377008318901062e-02,-4.789638221263885498e-01,4.910237714648246765e-02,5.212507843971252441e-01,5.186936259269714355e-01,-2.758807837963104248e-01,-3.644903302192687988e-01
4.958608001470565796e-02,1.592543125152587891e-01,7.107659578323364258e-01,9.867466241121292114e-02,-1.736033521592617035e-02,7.086869478225708008e-01,-6.983729004859924316e-01,-5.326183438301086426e-01,1.157513409852981567e-01,-2.743863500654697418e-03,8.129384517669677734e-01,3.418279811739921570e-02,9.915134310722351074e-02,-1.649535298347473145e-01,-6.133551895618438721e-02,2.248845621943473816e-02,5.839323401451110840e-01,4.942142590880393982e-02,4.366108402609825134e-02,3.637227416038513184e-02,-1.874567866325378418e-01,3.289518356323242188e-01,1.246963441371917725e-01,5.765531063079833984e-01,1.710835397243499756e-01,1.536174535751342773e+00,-4.194538891315460205e-01,-7.414644211530685425e-02,6.721368432044982910e-02,2.251459658145904541e-02,-5.332684516906738281e-01,-7.853148877620697021e-02,6.253081560134887695e-01,5.890508890151977539e-01,-2.877431809902191162e-01,-3.850825130939483643e-01
4.669538885354995728e-02,1.662081331014633179e-01,7.105492949485778809e-01,1.132089868187904358e-01,-3.083542734384536743e-02,7.418324947357177734e-01,-6.602404117584228516e-01,-5.532051324844360352e-01,1.262819916009902954e-01,5.397565290331840515e-02,6.960812807083129883e-01,3.858088329434394836e-02,1.046425998210906982e-01,-1.300652027130126953e-01,-4.266829043626785278e-02,9.091537795029580593e-04,5.241662859916687012e-01,1.877888850867748260e-02,4.338223114609718323e-02,7.114748656749725342e-02,-1.603850871324539185e-01,3.431270122528076172e-01,2.217081040143966675e-01,6.732798814773559570e-01,3.325175642967224121e-01,1.591150045394897461e+00,-5.008567571640014648e-01,-6.420334428548812866e-02,7.489223033189773560e-02,7.968924939632415771e-02,-6.041104197502136230e-01,-1.959833204746246338e-01,6.516239047050476074e-01,6.381578445434570312e-01,-3.108955323696136475e-01,-4.142514169216156006e-01
4.359853640198707581e-02,1.757115870714187622e-01,7.095867395401000977e-01,1.304058879613876343e-01,-4.082578420639038086e-02,7.522450685501098633e-01,-6.445579528808593750e-01,-5.681250095367431641e-01,1.501288712024688721e-01,1.087281852960586548e-01,5.928063392639160156e-01,6.622443348169326782e-02,1.054055169224739075e-01,-9.784933924674987793e-02,-2.082587964832782745e-02,-2.041625790297985077e-02,5.098031163215637207e-01,1.342843193560838699e-02,2.926524914801120758e-02,1.094849258661270142e-01,-1.163931190967559814e-01,3.609830737113952637e-01,3.352488279342651367e-01,7.798905968666076660e-01,4.912334978580474854e-01,1.620175480842590332e+00,-5.634664297103881836e-01,-6.010325625538825989e-02,9.162654727697372437e-02,1.325973868370056152e-01,-6.690710186958312988e-01,-3.078897297382354736e-01,6.426433324813842773e-01,6.822481155395507812e-01,-3.309505283832550049e-01,-4.582131803035736084e-01
3.934177756309509277e-02,1.878747344017028809e-01,7.080333828926086426e-01,1.538204848766326904e-01,-6.042242795228958130e-02,7.711313366889953613e-01,-6.148535609245300293e-01,-5.676332712173461914e-01,1.606965363025665283e-01,1.387542784214019775e-01,4.514229297637939453e-01,1.233004108071327209e-01,7.860638201236724854e-02,-7.137571275234222412e-02,3.545748069882392883e-02,-2.678316645324230194e-02,5.317317247390747070e-01,-8.147082291543483734e-03,3.013436309993267059e-02,1.519209295511245728e-01,-5.735611170530319214e-02,3.759612143039703369e-01,4.460528492927551270e-01,8.952479958534240723e-01,6.702725887298583984e-01,1.649375915527343750e+00,-6.208682060241699219e-01,-6.833030283451080322e-02,1.009057387709617615e-01,1.872717589139938354e-01,-7.072061300277709961e-01,-3.859527111053466797e-01,6.019446253776550293e-01,7.296179533004760742e-01,-3.453341424465179443e-01,-4.464804828166961670e-01
3.594326600432395935e-02,1.987124234437942505e-01,7.058406472206115723e-01,1.717386096715927124e-01,-7.512462139129638672e-02,7.798569202423095703e-01,-5.972313284873962402e-01,-5.658057332038879395e-01,1.823825985193252563e-01,1.513152867555618286e-01,3.495017588138580322e-01,1.683468967676162720e-01,5.087870731949806213e-02,-4.378373175859451294e-02,8.131705224514007568e-02,-1.870325393974781036e-02,5.600392222404479980e-01,-3.062769584357738495e-02,2.107662521302700043e-02,1.889106780290603638e-01,-1.763851381838321686e-02,3.828534483909606934e-01,5.652646422386169434e-01,1.014560699462890625e+00,8.655965328216552734e-01,1.653786063194274902e+00,-6.688873171806335449e-01,-8.691543340682983398e-02,1.327570378780364990e-01,2.475689500570297241e-01,-7.465941309928894043e-01,-4.835287332534790039e-01,5.554836392402648926e-01,7.681761980056762695e-01,-3.815045654773712158e-01,-4.731931984424591064e-01
3.357250243425369263e-02,2.094328999519348145e-01,7.038496136665344238e-01,1.862236261367797852e-01,-9.261747449636459351e-02,7.910929322242736816e-01,-5.752519369125366211e-01,-5.639284849166870117e-01,1.897903382778167725e-01,1.488731354475021362e-01,2.826847434043884277e-01,2.142595350742340088e-01,2.410428971052169800e-02,-2.870188467204570770e-02,1.297322064638137817e-01,-1.296344446018338203e-03,6.071392893791198730e-01,-4.850283637642860413e-02,2.662125602364540100e-02,2.205169200897216797e-01,1.785026490688323975e-02,3.753378391265869141e-01,6.635400056838989258e-01,1.117565155029296875e+00,1.061634540557861328e+00,1.629625678062438965e+00,-7.089549899101257324e-01,-1.070813536643981934e-01,1.751241534948348999e-01,2.950055599212646484e-01,-8.035653233528137207e-01,-5.778526663780212402e-01,5.065932869911193848e-01,7.787706851959228516e-01,-4.145746827125549316e-01,-5.019762516021728516e-01
3.088343515992164612e-02,2.192392051219940186e-01,7.026024460792541504e-01,1.942125260829925537e-01,-1.039592698216438293e-01,8.015267848968505859e-01,-5.559035539627075195e-01,-5.588051080703735352e-01,1.948723495006561279e-01,1.439776271581649780e-01,2.415124028921127319e-01,2.309158295392990112e-01,1.516049727797508240e-02,-8.049667812883853912e-03,1.479966193437576294e-01,4.479554016143083572e-03,6.239379048347473145e-01,-5.694759264588356018e-02,2.301663532853126526e-02,2.558438479900360107e-01,3.602379187941551208e-02,3.603490889072418213e-01,7.349672317504882812e-01,1.198910355567932129e+00,1.224358439445495605e+00,1.595964789390563965e+00,-7.332796454429626465e-01,-1.351512670516967773e-01,2.290176749229431152e-01,3.354379832744598389e-01,-8.692325949668884277e-01,-6.663537025451660156e-01,4.662733376026153564e-01,7.745702862739562988e-01,-4.559981226921081543e-01,-5.479334592819213867e-01
2.995542623102664948e-02,2.264814525842666626e-01,7.029273509979248047e-01,1.956877559423446655e-01,-1.141686961054801941e-01,8.110775947570800781e-01,-5.392818450927734375e-01,-5.543908476829528809e-01,2.029413133859634399e-01,1.253889352083206177e-01,2.338517606258392334e-01,2.434825897216796875e-01,4.873682744801044464e-03,-1.426634285598993301e-02,1.564052700996398926e-01,3.404471091926097870e-03,6.733397841453552246e-01,-6.019652634859085083e-02,1.711785420775413513e-02,2.696117758750915527e-01,4.751172661781311035e-02,3.476937711238861084e-01,8.055236339569091797e-01,1.263725161552429199e+00,1.360416531562805176e+00,1.551448702812194824e+00,-7.364012002944946289e-01,-1.509147584438323975e-01,2.603953480720520020e-01,3.588705956935882568e-01,-9.248139262199401855e-01,-7.268509268760681152e-01,4.236583411693572998e-01,7.543977499008178711e-01,-4.659694731235504150e-01,-5.673838853836059570e-01
3.087597712874412537e-02,2.315123379230499268e-01,7.048429250717163086e-01,1.949031502008438110e-01,-1.104334816336631775e-01,8.131500482559204102e-01,-5.372189283370971680e-01,-5.592526197433471680e-01,2.114480435848236084e-01,1.155462265014648438e-01,2.641277015209197998e-01,2.664322555065155029e-01,1.171125564724206924e-02,-1.126725226640701294e-02,1.356959640979766846e-01,-4.677567631006240845e-03,7.066083550453186035e-01,-2.813216671347618103e-02,-6.276189815253019333e-03,2.843221426010131836e-01,3.884211927652359009e-02,3.345784544944763184e-01,8.390322923660278320e-01,1.290383338928222656e+00,1.427694320678710938e+00,1.497196793556213379e+00,-7.558459043502807617e-01,-1.663678884506225586e-01,2.691285610198974609e-01,3.655014932155609131e-01,-9.500876069068908691e-01,-7.427207827568054199e-01,3.907028138637542725e-01,7.413945794105529785e-01,-4.660205245018005371e-01,-5.695873498916625977e-01
3.108272887766361237e-02,2.351675927639007568e-01,7.070062160491943359e-01,1.979088336229324341e-01,-1.181251108646392822e-01,8.132016658782958984e-01,-5.343983173370361328e-01,-5.435306429862976074e-01,2.131409198045730591e-01,1.015353053808212280e-01,2.432710528373718262e-01,2.654443383216857910e-01,-2.701825462281703949e-03,-2.559462934732437134e-02,1.363380253314971924e-01,-3.023678064346313477e-02,7.426124811172485352e-01,7.552600465714931488e-03,2.156677888706326485e-03,2.816939055919647217e-01,4.863762110471725464e-02,3.237085640430450439e-01,8.735622167587280273e-01,1.308298945426940918e+00,1.471769809722900391e+00,1.478879213333129883e+00,-7.385252714157104492e-01,-1.700638085603713989e-01,2.857778668403625488e-01,3.604417741298675537e-01,-9.575273990631103516e-01,-7.522422671318054199e-01,3.889324963092803955e-01,7.294403314590454102e-01,-4.647706747055053711e-01,-5.857020616531372070e-01
3.320664539933204651e-02,2.360695749521255493e-01,7.105045318603515625e-01,2.010137736797332764e-01,-1.168753430247306824e-01,8.045037984848022461e-01,-5.465411543846130371e-01,-5.249859094619750977e-01,2.118815779685974121e-01,7.132050395011901855e-02,2.464520782232284546e-01,2.871142327785491943e-01,-2.821538224816322327e-02,-3.955981135368347168e-02,1.258381456136703491e-01,-5.144239217042922974e-02,7.736067771911621094e-01,7.241883873939514160e-02,-8.620111271739006042e-03,2.673128247261047363e-01,4.789270088076591492e-02,3.165388703346252441e-01,8.886073827743530273e-01,1.294945359230041504e+00,1.449754595756530762e+00,1.467651486396789551e+00,-7.182078957557678223e-01,-1.579431891441345215e-01,2.634482383728027344e-01,3.412709534168243408e-01,-9.346992373466491699e-01,-7.317925691604614258e-01,3.828494250774383545e-01,7.357840538024902344e-01,-4.639680087566375732e-01,-5.837799906730651855e-01
3.635141253471374512e-02,2.335918694734573364e-01,7.145015597343444824e-01,1.993841230869293213e-01,-1.125537380576133728e-01,7.984571456909179688e-01,-5.568158030509948730e-01,-5.142441987991333008e-01,2.125191837549209595e-01,5.705111473798751831e-02,2.666530013084411621e-01,3.019515872001647949e-01,-4.064477607607841492e-02,-5.555146932601928711e-02,9.923302382230758667e-02,-8.083053678274154663e-02,7.784903049468994141e-01,1.163982674479484558e-01,-2.068409882485866547e-02,2.443450987339019775e-01,3.323533385992050171e-02,3.200649023056030273e-01,8.831037282943725586e-01,1.244714975357055664e+00,1.361671805381774902e+00,1.487672090530395508e+00,-6.869347691535949707e-01,-1.378719806671142578e-01,2.285306602716445923e-01,3.218179941177368164e-01,-9.073288440704345703e-01,-6.878250241279602051e-01,3.906705975532531738e-01,7.098123431205749512e-01,-4.463835358619689941e-01,-5.644001960754394531e-01
4.001995176076889038e-02,2.291184663772583008e-01,7.194089889526367188e-01,1.943180263042449951e-01,-1.001077815890312195e-01,7.915166020393371582e-01,-5.707192420959472656e-01,-5.054024457931518555e-01,2.053571790456771851e-01,4.235550016164779663e-02,3.066357374191284180e-01,2.906463444232940674e-01,-4.812632128596305847e-02,-7.924092561006546021e-02,5.420761182904243469e-02,-1.130021736025810242e-01,7.777230143547058105e-01,1.530568748712539673e-01,-3.898825496435165405e-02,2.164453566074371338e-01,1.540282275527715683e-02,3.251104950904846191e-01,8.465896248817443848e-01,1.168611645698547363e+00,1.208449363708496094e+00,1.499984741210937500e+00,-6.309396028518676758e-01,-1.234214231371879578e-01,1.795002371072769165e-01,2.965381145477294922e-01,-8.687598705291748047e-01,-6.303868293762207031e-01,4.030334651470184326e-01,6.833345293998718262e-01,-4.227829277515411377e-01,-5.468235611915588379e-01
4.467995837330818176e-02,2.219548076391220093e-01,7.243422269821166992e-01,1.763896942138671875e-01,-8.004955947399139404e-02,7.815214991569519043e-01,-5.930454730987548828e-01,-5.104638934135437012e-01,1.747211366891860962e-01,2.618108689785003662e-02,4.201449751853942871e-01,2.452140450477600098e-01,-3.864781558513641357e-02,-1.082570850849151611e-01,-1.659562438726425171e-02,-1.491805166006088257e-01,7.385022640228271484e-01,1.619569212198257446e-01,-6.187090277671813965e-02,1.750386059284210205e-01,-2.244750224053859711e-02,3.273089528083801270e-01,7.551579475402832031e-01,1.058850884437561035e+00,9.775484800338745117e-01,1.492302417755126953e+00,-5.553275942802429199e-01,-1.214792132377624512e-01,1.354932785034179688e-01,2.754661142826080322e-01,-8.233580589294433594e-01,-5.721348524093627930e-01,4.122551679611206055e-01,6.479266285896301270e-01,-3.974799513816833496e-01,-5.278618335723876953e-01
5.009982362389564514e-02,2.135856598615646362e-01,7.274225950241088867e-01,1.495296955108642578e-01,-5.715373530983924866e-02,7.746765613555908203e-01,-6.117601990699768066e-01,-5.224622488021850586e-01,1.385819315910339355e-01,2.075477503240108490e-02,5.890793204307556152e-01,1.561788767576217651e-01,-8.040682412683963776e-03,-1.377691030502319336e-01,-8.523925393819808960e-02,-1.605043411254882812e-01,6.764895319938659668e-01,1.336256712675094604e-01,-6.795586645603179932e-02,1.323044896125793457e-01,-6.597702205181121826e-02,3.263769745826721191e-01,6.708602309226989746e-01,9.317771196365356445e-01,7.352871298789978027e-01,1.448050260543823242e+00,-4.750614762306213379e-01,-1.176420226693153381e-01,1.022247895598411560e-01,2.692137360572814941e-01,-7.977551221847534180e-01,-5.308601260185241699e-01,4.136560857295989990e-01,5.895543098449707031e-01,-3.587581217288970947e-01,-4.946040213108062744e-01
5.443043261766433716e-02,2.064801305532455444e-01,7.298193573951721191e-01,1.250790506601333618e-01,-3.860505670309066772e-02,7.619295716285705566e-01,-6.342934966087341309e-01,-5.070333480834960938e-01,1.016791462898254395e-01,2.047259546816349030e-02,7.314959764480590820e-01,8.709729462862014771e-02,1.928572542965412140e-02,-1.695559769868850708e-01,-1.323723345994949341e-01,-1.729375571012496948e-01,6.219947934150695801e-01,1.282743364572525024e-01,-5.313627421855926514e-02,9.111284464597702026e-02,-9.837523102760314941e-02,3.098815083503723145e-01,6.002209782600402832e-01,8.152468204498291016e-01,5.268642306327819824e-01,1.380488395690917969e+00,-4.102206528186798096e-01,-1.279640346765518188e-01,6.664231419563293457e-02,2.775165438652038574e-01,-7.476877570152282715e-01,-5.203495621681213379e-01,3.823796510696411133e-01,5.554282665252685547e-01,-3.500971496105194092e-01,-4.855755269527435303e-01
5.799422785639762878e-02,2.016562521457672119e-01,7.155321240425109863e-01,1.136031001806259155e-01,-3.596479445695877075e-02,7.470533847808837891e-01,-6.539970636367797852e-01,-4.433858096599578857e-01,7.180852442979812622e-02,-4.237755667418241501e-03,7.541049718856811523e-01,7.261357456445693970e-02,2.508100122213363647e-02,-2.158391028642654419e-01,-1.085300222039222717e-01,-1.247500255703926086e-01,6.430708169937133789e-01,1.462425887584686279e-01,1.530271675437688828e-02,3.256614878773689270e-02,-1.110840290784835815e-01,2.957167625427246094e-01,5.299144387245178223e-01,7.233593463897705078e-01,3.278510868549346924e-01,1.288312554359436035e+00,-3.493824303150177002e-01,-1.548514515161514282e-01,5.839598178863525391e-02,2.784730195999145508e-01,-6.758354902267456055e-01,-4.817050099372863770e-01,3.173862695693969727e-01,5.094834566116333008e-01,-3.668127059936523438e-01,-4.960488975048065186e-01
6.149564683437347412e-02,1.971591413021087646e-01,7.212445735931396484e-01,1.085693612694740295e-01,-2.825851365923881531e-02,7.329651713371276855e-01,-6.709516644477844238e-01,-4.106035530567169189e-01,3.399843722581863403e-02,-5.554393678903579712e-02,8.290049433708190918e-01,6.077501550316810608e-02,2.124058268964290619e-02,-2.592821419239044189e-01,-1.213282346725463867e-01,-1.003870218992233276e-01,6.975426673889160156e-01,1.656738817691802979e-01,4.218481481075286865e-02,1.628333702683448792e-03,-1.092389523983001709e-01,2.905362546443939209e-01,4.672877192497253418e-01,6.298012733459472656e-01,1.466276496648788452e-01,1.139665842056274414e+00,-3.049539923667907715e-01,-1.826985776424407959e-01,4.287497326731681824e-02,2.981080114841461182e-01,-5.990316271781921387e-01,-4.666320383548736572e-01,2.287031263113021851e-01,4.716515839099884033e-01,-3.752385377883911133e-01,-4.822496175765991211e-01
6.269098818302154541e-02,1.923728287220001221e-01,7.273268699645996094e-01,1.089986935257911682e-01,-3.713516891002655029e-02,7.234263420104980469e-01,-6.807308793067932129e-01,-3.493608832359313965e-01,3.512779250741004944e-02,-8.002208173274993896e-02,7.809237837791442871e-01,7.638055831193923950e-02,1.650123484432697296e-02,-3.016531467437744141e-01,-1.010237336158752441e-01,-9.814657270908355713e-02,7.868166565895080566e-01,1.868311911821365356e-01,6.666408479213714600e-02,-2.921913936734199524e-02,-8.351883292198181152e-02,2.803929448127746582e-01,4.232612252235412598e-01,5.826982259750366211e-01,-1.334857568144798279e-02,9.513043761253356934e-01,-2.885167002677917480e-01,-2.147388011217117310e-01,2.406862936913967133e-02,3.079239726066589355e-01,-5.271420478820800781e-01,-4.245249927043914795e-01,9.954930096864700317e-02,4.400878548622131348e-01,-3.939869701862335205e-01,-4.564057290554046631e-01
6.128738448023796082e-02,1.867944002151489258e-01,7.162120342254638672e-01,1.145140230655670166e-01,-5.067079141736030579e-02,7.036907672882080078e-01,-6.993842124938964844e-01,-2.856766283512115479e-01,6.529076397418975830e-02,-7.854690402746200562e-02,6.694155931472778320e-01,9.119576215744018555e-02,2.058092132210731506e-02,-3.369321227073669434e-01,-8.875496685504913330e-02,-1.286423206329345703e-01,8.724896311759948730e-01,2.098639607429504395e-01,8.469013124704360962e-02,-4.744126647710800171e-02,-4.591381922364234924e-02,2.728394865989685059e-01,3.643871247768402100e-01,5.702596306800842285e-01,-1.631300449371337891e-01,7.181320786476135254e-01,-3.068700134754180908e-01,-2.363016009330749512e-01,-1.767234317958354950e-02,2.947667837142944336e-01,-4.584518671035766602e-01,-3.746857345104217529e-01,-9.432526677846908569e-02,4.056184589862823486e-01,-3.991929292678833008e-01,-4.038260877132415771e-01
5.697694793343544006e-02,1.815136820077896118e-01,7.222944498062133789e-01,1.293674707412719727e-01,-6.939788162708282471e-02,6.929532885551452637e-01,-7.058779597282409668e-01,-2.146632820367813110e-01,9.528246521949768066e-02,-7.373727113008499146e-02,5.091529488563537598e-01,1.304226219654083252e-01,1.198945194482803345e-02,-3.666285574436187744e-01,-7.420492172241210938e-02,-1.621431559324264526e-01,9.569189548492431641e-01,2.329510897397994995e-01,1.002154052257537842e-01,-6.162292882800102234e-02,4.098434932529926300e-03,2.622461020946502686e-01,2.943772673606872559e-01,5.976389050483703613e-01,-2.856283187866210938e-01,4.480069279670715332e-01,-3.757676482200622559e-01,-2.503942847251892090e-01,-4.155866056680679321e-02,2.434233576059341431e-01,-4.357718825340270996e-01,-3.338326513767242432e-01,-2.878906428813934326e-01,3.567909896373748779e-01,-3.986377120018005371e-01,-3.887210488319396973e-01
5.283347144722938538e-02,1.766650825738906860e-01,7.283155322074890137e-01,1.426680833101272583e-01,-8.438532799482345581e-02,6.917383670806884766e-01,-7.028676867485046387e-01,-1.759660840034484863e-01,1.103964820504188538e-01,-6.175579875707626343e-02,4.150522351264953613e-01,1.546445637941360474e-01,1.170928124338388443e-02,-3.850742578506469727e-01,-6.861563771963119507e-02,-1.918396651744842529e-01,1.016025781631469727e+00,2.510121762752532959e-01,1.072062775492668152e-01,-6.842282414436340332e-02,4.761215299367904663e-02,2.493874430656433105e-01,1.752879470586776733e-01,6.566596627235412598e-01,-3.736348450183868408e-01,1.830691248178482056e-01,-4.374317824840545654e-01,-2.654407620429992676e-01,-3.551991656422615051e-02,1.740723103284835815e-01,-4.763483405113220215e-01,-2.954865097999572754e-01,-4.291397333145141602e-01,2.986615002155303955e-01,-3.874123096466064453e-01,-3.532194197177886963e-01
4.801928997039794922e-02,1.720469594001770020e-01,7.168661952018737793e-01,1.526897549629211426e-01,-1.008127033710479736e-01,6.931045055389404297e-01,-6.972293853759765625e-01,-1.503656357526779175e-01,1.193803399801254272e-01,-5.800452455878257751e-02,3.375180363655090332e-01,1.377319544553756714e-01,1.051962468773126602e-02,-4.037822186946868896e-01,-5.547098442912101746e-02,-2.017266452312469482e-01,1.071458339691162109e+00,2.525158822536468506e-01,1.087285727262496948e-01,-7.610859721899032593e-02,9.359655529260635376e-02,2.246877551078796387e-01,-1.352407224476337433e-02,7.186259627342224121e-01,-4.391495585441589355e-01,-2.122612483799457550e-02,-4.921432733535766602e-01,-2.762971520423889160e-01,-2.345701679587364197e-02,5.495233088731765747e-02,-5.394817590713500977e-01,-2.421561479568481445e-01,-5.300090909004211426e-01,2.686522006988525391e-01,-3.698117434978485107e-01,-3.179768323898315430e-01
4.341669380664825439e-02,1.675184220075607300e-01,7.228841185569763184e-01,1.594629734754562378e-01,-1.113456711173057556e-01,6.830659508705139160e-01,-7.039847970008850098e-01,-1.284508705139160156e-01,1.339523494243621826e-01,-2.330746687948703766e-02,2.762972116470336914e-01,1.128519400954246521e-01,1.617707498371601105e-02,-4.114750325679779053e-01,-6.680863350629806519e-02,-2.174367159605026245e-01,1.116496086120605469e+00,2.514154314994812012e-01,8.231954276561737061e-02,-9.119529277086257935e-02,1.319942027330398560e-01,1.906464695930480957e-01,-2.560192346572875977e-01,7.826558351516723633e-01,-5.153829455375671387e-01,-1.354137510061264038e-01,-5.109030604362487793e-01,-2.766916751861572266e-01,1.676248968578875065e-03,-1.064812019467353821e-01,-6.074048280715942383e-01,-1.784128397703170776e-01,-5.760654211044311523e-01,2.388616353273391724e-01,-3.553905785083770752e-01,-3.395952582359313965e-01
3.967767581343650818e-02,1.638884097337722778e-01,7.275149226188659668e-01,1.731401830911636353e-01,-1.121745258569717407e-01,6.567687392234802246e-01,-7.253234982490539551e-01,-1.140050366520881653e-01,1.377944946289062500e-01,-1.892631291411817074e-03,2.340922206640243530e-01,1.060686632990837097e-01,1.424962282180786133e-02,-4.103274643421173096e-01,-7.541135698556900024e-02,-2.373236268758773804e-01,1.122114419937133789e+00,2.455973029136657715e-01,6.943727284669876099e-02,-9.934173524379730225e-02,1.707196086645126343e-01,1.630707979202270508e-01,-4.965875148773193359e-01,8.147894144058227539e-01,-5.984443426132202148e-01,-1.850360482931137085e-01,-5.172390937805175781e-01,-2.790775597095489502e-01,2.357887849211692810e-02,-2.927906513214111328e-01,-6.511486768722534180e-01,-8.317863196134567261e-02,-5.909181237220764160e-01,2.682291269302368164e-01,-3.619891107082366943e-01,-3.578855097293853760e-01
3.692816197872161865e-02,1.603101789951324463e-01,7.303836941719055176e-01,1.829321086406707764e-01,-1.119013130664825439e-01,6.283640861511230469e-01,-7.477783560752868652e-01,-9.933777153491973877e-02,1.313116550445556641e-01,5.015983711928129196e-03,2.012435495853424072e-01,1.090878993272781372e-01,8.850300684571266174e-03,-4.122289121150970459e-01,-8.009215444326400757e-02,-2.518320679664611816e-01,1.080813765525817871e+00,2.354025244712829590e-01,5.332965031266212463e-02,-1.127691194415092468e-01,1.923029571771621704e-01,1.466052234172821045e-01,-7.764717340469360352e-01,7.998303174972534180e-01,-7.027052640914916992e-01,-1.796377748250961304e-01,-5.271986722946166992e-01,-2.746271193027496338e-01,3.364828228950500488e-02,-5.310963988304138184e-01,-6.947001218795776367e-01,3.906494379043579102e-02,-5.663579106330871582e-01,3.080450296401977539e-01,-3.508951067924499512e-01,-3.093762397766113281e-01
3.551481664180755615e-02,1.574113517999649048e-01,7.316462397575378418e-01,1.855889558792114258e-01,-1.016289293766021729e-01,5.980827212333679199e-01,-7.729976177215576172e-01,-7.943369448184967041e-02,1.100628003478050232e-01,-1.578970113769173622e-03,1.687111109495162964e-01,1.114474907517433167e-01,-6.556062493473291397e-03,-3.908634185791015625e-01,-7.795041799545288086e-02,-2.694580256938934326e-01,9.689428210258483887e-01,2.460695356130599976e-01,4.584927856922149658e-02,-1.235987171530723572e-01,1.916921883821487427e-01,1.347622722387313843e-01,-1.007096409797668457e+00,7.625238299369812012e-01,-7.898802757263183594e-01,-1.276101320981979370e-01,-4.876663386821746826e-01,-2.794538438320159912e-01,6.966603547334671021e-02,-7.172377705574035645e-01,-7.269311547279357910e-01,1.452127993106842041e-01,-5.118387341499328613e-01,3.009737432003021240e-01,-3.390252292156219482e-01,-3.013816773891448975e-01
3.494653850793838501e-02,1.564262211322784424e-01,7.310534715652465820e-01,1.771583557128906250e-01,-8.871612697839736938e-02,5.790539979934692383e-01,-7.908481955528259277e-01,-6.941416859626770020e-02,7.730580121278762817e-02,-7.041343487799167633e-03,1.520117819309234619e-01,1.231774315237998962e-01,-2.847461402416229248e-02,-3.535016477108001709e-01,-6.155002489686012268e-02,-2.695750892162322998e-01,7.836359739303588867e-01,2.710703015327453613e-01,4.750545322895050049e-02,-1.396762132644653320e-01,1.762463748455047607e-01,1.045356765389442444e-01,-1.145948410034179688e+00,7.137721180915832520e-01,-8.401433825492858887e-01,-7.902043312788009644e-02,-4.601245224475860596e-01,-2.762644588947296143e-01,9.979604184627532959e-02,-8.207155466079711914e-01,-7.228878736495971680e-01,2.217055708169937134e-01,-4.742089211940765381e-01,3.103601634502410889e-01,-3.402430415153503418e-01,-3.148798346519470215e-01
3.437310829758644104e-02,1.549371182918548584e-01,7.300614118576049805e-01,1.642193943262100220e-01,-7.626402378082275391e-02,5.697527527809143066e-01,-8.016218543052673340e-01,-5.794220417737960815e-02,4.132623597979545593e-02,-1.113279350101947784e-02,1.395910680294036865e-01,1.299894005060195923e-01,-3.262340649962425232e-02,-3.126270473003387451e-01,-5.536355823278427124e-02,-2.625175714492797852e-01,6.055710911750793457e-01,3.039044141769409180e-01,6.274772435426712036e-02,-1.694122701883316040e-01,1.496003568172454834e-01,8.435628563165664673e-02,-1.257854342460632324e+00,6.539623737335205078e-01,-8.899884819984436035e-01,-1.778322039172053337e-03,-4.512510299682617188e-01,-2.707084417343139648e-01,1.251119971275329590e-01,-9.126353859901428223e-01,-7.096266150474548340e-01,2.915367782115936279e-01,-4.264492690563201904e-01,3.169184625148773193e-01,-3.442725837230682373e-01,-3.367246091365814209e-01
3.379096090793609619e-02,1.547823250293731689e-01,7.280054688453674316e-01,1.518029272556304932e-01,-6.636849045753479004e-02,5.631114840507507324e-01,-8.096027374267578125e-01,-5.053923279047012329e-02,1.021624729037284851e-02,-1.104691158980131149e-02,1.343844980001449585e-01,1.279282122850418091e-01,-4.380603134632110596e-02,-2.719629406929016113e-01,-5.372286960482597351e-02,-2.567858994007110596e-01,4.649731814861297607e-01,3.173940479755401611e-01,8.374179154634475708e-02,-1.880251318216323853e-01,1.270913630723953247e-01,7.090532034635543823e-02,-1.324453711509704590e+00,6.093110442161560059e-01,-9.022925496101379395e-01,7.055234163999557495e-02,-4.366983473300933838e-01,-2.651186287403106689e-01,1.515736877918243408e-01,-9.659346342086791992e-01,-6.940420269966125488e-01,3.326500356197357178e-01,-3.902924656867980957e-01,3.351764082908630371e-01,-3.520073890686035156e-01,-3.629277944564819336e-01
3.392902016639709473e-02,1.542694270610809326e-01,7.265300154685974121e-01,1.413853913545608521e-01,-5.437315255403518677e-02,5.530884861946105957e-01,-8.192355632781982422e-01,-4.031448811292648315e-02,-1.806796714663505554e-02,-1.126215700060129166e-02,1.408868730068206787e-01,1.230825632810592651e-01,-4.459637030959129333e-02,-2.419217526912689209e-01,-6.363031268119812012e-02,-2.543789744377136230e-01,3.766422271728515625e-01,3.389275968074798584e-01,9.894360601902008057e-02,-2.031175494194030762e-01,1.065361648797988892e-01,6.372809410095214844e-02,-1.377639651298522949e+00,5.682902336120605469e-01,-9.143913984298706055e-01,1.194080635905265808e-01,-3.959582746028900146e-01,-2.641723752021789551e-01,1.554422825574874878e-01,-1.003157496452331543e+00,-6.818276047706604004e-01,3.562161326408386230e-01,-3.632941842079162598e-01,3.386207222938537598e-01,-3.616345524787902832e-01,-3.759263753890991211e-01
3.532472625374794006e-02,1.535895764827728271e-01,7.245913743972778320e-01,1.331437528133392334e-01,-4.766946658492088318e-02,5.428577065467834473e-01,-8.278320431709289551e-01,-3.311010450124740601e-02,-3.334411978721618652e-02,-4.654134158045053482e-03,1.450770646333694458e-01,1.254719197750091553e-01,-4.218821227550506592e-02,-2.171403169631958008e-01,-6.748458743095397949e-02,-2.503741979598999023e-01,3.329611420631408691e-01,3.513416945934295654e-01,1.116536855697631836e-01,-2.111656516790390015e-01,9.352748841047286987e-02,6.656523793935775757e-02,-1.384117364883422852e+00,5.352043509483337402e-01,-9.186863899230957031e-01,1.447896361351013184e-01,-3.874204456806182861e-01,-2.666107118129730225e-01,1.590065807104110718e-01,-1.007277965545654297e+00,-6.695258617401123047e-01,3.632996380329132080e-01,-3.518237471580505371e-01,3.489960432052612305e-01,-3.766945898532867432e-01,-3.819833099842071533e-01
3.851723670959472656e-02,1.530541777610778809e-01,7.224274277687072754e-01,1.287889778614044189e-01,-4.552387818694114685e-02,5.319096446037292480e-01,-8.357111215591430664e-01,-2.587904222309589386e-02,-3.693564236164093018e-02,-6.943827960640192032e-03,1.446857899427413940e-01,1.355825066566467285e-01,-3.740407899022102356e-02,-2.098116725683212280e-01,-6.161146610975265503e-02,-2.341821342706680298e-01,3.225012719631195068e-01,3.713191449642181396e-01,1.207755729556083679e-01,-2.156921625137329102e-01,9.270706027746200562e-02,7.370933145284652710e-02,-1.346028923988342285e+00,5.262377262115478516e-01,-9.137947559356689453e-01,1.198133304715156555e-01,-3.869155049324035645e-01,-2.846339344978332520e-01,1.456718593835830688e-01,-9.672465920448303223e-01,-6.642330288887023926e-01,3.305993080139160156e-01,-3.667257428169250488e-01,3.285441398620605469e-01,-3.905962407588958740e-01,-3.820578753948211670e-01
4.258143901824951172e-02,1.517129391431808472e-01,7.191103100776672363e-01,1.198951080441474915e-01,-4.417358711361885071e-02,5.273582935333251953e-01,-8.399804234504699707e-01,-2.751087024807929993e-02,-4.207977652549743652e-02,1.491139736026525497e-02,1.542745679616928101e-01,1.550711244344711304e-01,-3.517198562622070312e-02,-1.922242492437362671e-01,-7.293528318405151367e-02,-2.202317565679550171e-01,2.914264798164367676e-01,3.751899600028991699e-01,1.291426867246627808e-01,-2.114113569259643555e-01,8.054978400468826294e-02,7.730600237846374512e-02,-1.252081394195556641e+00,5.303370952606201172e-01,-9.001746177673339844e-01,7.073783129453659058e-02,-3.942214846611022949e-01,-2.947556376457214355e-01,1.014902889728546143e-01,-8.762645125389099121e-01,-6.640979647636413574e-01,2.799806594848632812e-01,-4.235186278820037842e-01,3.105031251907348633e-01,-3.982109129428863525e-01,-3.647430539131164551e-01
4.765828698873519897e-02,1.523036360740661621e-01,7.156611084938049316e-01,1.165414154529571533e-01,-3.854308649897575378e-02,5.010141730308532715e-01,-8.566897511482238770e-01,-1.827635429799556732e-02,-5.167515203356742859e-02,7.100013084709644318e-03,1.674670726060867310e-01,1.756909638643264771e-01,-4.099807515740394592e-02,-1.813907623291015625e-01,-7.829684764146804810e-02,-2.053904086351394653e-01,2.738567292690277100e-01,3.842248022556304932e-01,1.396414488554000854e-01,-2.016574889421463013e-01,6.830139458179473877e-02,7.437051087617874146e-02,-1.090577602386474609e+00,5.506233572959899902e-01,-8.722618222236633301e-01,-8.160970173776149750e-03,-4.137158989906311035e-01,-2.949028015136718750e-01,6.005753949284553528e-02,-7.238499522209167480e-01,-6.545293331146240234e-01,2.188583612442016602e-01,-4.928688406944274902e-01,3.165692985057830811e-01,-3.916142284870147705e-01,-3.462885022163391113e-01
5.231581628322601318e-02,1.536504477262496948e-01,7.126204371452331543e-01,1.098047867417335510e-01,-3.118919394910335541e-02,4.751198589801788330e-01,-8.724856972694396973e-01,-1.404834166169166565e-02,-6.436973065137863159e-02,1.556162722408771515e-03,1.902756541967391968e-01,1.956131458282470703e-01,-4.139592498540878296e-02,-1.690061390399932861e-01,-8.873743563890457153e-02,-1.877398639917373657e-01,2.472746223211288452e-01,3.851944804191589355e-01,1.353386789560317993e-01,-1.903058439493179321e-01,5.934727191925048828e-02,8.284826576709747314e-02,-8.777143955230712891e-01,5.829373598098754883e-01,-8.300926685333251953e-01,-5.296671018004417419e-02,-4.546545147895812988e-01,-2.944278419017791748e-01,1.888541877269744873e-02,-5.349879860877990723e-01,-6.264683604240417480e-01,1.268802434206008911e-01,-5.603815317153930664e-01,3.099205791950225830e-01,-3.920416533946990967e-01,-3.402755260467529297e-01
5.645709112286567688e-02,1.544872969388961792e-01,7.097998857498168945e-01,9.519713371992111206e-02,-3.418402001261711121e-02,4.919229745864868164e-01,-8.647431731224060059e-01,-2.459642477333545685e-02,-6.291028857231140137e-02,3.590885922312736511e-02,1.962534040212631226e-01,1.998538374900817871e-01,-2.912887744605541229e-02,-1.599361747503280640e-01,-1.006410270929336548e-01,-1.708748042583465576e-01,2.240961194038391113e-01,3.936660885810852051e-01,1.383391916751861572e-01,-1.910579502582550049e-01,3.721772134304046631e-02,9.686992317438125610e-02,-6.253773570060729980e-01,6.180981397628784180e-01,-7.691622972488403320e-01,-7.522425800561904907e-02,-5.331425070762634277e-01,-2.894926071166992188e-01,-2.338935621082782745e-02,-3.174273073673248291e-01,-5.994994044303894043e-01,4.969989508390426636e-02,-6.106988787651062012e-01,3.347494900226593018e-01,-3.801046311855316162e-01,-3.159298002719879150e-01
6.090325862169265747e-02,1.554083228111267090e-01,7.073361873626708984e-01,8.342471718788146973e-02,-3.679857403039932251e-02,5.106715559959411621e-01,-8.549273610115051270e-01,-3.773931041359901428e-02,-5.985709279775619507e-02,4.655295237898826599e-02,2.264674901962280273e-01,1.898746639490127563e-01,-1.906618475914001465e-02,-1.584954410791397095e-01,-1.079068779945373535e-01,-1.446282863616943359e-01,2.210726886987686157e-01,3.768000304698944092e-01,1.409242451190948486e-01,-1.877331137657165527e-01,1.987486518919467926e-02,1.184890642762184143e-01,-4.004310667514801025e-01,6.383885741233825684e-01,-6.923533678054809570e-01,-6.432024389505386353e-02,-5.499230623245239258e-01,-2.873384058475494385e-01,-5.133130773901939392e-02,-1.588074266910552979e-01,-5.562191605567932129e-01,-3.165783733129501343e-02,-6.309805512428283691e-01,2.993148565292358398e-01,-3.707847893238067627e-01,-3.208755552768707275e-01
6.577250361442565918e-02,1.572308391332626343e-01,7.058565616607666016e-01,6.899238377809524536e-02,-3.001588769257068634e-02,5.282983779907226562e-01,-8.457186222076416016e-01,-4.939801990985870361e-02,-6.559757143259048462e-02,3.968374431133270264e-02,2.882711589336395264e-01,1.793137192726135254e-01,-2.605205401778221130e-02,-1.587460041046142578e-01,-1.307896673679351807e-01,-1.258255988359451294e-01,2.167115807533264160e-01,3.581764698028564453e-01,1.465840935707092285e-01,-1.711082905530929565e-01,-5.562999751418828964e-03,1.380421072244644165e-01,-1.476757377386093140e-01,6.448217630386352539e-01,-5.697568058967590332e-01,-2.955810725688934326e-02,-5.713055133819580078e-01,-2.807473540306091309e-01,-5.250424146652221680e-02,1.068644691258668900e-02,-5.439372658729553223e-01,-1.102378368377685547e-01,-6.296447515487670898e-01,2.521737217903137207e-01,-3.565247356891632080e-01,-3.325647413730621338e-01
7.071355730295181274e-02,1.593348383903503418e-01,7.050631642341613770e-01,5.579129233956336975e-02,-2.602265216410160065e-02,5.519403219223022461e-01,-8.316080570220947266e-01,-6.387273967266082764e-02,-5.574446916580200195e-02,3.286536037921905518e-02,3.461787104606628418e-01,1.529138386249542236e-01,-3.260885551571846008e-02,-1.703657358884811401e-01,-1.605107188224792480e-01,-1.180620044469833374e-01,2.293713241815567017e-01,3.500388264656066895e-01,1.476125866174697876e-01,-1.671783179044723511e-01,-2.730748802423477173e-02,1.545169502496719360e-01,5.019349232316017151e-02,6.624539494514465332e-01,-4.686245620250701904e-01,-1.542936824262142181e-02,-5.865961909294128418e-01,-2.840612828731536865e-01,-6.262409687042236328e-02,1.312601864337921143e-01,-5.227051377296447754e-01,-1.915570944547653198e-01,-6.376575231552124023e-01,2.147490978240966797e-01,-3.548378944396972656e-01,-3.546625077724456787e-01
7.656572014093399048e-02,1.627458035945892334e-01,7.036898732185363770e-01,4.619580134749412537e-02,-1.845127157866954803e-02,5.666462779045104980e-01,-8.224582076072692871e-01,-7.703474164009094238e-02,-3.775609284639358521e-02,1.255674287676811218e-02,4.302385151386260986e-01,1.327612996101379395e-01,-2.626769617199897766e-02,-1.799058169126510620e-01,-2.059807777404785156e-01,-1.110767945647239685e-01,2.443755269050598145e-01,3.582495748996734619e-01,1.491080969572067261e-01,-1.575772762298583984e-01,-5.170776695013046265e-02,1.789155304431915283e-01,2.104566693305969238e-01,6.726039648056030273e-01,-3.810375928878784180e-01,1.078163855709135532e-03,-6.372263431549072266e-01,-2.753535211086273193e-01,-5.750256031751632690e-02,2.260303497314453125e-01,-5.049782991409301758e-01,-2.830101549625396729e-01,-6.390752196311950684e-01,1.787960529327392578e-01,-3.503754138946533203e-01,-4.094026088714599609e-01
8.125542849302291870e-02,1.664749532938003540e-01,7.013235092163085938e-01,3.578780964016914368e-02,-1.312334556132555008e-02,5.886883139610290527e-01,-8.074609041213989258e-01,-7.705182582139968872e-02,1.827823230996727943e-03,1.738533959724009037e-03,4.696982502937316895e-01,1.262163221836090088e-01,-3.151353448629379272e-02,-1.942414045333862305e-01,-2.522547543048858643e-01,-1.226309463381767273e-01,2.488995343446731567e-01,3.460316061973571777e-01,1.460878252983093262e-01,-1.472089588642120361e-01,-6.550115346908569336e-02,1.917138546705245972e-01,3.386310040950775146e-01,6.905877590179443359e-01,-2.589194178581237793e-01,3.818785399198532104e-02,-6.930988430976867676e-01,-2.641395926475524902e-01,-6.446585804224014282e-02,3.031744062900543213e-01,-5.097813010215759277e-01,-3.864091336727142334e-01,-6.334253549575805664e-01,1.688926368951797485e-01,-3.375466167926788330e-01,-4.305583238601684570e-01
8.666922897100448608e-02,1.710046529769897461e-01,6.974785327911376953e-01,2.148216776549816132e-02,-3.161289496347308159e-03,6.023784875869750977e-01,-7.979152202606201172e-01,-8.715153485536575317e-02,6.167335808277130127e-02,7.685428485274314880e-03,5.347336530685424805e-01,1.110077798366546631e-01,-2.467182278633117676e-02,-2.144806385040283203e-01,-3.113268017768859863e-01,-1.326425522565841675e-01,2.571483850479125977e-01,3.292436599731445312e-01,1.393211334943771362e-01,-1.357598900794982910e-01,-7.946718484163284302e-02,2.048559635877609253e-01,4.706774652004241943e-01,7.054573893547058105e-01,-1.071654856204986572e-01,8.011270314455032349e-02,-7.588844895362854004e-01,-2.638666629791259766e-01,-4.970134794712066650e-02,3.590829670429229736e-01,-5.173244476318359375e-01,-4.903548955917358398e-01,-6.048934459686279297e-01,1.840081214904785156e-01,-3.316796422004699707e-01,-4.687825143337249756e-01
9.195190668106079102e-02,1.760498285293579102e-01,6.929370164871215820e-01,1.343446224927902222e-02,2.985292579978704453e-03,6.181522011756896973e-01,-7.859379649162292480e-01,-9.104512631893157959e-02,1.303491294384002686e-01,-1.945103146135807037e-02,5.812708139419555664e-01,1.198292449116706848e-01,-2.419065125286579132e-02,-2.488198727369308472e-01,-3.616622388362884521e-01,-1.279240846633911133e-01,2.799238860607147217e-01,3.308542072772979736e-01,1.403453797101974487e-01,-1.214132606983184814e-01,-8.176679909229278564e-02,2.168325930833816528e-01,5.923537015914916992e-01,7.270558476448059082e-01,1.051580086350440979e-01,1.923043578863143921e-01,-8.532029390335083008e-01,-2.572221159934997559e-01,1.144795562140643597e-03,4.018576741218566895e-01,-5.422476530075073242e-01,-6.078914999961853027e-01,-5.483738780021667480e-01,2.483645826578140259e-01,-3.327236175537109375e-01,-5.256338715553283691e-01
7.905857264995574951e-02,1.802611202001571655e-01,6.862276196479797363e-01,8.275080472230911255e-03,7.773132529109716415e-03,6.505261063575744629e-01,-7.593990564346313477e-01,-1.007588282227516174e-01,2.141517102718353271e-01,-7.350056897848844528e-03,6.597912311553955078e-01,9.623223543167114258e-02,-1.239627134054899216e-02,-2.753688693046569824e-01,-4.188159704208374023e-01,-1.379066109657287598e-01,2.885104119777679443e-01,2.719044983386993408e-01,1.284510344266891479e-01,-1.127422899007797241e-01,-9.322311729192733765e-02,2.176392674446105957e-01,6.640848517417907715e-01,7.646875381469726562e-01,3.410803973674774170e-01,3.659881353378295898e-01,-8.898321986198425293e-01,-2.586447000503540039e-01,8.464581519365310669e-02,4.232932329177856445e-01,-6.147041916847229004e-01,-7.017487287521362305e-01,-4.740562438964843750e-01,2.745307683944702148e-01,-3.305946886539459229e-01,-5.950171351432800293e-01
8.186778426170349121e-02,1.834213137626647949e-01,6.787421107292175293e-01,3.955353982746601105e-03,7.620661985129117966e-03,6.644458770751953125e-01,-7.472870349884033203e-01,-1.071281731128692627e-01,3.125534355640411377e-01,9.067049250006675720e-03,7.042846083641052246e-01,1.187651008367538452e-01,-8.308056741952896118e-03,-3.066029250621795654e-01,-4.689350128173828125e-01,-1.468361020088195801e-01,3.107187449932098389e-01,2.275945544242858887e-01,1.061949208378791809e-01,-1.080483123660087585e-01,-8.631538599729537964e-02,2.217687815427780151e-01,7.036217451095581055e-01,8.160160779953002930e-01,5.800983309745788574e-01,6.375256180763244629e-01,-9.291325211524963379e-01,-2.314152568578720093e-01,1.909655332565307617e-01,4.260701239109039307e-01,-6.755092144012451172e-01,-7.616980075836181641e-01,-3.773521780967712402e-01,3.308598399162292480e-01,-3.338583111763000488e-01,-6.613194942474365234e-01
8.302147686481475830e-02,1.865203380584716797e-01,6.717419028282165527e-01,5.270859226584434509e-03,8.025359362363815308e-03,6.695644259452819824e-01,-7.426919341087341309e-01,-1.117170155048370361e-01,3.832849562168121338e-01,-8.585450123064219952e-04,7.485646009445190430e-01,1.428819447755813599e-01,-2.671325020492076874e-02,-3.394682705402374268e-01,-5.090581774711608887e-01,-1.549205183982849121e-01,3.372886478900909424e-01,1.879916787147521973e-01,8.142253756523132324e-02,-1.051902174949645996e-01,-7.673320174217224121e-02,2.264585047960281372e-01,7.291259169578552246e-01,9.061957001686096191e-01,7.747063636779785156e-01,8.546354770660400391e-01,-9.310390949249267578e-01,-1.925711482763290405e-01,2.453022450208663940e-01,4.288230538368225098e-01,-7.421789169311523438e-01,-8.108426332473754883e-01,-2.892362177371978760e-01,3.950733542442321777e-01,-3.338920772075653076e-01,-6.927123069763183594e-01
8.325117826461791992e-02,1.897949427366256714e-01,6.654032468795776367e-01,3.278453368693590164e-03,1.129779964685440063e-02,6.796234846115112305e-01,-7.334668040275573730e-01,-1.214772090315818787e-01,4.268553853034973145e-01,-3.387577086687088013e-02,8.082627654075622559e-01,1.538804769515991211e-01,-5.994069948792457581e-02,-3.739467263221740723e-01,-5.435615181922912598e-01,-1.517468839883804321e-01,3.558348417282104492e-01,1.420309245586395264e-01,6.180834770202636719e-02,-9.473720937967300415e-02,-7.544603198766708374e-02,2.332917749881744385e-01,7.321766018867492676e-01,1.008882761001586914e+00,9.274975061416625977e-01,9.883176088333129883e-01,-9.500386714935302734e-01,-1.738474071025848389e-01,2.973894476890563965e-01,4.279502332210540771e-01,-8.213835954666137695e-01,-8.546823859214782715e-01,-1.978195458650588989e-01,4.236457347869873047e-01,-3.320930004119873047e-01,-7.280630469322204590e-01
8.258003741502761841e-02,1.926155537366867065e-01,6.605186462402343750e-01,9.145347867161035538e-04,1.191925816237926483e-02,6.871185302734375000e-01,-7.264469861984252930e-01,-1.175382807850837708e-01,4.602214097976684570e-01,-6.913356482982635498e-02,8.344265818595886230e-01,1.485597342252731323e-01,-8.567497134208679199e-02,-4.115328788757324219e-01,-5.759743452072143555e-01,-1.583741605281829834e-01,3.773739039897918701e-01,1.020733937621116638e-01,5.037663877010345459e-02,-8.713247627019882202e-02,-7.151104509830474854e-02,2.362260520458221436e-01,7.548984885215759277e-01,1.099542856216430664e+00,1.028471589088439941e+00,1.092232227325439453e+00,-9.133617877960205078e-01,-1.417289823293685913e-01,3.183610141277313232e-01,4.302315413951873779e-01,-9.051327109336853027e-01,-8.958391547203063965e-01,-9.583283960819244385e-02,4.301596283912658691e-01,-3.169179856777191162e-01,-7.535040974617004395e-01
8.135288953781127930e-02,1.946049034595489502e-01,6.559638977050781250e-01,-2.283570123836398125e-03,1.352632883936166763e-02,6.914370059967041016e-01,-7.223064899444580078e-01,-1.113688647747039795e-01,4.982905387878417969e-01,-9.503618627786636353e-02,8.541754484176635742e-01,1.354150623083114624e-01,-1.079782396554946899e-01,-4.490495026111602783e-01,-6.094896793365478516e-01,-1.640222966670989990e-01,3.995925486087799072e-01,7.240452617406845093e-02,2.937740832567214966e-02,-8.290342241525650024e-02,-6.905480474233627319e-02,2.489049285650253296e-01,7.816614508628845215e-01,1.155137181282043457e+00,1.088821768760681152e+00,1.150818824768066406e+00,-8.754926323890686035e-01,-1.184745877981185913e-01,3.363225758075714111e-01,4.379653334617614746e-01,-9.884936213493347168e-01,-9.360687136650085449e-01,3.602366149425506592e-02,4.421142935752868652e-01,-2.972368001937866211e-01,-7.833339571952819824e-01
8.054842054843902588e-02,1.966145932674407959e-01,6.519320607185363770e-01,-3.260191064327955246e-03,1.582433283329010010e-02,6.930590271949768066e-01,-7.206997275352478027e-01,-1.069254055619239807e-01,5.193573832511901855e-01,-1.258328706026077271e-01,8.831257224082946777e-01,1.272206306457519531e-01,-1.252105832099914551e-01,-4.729114174842834473e-01,-6.296873688697814941e-01,-1.576721668243408203e-01,4.168660342693328857e-01,5.548459663987159729e-02,1.398023776710033417e-02,-8.316231518983840942e-02,-6.983231008052825928e-02,2.567104399204254150e-01,7.916299700736999512e-01,1.172963619232177734e+00,1.099561452865600586e+00,1.180062890052795410e+00,-8.485121130943298340e-01,-1.025348305702209473e-01,3.391331732273101807e-01,4.384978711605072021e-01,-1.062799096107482910e+00,-9.494489431381225586e-01,1.766438037157058716e-01,4.613984227180480957e-01,-2.796965539455413818e-01,-7.809014916419982910e-01
8.065285533666610718e-02,1.985047161579132080e-01,6.488223671913146973e-01,2.963870647363364697e-04,1.835866644978523254e-02,6.857979893684387207e-01,-7.275602817535400391e-01,-1.054930016398429871e-01,5.311900973320007324e-01,-1.455686986446380615e-01,9.136731028556823730e-01,9.974754601716995239e-02,-1.221075430512428284e-01,-4.923622012138366699e-01,-6.446593403816223145e-01,-1.517238914966583252e-01,4.487352073192596436e-01,4.607764631509780884e-02,5.268447101116180420e-03,-8.666767179965972900e-02,-7.287023216485977173e-02,2.709133923053741455e-01,7.972030043601989746e-01,1.143795967102050781e+00,1.059449791908264160e+00,1.194115042686462402e+00,-8.182162046432495117e-01,-9.017569571733474731e-02,3.278049528598785400e-01,4.456505775451660156e-01,-1.089287161827087402e+00,-9.446867704391479492e-01,2.822061777114868164e-01,4.696032404899597168e-01,-2.697491347789764404e-01,-7.782746553421020508e-01
8.144631236791610718e-02,2.003387510776519775e-01,6.463386416435241699e-01,4.985014908015727997e-03,2.184909209609031677e-02,6.815931797027587891e-01,-7.313880324363708496e-01,-1.061825752258300781e-01,5.119934678077697754e-01,-1.667838543653488159e-01,9.656460285186767578e-01,6.075258180499076843e-02,-1.225267425179481506e-01,-4.994121491909027100e-01,-6.393956542015075684e-01,-1.250365376472473145e-01,4.617888033390045166e-01,3.542185947299003601e-02,6.849617348052561283e-04,-9.778668731451034546e-02,-7.723841816186904907e-02,2.831017374992370605e-01,7.696551084518432617e-01,1.061163067817687988e+00,9.464660882949829102e-01,1.182771086692810059e+00,-7.811149954795837402e-01,-8.703923970460891724e-02,2.975844144821166992e-01,4.244168698787689209e-01,-1.077634453773498535e+00,-8.975141048431396484e-01,2.987945377826690674e-01,4.765502810478210449e-01,-2.773893475532531738e-01,-7.476242780685424805e-01
8.291316032409667969e-02,2.020732164382934570e-01,6.445260047912597656e-01,7.919633761048316956e-03,2.811752818524837494e-02,6.688624024391174316e-01,-7.428120374679565430e-01,-1.247860863804817200e-01,4.884075522422790527e-01,-1.829394698143005371e-01,1.027719855308532715e+00,2.858338877558708191e-02,-1.185360997915267944e-01,-4.896688163280487061e-01,-6.305786967277526855e-01,-9.836509823799133301e-02,4.699800610542297363e-01,4.650003090500831604e-02,-5.502782762050628662e-03,-1.154594644904136658e-01,-8.581896126270294189e-02,2.991479635238647461e-01,7.395382523536682129e-01,9.576123356819152832e-01,7.686623930931091309e-01,1.145997762680053711e+00,-7.342649698257446289e-01,-8.409039676189422607e-02,2.289512902498245239e-01,4.017586410045623779e-01,-1.032789945602416992e+00,-8.378277420997619629e-01,2.704115211963653564e-01,4.697639048099517822e-01,-2.721950113773345947e-01,-6.934372186660766602e-01
8.435051143169403076e-02,2.036371827125549316e-01,6.435278654098510742e-01,7.745189126580953598e-03,3.348405286669731140e-02,6.570138335227966309e-01,-7.530947327613830566e-01,-1.384261548519134521e-01,4.561516344547271729e-01,-1.973827034235000610e-01,1.068928837776184082e+00,-2.610964700579643250e-02,-1.027858927845954895e-01,-4.761777520179748535e-01,-6.188023090362548828e-01,-8.077663183212280273e-02,4.688511788845062256e-01,5.726413428783416748e-02,-1.665849355049431324e-03,-1.329445391893386841e-01,-1.033227220177650452e-01,3.123794794082641602e-01,6.702308654785156250e-01,8.307486176490783691e-01,5.361802577972412109e-01,1.060919761657714844e+00,-7.078940272331237793e-01,-8.965296298265457153e-02,1.666808277368545532e-01,3.758751749992370605e-01,-9.522618651390075684e-01,-7.423907518386840820e-01,1.795876473188400269e-01,4.563600420951843262e-01,-2.674703001976013184e-01,-6.310412287712097168e-01
8.731033653020858765e-02,2.053253352642059326e-01,6.428636908531188965e-01,5.565912928432226181e-03,4.529512673616409302e-02,6.366971135139465332e-01,-7.697623968124389648e-01,-1.705422848463058472e-01,3.809224069118499756e-01,-2.123687565326690674e-01,1.172348022460937500e+00,-6.515002995729446411e-02,-9.205073863267898560e-02,-4.393217265605926514e-01,-5.886689424514770508e-01,-4.841454699635505676e-02,4.624235332012176514e-01,6.963273137807846069e-02,-5.758090992458164692e-04,-1.470881551504135132e-01,-1.160185262560844421e-01,3.092653155326843262e-01,5.756047964096069336e-01,6.968665122985839844e-01,2.873888313770294189e-01,9.659305214881896973e-01,-6.646609902381896973e-01,-9.793806076049804688e-02,9.427424520254135132e-02,3.154103159904479980e-01,-8.455386757850646973e-01,-6.072407364845275879e-01,5.188816040754318237e-02,4.809205830097198486e-01,-2.715598046779632568e-01,-5.361990332603454590e-01
9.045793116092681885e-02,2.066840529441833496e-01,6.433786749839782715e-01,-2.290234435349702835e-03,5.756089091300964355e-02,6.178683042526245117e-01,-7.841684818267822266e-01,-2.201933860778808594e-01,2.837497591972351074e-01,-2.340339273214340210e-01,1.264320135116577148e+00,-1.134623363614082336e-01,-9.529140591621398926e-02,-3.942808806896209717e-01,-5.461704730987548828e-01,3.172289580106735229e-03,4.248397052288055420e-01,9.352385252714157104e-02,2.163574472069740295e-02,-1.515370160341262817e-01,-1.370772868394851685e-01,3.071102201938629150e-01,4.711807668209075928e-01,5.873280763626098633e-01,1.028558835387229919e-01,8.594377040863037109e-01,-6.358730196952819824e-01,-1.111518591642379761e-01,3.854106366634368896e-02,2.370516359806060791e-01,-7.352252006530761719e-01,-4.573831856250762939e-01,-7.622419297695159912e-02,5.115324258804321289e-01,-2.725396454334259033e-01,-4.343785345554351807e-01
9.388227015733718872e-02,2.072388082742691040e-01,6.444631218910217285e-01,-9.993772953748703003e-03,6.810567528009414673e-02,5.975007414817810059e-01,-7.989084124565124512e-01,-3.086891770362854004e-01,1.732627302408218384e-01,-2.305133640766143799e-01,1.398495674133300781e+00,-1.609062552452087402e-01,-8.503685891628265381e-02,-3.454106748104095459e-01,-5.056822299957275391e-01,4.975808784365653992e-02,3.991756141185760498e-01,1.115802153944969177e-01,3.593461588025093079e-02,-1.508062779903411865e-01,-1.594915091991424561e-01,3.052695393562316895e-01,3.579812347888946533e-01,5.144407153129577637e-01,-6.007523834705352783e-02,7.479568123817443848e-01,-6.297379136085510254e-01,-1.291260421276092529e-01,-1.891908422112464905e-02,1.563483327627182007e-01,-6.675652265548706055e-01,-3.131002187728881836e-01,-1.937464177608489990e-01,5.286217331886291504e-01,-2.709384858608245850e-01,-3.458627164363861084e-01
9.642978012561798096e-02,2.073190659284591675e-01,6.458293199539184570e-01,-1.537530124187469482e-02,7.400729507207870483e-02,5.856442451477050781e-01,-8.070361614227294922e-01,-3.872999548912048340e-01,1.047702059149742126e-01,-2.010567635297775269e-01,1.454272508621215820e+00,-1.524844914674758911e-01,-5.158417299389839172e-02,-2.960126399993896484e-01,-4.731061458587646484e-01,7.237824052572250366e-02,3.749642968177795410e-01,1.487527936697006226e-01,4.378912225365638733e-02,-1.490741968154907227e-01,-1.761803478002548218e-01,3.011634051799774170e-01,2.322459369897842407e-01,4.899598360061645508e-01,-2.126355469226837158e-01,6.012668609619140625e-01,-6.311461925506591797e-01,-1.468495279550552368e-01,-3.195172920823097229e-02,6.616633385419845581e-02,-6.369698047637939453e-01,-1.970813721418380737e-01,-3.205284476280212402e-01,4.912421405315399170e-01,-2.839016020298004150e-01,-3.171617388725280762e-01
9.866154938936233521e-02,2.069831490516662598e-01,6.482226252555847168e-01,-1.183628477156162262e-02,7.331283390522003174e-02,5.822941660881042480e-01,-8.095793128013610840e-01,-4.563829004764556885e-01,5.218753591179847717e-02,-1.534633189439773560e-01,1.456674814224243164e+00,-1.309279054403305054e-01,-2.965648844838142395e-02,-2.486783117055892944e-01,-4.355534017086029053e-01,7.421526312828063965e-02,3.571502268314361572e-01,1.759822219610214233e-01,4.074579849839210510e-02,-1.394194960594177246e-01,-1.793531924486160278e-01,2.901219427585601807e-01,9.884469956159591675e-02,4.986286759376525879e-01,-3.360539078712463379e-01,4.025347828865051270e-01,-6.621564626693725586e-01,-1.750075817108154297e-01,-1.772316917777061462e-02,-3.021357767283916473e-02,-6.287297606468200684e-01,-9.886979311704635620e-02,-4.255803227424621582e-01,4.453121721744537354e-01,-2.942666113376617432e-01,-2.922349572181701660e-01
1.000924259424209595e-01,2.065025866031646729e-01,6.498583555221557617e-01,-8.290284313261508942e-03,6.842452287673950195e-02,5.886359214782714844e-01,-8.054546117782592773e-01,-5.040290355682373047e-01,3.300432860851287842e-02,-7.758045196533203125e-02,1.416578888893127441e+00,-1.019111052155494690e-01,-1.495895790867507458e-03,-2.010979354381561279e-01,-3.966050148010253906e-01,6.435372680425643921e-02,3.447179496288299561e-01,2.030003964900970459e-01,4.493601247668266296e-02,-1.257673054933547974e-01,-1.725409179925918579e-01,2.657836973667144775e-01,-4.825094342231750488e-02,5.205365419387817383e-01,-4.484601318836212158e-01,1.985793113708496094e-01,-6.687431335449218750e-01,-2.062134295701980591e-01,8.093580836430191994e-04,-1.443416029214859009e-01,-6.625137925148010254e-01,-1.253019832074642181e-02,-5.099440217018127441e-01,3.788124322891235352e-01,-2.881373763084411621e-01,-2.525795698165893555e-01
1.002168804407119751e-01,2.069513797760009766e-01,6.520630717277526855e-01,1.133513142121955752e-04,6.437239050865173340e-02,5.936208963394165039e-01,-8.021661043167114258e-01,-5.406929850578308105e-01,2.449516206979751587e-02,4.684456158429384232e-03,1.374885559082031250e+00,-7.239554077386856079e-02,3.175416216254234314e-02,-1.533880680799484253e-01,-3.648327887058258057e-01,4.816775768995285034e-02,3.173510730266571045e-01,2.163497060537338257e-01,5.064086988568305969e-02,-1.011013090610504150e-01,-1.689766198396682739e-01,2.389532476663589478e-01,-2.155724018812179565e-01,5.561698675155639648e-01,-5.180832147598266602e-01,2.499685063958168030e-02,-6.475302577018737793e-01,-2.441370487213134766e-01,1.142517663538455963e-02,-2.608047723770141602e-01,-7.129097580909729004e-01,3.583221137523651123e-02,-5.756430625915527344e-01,2.964742183685302734e-01,-2.840263247489929199e-01,-2.379253506660461426e-01
1.001257225871086121e-01,2.069974094629287720e-01,6.556397676467895508e-01,1.361051667481660843e-02,6.000409275293350220e-02,6.064332723617553711e-01,-7.927502393722534180e-01,-5.665817856788635254e-01,2.769554778933525085e-02,7.494433969259262085e-02,1.302253842353820801e+00,-4.597181081771850586e-02,4.797840863466262817e-02,-1.131846755743026733e-01,-3.247635960578918457e-01,3.829023987054824829e-02,3.043374419212341309e-01,2.338008284568786621e-01,5.845984071493148804e-02,-7.182306051254272461e-02,-1.621757298707962036e-01,2.194629758596420288e-01,-4.350174069404602051e-01,5.997444391250610352e-01,-6.067161560058593750e-01,-1.127655506134033203e-01,-6.378930807113647461e-01,-2.703336775302886963e-01,3.368618711829185486e-02,-4.280543029308319092e-01,-7.771526575088500977e-01,1.192999333143234253e-01,-6.184017658233642578e-01,2.245756834745407104e-01,-2.694503664970397949e-01,-2.293530553579330444e-01
9.991883486509323120e-02,2.090649008750915527e-01,6.611673235893249512e-01,2.910142578184604645e-02,5.408678203821182251e-02,6.076762080192565918e-01,-7.918063998222351074e-01,-5.379342436790466309e-01,5.887339357286691666e-03,1.437983661890029907e-01,1.142696857452392578e+00,1.491547562181949615e-02,3.447109088301658630e-02,-8.627235144376754761e-02,-2.814043164253234863e-01,1.180370617657899857e-02,3.035028576850891113e-01,2.948135733604431152e-01,7.520253956317901611e-02,-4.689886793494224548e-02,-1.429823040962219238e-01,1.823959499597549438e-01,-6.373435258865356445e-01,6.202815771102905273e-01,-6.678404211997985840e-01,-1.910048127174377441e-01,-5.956938266754150391e-01,-2.981562614440917969e-01,6.131235137581825256e-02,-5.595938563346862793e-01,-7.941437959671020508e-01,1.892815977334976196e-01,-6.197227239608764648e-01,2.160350382328033447e-01,-2.860949933528900146e-01,-2.531983256340026855e-01
9.775158762931823730e-02,2.106500118970870972e-01,6.662468910217285156e-01,4.304422065615653992e-02,4.752518981695175171e-02,6.099982857704162598e-01,-7.898041605949401855e-01,-4.936005473136901855e-01,-3.669844474643468857e-03,2.053544372320175171e-01,9.443417787551879883e-01,5.779585242271423340e-02,1.883421279489994049e-02,-5.387348681688308716e-02,-2.243695408105850220e-01,9.552183561027050018e-03,2.830117046833038330e-01,3.376533687114715576e-01,1.007990315556526184e-01,-2.427608147263526917e-02,-1.210255622863769531e-01,1.603569090366363525e-01,-8.441529273986816406e-01,6.331903934478759766e-01,-7.149195671081542969e-01,-2.182679176330566406e-01,-5.012907385826110840e-01,-3.300749957561492920e-01,1.180897802114486694e-01,-7.318951487541198730e-01,-8.062161207199096680e-01,2.808391451835632324e-01,-5.679258108139038086e-01,2.140820175409317017e-01,-2.916804552078247070e-01,-2.625683844089508057e-01
9.525472670793533325e-02,2.128569334745407104e-01,6.725978851318359375e-01,5.656150728464126587e-02,3.442718461155891418e-02,6.392897367477416992e-01,-7.661097645759582520e-01,-4.259374141693115234e-01,4.602704429998993874e-04,2.225646972656250000e-01,7.161912322044372559e-01,8.753811568021774292e-02,1.045761350542306900e-02,-4.407500103116035461e-02,-1.612944304943084717e-01,2.041833475232124329e-02,2.921420037746429443e-01,3.668087720870971680e-01,1.166108399629592896e-01,-2.937946282327175140e-02,-9.720304608345031738e-02,1.285850107669830322e-01,-1.005483984947204590e+00,6.502234935760498047e-01,-7.574257254600524902e-01,-1.944717913866043091e-01,-4.700834751129150391e-01,-3.364629447460174561e-01,1.463314592838287354e-01,-8.465631008148193359e-01,-8.135272264480590820e-01,3.470059335231781006e-01,-5.362780094146728516e-01,2.059264481067657471e-01,-2.967864871025085449e-01,-2.724545001983642578e-01
9.001529961824417114e-02,2.159393727779388428e-01,6.794569492340087891e-01,7.301066070795059204e-02,2.044636197388172150e-02,6.607408523559570312e-01,-7.467750310897827148e-01,-3.287436664104461670e-01,9.579222649335861206e-03,2.019209712743759155e-01,4.711818099021911621e-01,1.566577255725860596e-01,-1.624778658151626587e-02,-3.948129713535308838e-02,-9.753422439098358154e-02,8.385168388485908508e-03,2.968650758266448975e-01,3.973171114921569824e-01,1.143352612853050232e-01,-3.630626574158668518e-02,-5.393567681312561035e-02,1.044106557965278625e-01,-1.141290307044982910e+00,6.559587717056274414e-01,-7.969771623611450195e-01,-1.372656375169754028e-01,-4.526994228363037109e-01,-3.339372277259826660e-01,1.687632948160171509e-01,-9.460599422454833984e-01,-8.174293637275695801e-01,4.068771004676818848e-01,-4.637048542499542236e-01,2.078524082899093628e-01,-3.005241751670837402e-01,-3.048618435859680176e-01
8.627855777740478516e-02,2.180131524801254272e-01,6.861481666564941406e-01,8.667126297950744629e-02,3.040710696950554848e-03,7.053514719009399414e-01,-7.035326361656188965e-01,-2.636615335941314697e-01,1.485633384436368942e-02,1.771467030048370361e-01,3.272888362407684326e-01,1.818267852067947388e-01,-3.914554789662361145e-02,-4.606424644589424133e-02,-5.404978245496749878e-02,-1.198352500796318054e-02,3.117910027503967285e-01,3.999068140983581543e-01,1.117503866553306580e-01,-5.298513174057006836e-02,-2.840120531618595123e-02,9.801890701055526733e-02,-1.261879920959472656e+00,6.427905559539794922e-01,-8.273082971572875977e-01,-6.147360056638717651e-02,-4.419652819633483887e-01,-3.334798812866210938e-01,1.924479603767395020e-01,-1.062030434608459473e+00,-8.028644919395446777e-01,4.696939885616302490e-01,-3.764594495296478271e-01,1.796421557664871216e-01,-3.042464852333068848e-01,-3.414781391620635986e-01
8.349182456731796265e-02,2.212952226400375366e-01,6.919386386871337891e-01,9.239127486944198608e-02,-4.482744261622428894e-03,7.150619626045227051e-01,-6.929142475128173828e-01,-2.252416312694549561e-01,2.076939679682254791e-02,1.645341813564300537e-01,2.570493519306182861e-01,1.690983325242996216e-01,-4.017284139990806580e-02,-4.886919260025024414e-02,-3.091613762080669403e-02,-2.247109077870845795e-02,3.152587413787841797e-01,3.908352255821228027e-01,1.070088893175125122e-01,-6.423089653253555298e-02,-2.426932007074356079e-02,8.854615688323974609e-02,-1.343970298767089844e+00,6.203516721725463867e-01,-8.496299386024475098e-01,5.006077699363231659e-03,-4.451865553855895996e-01,-3.250074088573455811e-01,2.095969021320343018e-01,-1.138416767120361328e+00,-7.973499894142150879e-01,5.208934545516967773e-01,-3.126734495162963867e-01,1.858863085508346558e-01,-2.996065914630889893e-01,-3.652602732181549072e-01
8.221128582954406738e-02,2.235736548900604248e-01,6.966459155082702637e-01,9.728730469942092896e-02,-1.564052328467369080e-02,7.381152510643005371e-01,-6.674402356147766113e-01,-1.929133683443069458e-01,2.393976412713527679e-02,1.492144316434860229e-01,2.129434049129486084e-01,1.666586250066757202e-01,-5.014131218194961548e-02,-5.640425160527229309e-02,-1.497696805745363235e-02,-3.878236934542655945e-02,3.287514448165893555e-01,3.884282112121582031e-01,1.091726794838905334e-01,-8.556997030973434448e-02,-1.839391700923442841e-02,8.621945232152938843e-02,-1.396207451820373535e+00,5.977934002876281738e-01,-8.605821132659912109e-01,7.309248298406600952e-02,-4.339194893836975098e-01,-3.168726861476898193e-01,2.207339704036712646e-01,-1.177040576934814453e+00,-7.853495478630065918e-01,5.417413115501403809e-01,-2.616246342658996582e-01,1.735589802265167236e-01,-3.025875985622406006e-01,-3.801180422306060791e-01
8.250801265239715576e-02,2.258815318346023560e-01,6.998891830444335938e-01,9.700886160135269165e-02,-1.620862819254398346e-02,7.375535964965820312e-01,-6.680877804756164551e-01,-1.748192608356475830e-01,1.666021719574928284e-02,1.415351629257202148e-01,2.179676294326782227e-01,1.592635512351989746e-01,-4.799516499042510986e-02,-5.769099667668342590e-02,-1.031429879367351532e-02,-3.885358572006225586e-02,3.196877539157867432e-01,3.834827840328216553e-01,1.127562299370765686e-01,-9.111375361680984497e-02,-2.629439346492290497e-02,9.148209542036056519e-02,-1.390832424163818359e+00,5.586663484573364258e-01,-8.407777547836303711e-01,9.462058544158935547e-02,-4.083688259124755859e-01,-3.138806223869323730e-01,2.333296090364456177e-01,-1.178497433662414551e+00,-7.690886259078979492e-01,5.430774092674255371e-01,-2.322239428758621216e-01,1.668654084205627441e-01,-3.020389676094055176e-01,-3.807297348976135254e-01
8.404560387134552002e-02,2.267160266637802124e-01,7.021745443344116211e-01,9.630200266838073730e-02,-1.306625269353389740e-02,7.159512042999267578e-01,-6.913530826568603516e-01,-1.649165004491806030e-01,5.176181904971599579e-03,1.313614249229431152e-01,2.354375869035720825e-01,1.674155443906784058e-01,-4.219100624322891235e-02,-6.582167744636535645e-02,-1.862450502812862396e-02,-5.188906192779541016e-02,3.140112459659576416e-01,3.880164623260498047e-01,1.182558387517929077e-01,-8.891132473945617676e-02,-3.178218007087707520e-02,1.044949814677238464e-01,-1.330448031425476074e+00,5.298813581466674805e-01,-8.210155963897705078e-01,9.496158361434936523e-02,-3.667546212673187256e-01,-3.131177723407745361e-01,2.456512898206710815e-01,-1.126597285270690918e+00,-7.692899107933044434e-01,5.235087871551513672e-01,-2.391381412744522095e-01,1.531482189893722534e-01,-3.113315105438232422e-01,-3.762707412242889404e-01
8.575186878442764282e-02,2.272050529718399048e-01,7.037615776062011719e-01,9.398607164621353149e-02,-1.335605513304471970e-02,6.946271657943725586e-01,-7.130787372589111328e-01,-1.568508148193359375e-01,-3.158196574077010155e-03,1.188358888030052185e-01,2.451058030128479004e-01,1.830557733774185181e-01,-3.515193238854408264e-02,-6.754221022129058838e-02,-3.132837638258934021e-02,-6.136258691549301147e-02,2.965049743652343750e-01,4.005394876003265381e-01,1.218586489558219910e-01,-8.152086287736892700e-02,-3.455255180597305298e-02,1.191347688436508179e-01,-1.228677034378051758e+00,5.099775195121765137e-01,-8.070622086524963379e-01,6.240440532565116882e-02,-3.809836506843566895e-01,-3.166373968124389648e-01,2.306022793054580688e-01,-1.021883130073547363e+00,-7.663243412971496582e-01,4.786557853221893311e-01,-2.938965857028961182e-01,1.485507488250732422e-01,-3.271190226078033447e-01,-3.736728429794311523e-01
8.844331651926040649e-02,2.271286994218826294e-01,7.048413157463073730e-01,9.146530926227569580e-02,-1.726104319095611572e-02,6.871815919876098633e-01,-7.204981446266174316e-01,-1.521092504262924194e-01,-6.439058110117912292e-03,1.055581122636795044e-01,2.558996379375457764e-01,2.022060900926589966e-01,-3.327583894133567810e-02,-7.891226559877395630e-02,-4.023857787251472473e-02,-6.528293341398239136e-02,2.969692647457122803e-01,4.148682653903961182e-01,1.312729567289352417e-01,-8.813194185495376587e-02,-4.133544117212295532e-02,1.249915361404418945e-01,-1.079169154167175293e+00,5.063656568527221680e-01,-7.823466658592224121e-01,2.604709472507238388e-03,-3.687534928321838379e-01,-3.054926693439483643e-01,1.836261153221130371e-01,-8.564162850379943848e-01,-7.682224512100219727e-01,4.006259739398956299e-01,-3.735771477222442627e-01,1.357324123382568359e-01,-3.153265714645385742e-01,-3.359640240669250488e-01
9.062429517507553101e-02,2.280762940645217896e-01,7.055201530456542969e-01,8.865924179553985596e-02,-1.644404418766498566e-02,6.584850549697875977e-01,-7.471724152565002441e-01,-1.426423341035842896e-01,-1.857102103531360626e-02,9.155073761940002441e-02,2.660770118236541748e-01,2.270635515451431274e-01,-4.752647131681442261e-02,-8.746442943811416626e-02,-4.421291872859001160e-02,-6.061834096908569336e-02,3.038212954998016357e-01,4.321521818637847900e-01,1.318243891000747681e-01,-9.129445999860763550e-02,-3.600142896175384521e-02,1.469497680664062500e-01,-9.020424485206604004e-01,5.198518037796020508e-01,-7.536262869834899902e-01,-4.162970557808876038e-02,-3.665050268173217773e-01,-3.165297210216522217e-01,1.633981019258499146e-01,-6.273404359817504883e-01,-7.686905860900878906e-01,2.959743738174438477e-01,-4.666618108749389648e-01,1.024213656783103943e-01,-3.194050192832946777e-01,-3.277712166309356689e-01
9.323814511299133301e-02,2.285480946302413940e-01,7.067366242408752441e-01,8.097194135189056396e-02,-1.708331890404224396e-02,6.557208299636840820e-01,-7.504544258117675781e-01,-1.478139758110046387e-01,-1.905381493270397186e-02,8.002968877553939819e-02,2.964033186435699463e-01,2.333754003047943115e-01,-4.996706172823905945e-02,-1.097534522414207458e-01,-5.829522758722305298e-02,-6.245711818337440491e-02,3.148442506790161133e-01,4.271000921726226807e-01,1.360533237457275391e-01,-9.620886296033859253e-02,-4.681100696325302124e-02,1.669744402170181274e-01,-7.199580073356628418e-01,5.415242314338684082e-01,-7.266480326652526855e-01,-8.171498030424118042e-02,-4.138382673263549805e-01,-3.129142224788665771e-01,1.240041777491569519e-01,-4.109587371349334717e-01,-7.435103654861450195e-01,1.837083250284194946e-01,-5.369297862052917480e-01,9.516167640686035156e-02,-3.237129151821136475e-01,-3.243759870529174805e-01
9.597943723201751709e-02,2.294611930847167969e-01,7.079681754112243652e-01,8.232863992452621460e-02,-2.524214051663875580e-02,6.529601812362670898e-01,-7.524811029434204102e-01,-1.392033994197845459e-01,-2.215950516983866692e-03,4.100711271166801453e-02,3.063170313835144043e-01,2.252338230609893799e-01,-4.522441327571868896e-02,-1.451739072799682617e-01,-6.255620718002319336e-02,-6.751494109630584717e-02,3.692559599876403809e-01,4.224550127983093262e-01,1.352362930774688721e-01,-1.027102395892143250e-01,-4.569630697369575500e-02,1.968424320220947266e-01,-5.415109992027282715e-01,5.703026056289672852e-01,-6.940674781799316406e-01,-8.907988667488098145e-02,-4.514899551868438721e-01,-3.074675500392913818e-01,9.066201746463775635e-02,-2.448678612709045410e-01,-7.041657567024230957e-01,8.684580028057098389e-02,-5.943749547004699707e-01,8.657780289649963379e-02,-3.249294459819793701e-01,-3.307583928108215332e-01
1.004296243190765381e-01,2.308726608753204346e-01,7.090429067611694336e-01,8.686541765928268433e-02,-2.834579907357692719e-02,6.463758945465087891e-01,-7.575283050537109375e-01,-1.483959406614303589e-01,1.299428194761276245e-02,7.871775887906551361e-03,3.695648908615112305e-01,2.282367199659347534e-01,-4.566382244229316711e-02,-1.889658272266387939e-01,-7.636772096157073975e-02,-7.444530725479125977e-02,4.507184624671936035e-01,3.947847783565521240e-01,1.290608495473861694e-01,-1.028174459934234619e-01,-4.703136533498764038e-02,2.393214553594589233e-01,-3.793644309043884277e-01,6.051808595657348633e-01,-6.534947156906127930e-01,-9.796716272830963135e-02,-4.629845321178436279e-01,-3.077480494976043701e-01,8.761859685182571411e-02,-8.465977758169174194e-02,-6.791346073150634766e-01,2.321916632354259491e-03,-6.323278546333312988e-01,5.650705099105834961e-02,-3.284669816493988037e-01,-3.342292606830596924e-01
1.046619638800621033e-01,2.324270606040954590e-01,7.102710604667663574e-01,8.788482099771499634e-02,-2.841364406049251556e-02,6.527540087699890137e-01,-7.519183158874511719e-01,-1.621428430080413818e-01,3.466091305017471313e-02,-1.659039594233036041e-02,4.455519318580627441e-01,2.139390408992767334e-01,-4.215687513351440430e-02,-2.417347282171249390e-01,-9.877669066190719604e-02,-8.613631129264831543e-02,5.487303137779235840e-01,3.576617240905761719e-01,1.206153258681297302e-01,-9.549009054899215698e-02,-5.380205810070037842e-02,2.668524086475372314e-01,-2.210011929273605347e-01,6.540957689285278320e-01,-5.960325002670288086e-01,-8.887412399053573608e-02,-4.544930756092071533e-01,-3.090851008892059326e-01,8.235514163970947266e-02,6.495729833841323853e-02,-6.552253365516662598e-01,-8.502529561519622803e-02,-6.550693511962890625e-01,4.779992252588272095e-02,-3.304921686649322510e-01,-3.405480086803436279e-01
1.085974201560020447e-01,2.345896065235137939e-01,7.115472555160522461e-01,9.725081175565719604e-02,-2.627027034759521484e-02,6.510739326477050781e-01,-7.522997260093688965e-01,-1.737178266048431396e-01,7.441572099924087524e-02,-4.158688336610794067e-02,5.288306474685668945e-01,1.842039227485656738e-01,-3.134899213910102844e-02,-3.192409276962280273e-01,-1.315765827894210815e-01,-1.171167492866516113e-01,6.982864141464233398e-01,3.043773472309112549e-01,1.018239632248878479e-01,-9.224423021078109741e-02,-4.740962758660316467e-02,3.091582953929901123e-01,-6.323506683111190796e-02,6.729310154914855957e-01,-5.262082219123840332e-01,-7.255422323942184448e-02,-4.892815947532653809e-01,-2.871830761432647705e-01,4.776177182793617249e-02,1.814452111721038818e-01,-6.261346340179443359e-01,-1.535807400941848755e-01,-6.500285863876342773e-01,4.129776731133460999e-02,-3.195219635963439941e-01,-3.535922169685363770e-01
1.103915125131607056e-01,2.371340245008468628e-01,7.116893529891967773e-01,1.028100848197937012e-01,-2.921678125858306885e-02,6.629617214202880859e-01,-7.409846186637878418e-01,-1.928120106458663940e-01,1.083393171429634094e-01,-6.235976517200469971e-02,6.166613698005676270e-01,1.495092511177062988e-01,-2.096401900053024292e-02,-3.924435675144195557e-01,-1.732582300901412964e-01,-1.292132735252380371e-01,8.178068995475769043e-01,2.202323973178863525e-01,8.531638979911804199e-02,-8.219602704048156738e-02,-3.561959415674209595e-02,3.338290154933929443e-01,9.893099218606948853e-02,6.893547177314758301e-01,-4.290773868560791016e-01,-3.421035781502723694e-02,-5.466517806053161621e-01,-2.607640922069549561e-01,-8.403135463595390320e-03,2.684836685657501221e-01,-5.983683466911315918e-01,-2.259624451398849487e-01,-6.346124410629272461e-01,1.074814274907112122e-01,-3.156701326370239258e-01,-3.307938277721405029e-01
1.111682355403900146e-01,2.398306131362915039e-01,7.116454839706420898e-01,1.054103299975395203e-01,-3.088003210723400116e-02,6.766501069068908691e-01,-7.280657291412353516e-01,-2.152329236268997192e-01,1.429975032806396484e-01,-8.566673845052719116e-02,7.235695123672485352e-01,1.116702556610107422e-01,-5.243198480457067490e-03,-4.540048241615295410e-01,-2.208925336599349976e-01,-1.264264732599258423e-01,9.241612553596496582e-01,1.502955257892608643e-01,6.731624901294708252e-02,-6.647807359695434570e-02,-3.018435463309288025e-02,3.581809997558593750e-01,2.585106194019317627e-01,7.050194144248962402e-01,-3.093623816967010498e-01,2.357674948871135712e-02,-5.855234861373901367e-01,-2.369074076414108276e-01,-3.491653501987457275e-02,3.437559604644775391e-01,-5.658320188522338867e-01,-3.103249669075012207e-01,-6.058892011642456055e-01,1.848225444555282593e-01,-3.134576082229614258e-01,-3.412140309810638428e-01
1.104283779859542847e-01,2.433187216520309448e-01,7.109954357147216797e-01,1.041621789336204529e-01,-3.394257649779319763e-02,6.940913200378417969e-01,-7.115021944046020508e-01,-2.326659113168716431e-01,1.693214029073715210e-01,-1.147866770625114441e-01,8.390694856643676758e-01,7.356415688991546631e-02,-4.056140314787626266e-03,-5.042710304260253906e-01,-2.665554881095886230e-01,-1.168092563748359680e-01,9.859750270843505859e-01,7.057373970746994019e-02,4.370740428566932678e-02,-5.134502053260803223e-02,-2.983229421079158783e-02,3.706925213336944580e-01,4.227339029312133789e-01,7.084449529647827148e-01,-1.543853580951690674e-01,1.299847066402435303e-01,-6.234593391418457031e-01,-2.231411933898925781e-01,-4.438061267137527466e-02,3.971956670284271240e-01,-5.355545878410339355e-01,-3.890853524208068848e-01,-5.546156167984008789e-01,2.991001307964324951e-01,-3.264345228672027588e-01,-3.515296578407287598e-01
1.090954318642616272e-01,2.468143701553344727e-01,7.103871703147888184e-01,1.070588082075119019e-01,-3.913152590394020081e-02,7.175807952880859375e-01,-6.870843768119812012e-01,-2.622202932834625244e-01,1.937721073627471924e-01,-1.459244340658187866e-01,1.016474962234497070e+00,2.660622820258140564e-02,7.111511076800525188e-04,-5.509940981864929199e-01,-3.235082030296325684e-01,-1.114167943596839905e-01,1.035553932189941406e+00,-6.758912466466426849e-03,2.313562482595443726e-02,-3.344734385609626770e-02,-2.161486819386482239e-02,3.864359557628631592e-01,5.728497505187988281e-01,6.938325762748718262e-01,6.210124492645263672e-02,3.087603747844696045e-01,-6.893241405487060547e-01,-2.037867158651351929e-01,-2.829360030591487885e-02,4.357374310493469238e-01,-5.276878476142883301e-01,-4.748331308364868164e-01,-4.728474915027618408e-01,4.316080212593078613e-01,-3.464409708976745605e-01,-3.778451979160308838e-01
1.061971783638000488e-01,2.498795986175537109e-01,7.099227905273437500e-01,1.105673611164093018e-01,-4.438397660851478577e-02,7.386108040809631348e-01,-6.635201573371887207e-01,-2.746441960334777832e-01,2.030016779899597168e-01,-1.848618686199188232e-01,1.164409637451171875e+00,1.707751653157174587e-04,-3.447720548138022423e-03,-5.854781866073608398e-01,-3.619196414947509766e-01,-1.008331105113029480e-01,1.055532217025756836e+00,-8.137439936399459839e-02,-1.354491245001554489e-02,-2.139428071677684784e-02,-1.526961009949445724e-02,3.950630128383636475e-01,6.792116761207580566e-01,6.878445148468017578e-01,2.739426493644714355e-01,5.151041746139526367e-01,-7.115107774734497070e-01,-1.732718497514724731e-01,1.245211344212293625e-02,4.360703825950622559e-01,-5.488179922103881836e-01,-5.397496223449707031e-01,-3.886961042881011963e-01,5.298066735267639160e-01,-3.535602092742919922e-01,-4.207713603973388672e-01
1.032991334795951843e-01,2.521654665470123291e-01,7.098326086997985840e-01,1.135771200060844421e-01,-4.438057914376258850e-02,7.531061172485351562e-01,-6.464996337890625000e-01,-2.862766087055206299e-01,1.976251006126403809e-01,-2.208911925554275513e-01,1.325715899467468262e+00,-4.039749503135681152e-02,-1.651051640510559082e-02,-6.042409539222717285e-01,-3.950418233871459961e-01,-8.405799418687820435e-02,1.038002252578735352e+00,-1.509762108325958252e-01,-4.202404245734214783e-02,-5.618651397526264191e-03,-1.362501829862594604e-02,3.956701755523681641e-01,7.167317271232604980e-01,7.115911245346069336e-01,5.082973837852478027e-01,7.601218819618225098e-01,-7.716418504714965820e-01,-1.497184038162231445e-01,9.039415419101715088e-02,4.156058132648468018e-01,-5.849475860595703125e-01,-5.851672291755676270e-01,-3.090445399284362793e-01,6.024162173271179199e-01,-3.692429959774017334e-01,-4.874658584594726562e-01
8.846637606620788574e-02,2.695070207118988037e-01,7.102469205856323242e-01,1.118617504835128784e-01,-4.410633444786071777e-02,7.669090628623962402e-01,-6.303904056549072266e-01,-2.885037958621978760e-01,1.908684372901916504e-01,-2.428420782089233398e-01,1.446232318878173828e+00,-1.045956388115882874e-01,-2.790695987641811371e-02,-6.118552088737487793e-01,-4.201403558254241943e-01,-5.892655625939369202e-02,9.874758124351501465e-01,-2.359479665756225586e-01,-7.094263285398483276e-02,2.721181605011224747e-03,-2.164498902857303619e-02,3.909088969230651855e-01,7.296869158744812012e-01,7.811911702156066895e-01,7.395261526107788086e-01,9.857878088951110840e-01,-8.302748203277587891e-01,-1.335092037916183472e-01,1.714659780263900757e-01,4.082153439521789551e-01,-6.348597407341003418e-01,-6.502717733383178711e-01,-2.326624244451522827e-01,6.309390068054199219e-01,-3.846424221992492676e-01,-5.631609559059143066e-01
7.091365009546279907e-02,2.776594758033752441e-01,7.112770080566406250e-01,1.138714924454689026e-01,-4.452984780073165894e-02,7.749856710433959961e-01,-6.200383901596069336e-01,-2.770206630229949951e-01,1.845693588256835938e-01,-2.684480547904968262e-01,1.510594606399536133e+00,-1.475013643503189087e-01,-3.248921409249305725e-02,-6.228033304214477539e-01,-4.365707635879516602e-01,-5.063699930906295776e-02,9.406262636184692383e-01,-2.777049541473388672e-01,-9.181387722492218018e-02,1.016416959464550018e-02,-2.990290522575378418e-02,3.789579570293426514e-01,7.436731457710266113e-01,8.737516403198242188e-01,8.872597813606262207e-01,1.118006825447082520e+00,-8.357334733009338379e-01,-1.243974789977073669e-01,2.244452387094497681e-01,3.768485486507415771e-01,-6.890934705734252930e-01,-6.869906783103942871e-01,-1.655174493789672852e-01,6.409159302711486816e-01,-3.952950835227966309e-01,-6.278102993965148926e-01
5.446635186672210693e-02,2.812705934047698975e-01,7.144065499305725098e-01,1.185807585716247559e-01,-4.311404749751091003e-02,7.789178490638732910e-01,-6.143018603324890137e-01,-2.747678756713867188e-01,1.644627004861831665e-01,-2.887151539325714111e-01,1.572394728660583496e+00,-1.697521656751632690e-01,-4.288540780544281006e-02,-6.302046179771423340e-01,-4.459965527057647705e-01,-4.693215712904930115e-02,9.199094772338867188e-01,-2.969087064266204834e-01,-1.042614579200744629e-01,2.004786953330039978e-02,-4.038237780332565308e-02,3.706368803977966309e-01,7.565869688987731934e-01,9.447116255760192871e-01,9.877390265464782715e-01,1.195246338844299316e+00,-8.264015913009643555e-01,-1.162235885858535767e-01,2.567180097103118896e-01,3.503286540508270264e-01,-7.352424860000610352e-01,-7.135946750640869141e-01,-9.927289932966232300e-02,6.311704516410827637e-01,-4.072162210941314697e-01,-6.825709939002990723e-01
4.733566567301750183e-02,2.875190973281860352e-01,7.192111611366271973e-01,1.195485070347785950e-01,-4.186817631125450134e-02,7.832009196281433105e-01,-6.087294220924377441e-01,-2.637775242328643799e-01,1.571554243564605713e-01,-2.851439118385314941e-01,1.583755731582641602e+00,-1.889383494853973389e-01,-4.890184104442596436e-02,-6.267197728157043457e-01,-4.598240256309509277e-01,-5.795410275459289551e-02,8.863641023635864258e-01,-2.909519970417022705e-01,-9.921959042549133301e-02,1.929653249680995941e-02,-4.967847093939781189e-02,3.541231453418731689e-01,7.716823816299438477e-01,9.853610992431640625e-01,1.033495426177978516e+00,1.227493882179260254e+00,-8.058363199234008789e-01,-1.138775274157524109e-01,2.672090828418731689e-01,3.261071443557739258e-01,-7.616190314292907715e-01,-7.167816162109375000e-01,-4.819990694522857666e-02,6.329609751701354980e-01,-4.017217755317687988e-01,-7.036563158035278320e-01
5.153818801045417786e-02,2.959191501140594482e-01,7.271776199340820312e-01,1.200512424111366272e-01,-3.842277452349662781e-02,7.887805104255676270e-01,-6.016117930412292480e-01,-2.535108923912048340e-01,1.396286636590957642e-01,-2.752961814403533936e-01,1.568153023719787598e+00,-1.934598088264465332e-01,-5.236811563372612000e-02,-6.258284449577331543e-01,-4.720711410045623779e-01,-6.146322935819625854e-02,8.644477128982543945e-01,-2.285350263118743896e-01,-8.315284550189971924e-02,9.694678708910942078e-03,-6.094867736101150513e-02,3.515510261058807373e-01,7.733752131462097168e-01,9.842116832733154297e-01,1.002399682998657227e+00,1.244773030281066895e+00,-7.677813172340393066e-01,-9.714645892381668091e-02,2.466109544038772583e-01,2.988945245742797852e-01,-7.731716036796569824e-01,-6.838662028312683105e-01,4.911747761070728302e-03,6.218925714492797852e-01,-3.822919428348541260e-01,-6.919448375701904297e-01
6.557232141494750977e-02,2.988188266754150391e-01,7.372270226478576660e-01,1.202844306826591492e-01,-3.331448510289192200e-02,7.848246693611145020e-01,-6.070189476013183594e-01,-2.368506938219070435e-01,1.213255375623703003e-01,-2.513146102428436279e-01,1.524249672889709473e+00,-1.743289828300476074e-01,-5.314458906650543213e-02,-6.112124919891357422e-01,-4.836614429950714111e-01,-6.444203853607177734e-02,8.447861075401306152e-01,-1.610543131828308105e-01,-7.825332880020141602e-02,-1.090279128402471542e-02,-6.901421397924423218e-02,3.502947092056274414e-01,7.592533230781555176e-01,9.226729869842529297e-01,8.904724121093750000e-01,1.228364944458007812e+00,-6.988401412963867188e-01,-9.132830798625946045e-02,1.991429924964904785e-01,2.848208248615264893e-01,-7.591019272804260254e-01,-6.374382972717285156e-01,3.890069946646690369e-02,6.102045774459838867e-01,-3.596012294292449951e-01,-6.341674327850341797e-01
8.837553858757019043e-02,2.946924269199371338e-01,7.490210533142089844e-01,1.199000552296638489e-01,-3.528502210974693298e-02,7.803934812545776367e-01,-6.126703023910522461e-01,-2.149934768676757812e-01,1.226275041699409485e-01,-2.159154713153839111e-01,1.439485192298889160e+00,-1.629879027605056763e-01,-3.646397590637207031e-02,-6.022537350654602051e-01,-4.905931055545806885e-01,-8.159169554710388184e-02,8.773564696311950684e-01,-1.165644675493240356e-01,-7.638158649206161499e-02,-3.986659646034240723e-02,-6.883406639099121094e-02,3.507224917411804199e-01,7.238417267799377441e-01,8.209842443466186523e-01,6.826636791229248047e-01,1.153796195983886719e+00,-6.001453995704650879e-01,-8.507812768220901489e-02,1.255539953708648682e-01,2.714343965053558350e-01,-7.251164913177490234e-01,-5.725966095924377441e-01,5.314982309937477112e-02,5.885673165321350098e-01,-3.312253057956695557e-01,-5.627471804618835449e-01
1.074602156877517700e-01,2.970309853553771973e-01,7.623517513275146484e-01,1.258777230978012085e-01,-4.468854889273643494e-02,7.823470234870910645e-01,-6.083509325981140137e-01,-1.829843521118164062e-01,1.075246930122375488e-01,-1.899674981832504272e-01,1.318691849708557129e+00,-1.507818549871444702e-01,-3.769015893340110779e-02,-6.019853353500366211e-01,-4.874407351016998291e-01,-9.305786341428756714e-02,9.279353618621826172e-01,-8.297581225633621216e-02,-6.130668148398399353e-02,-7.587702572345733643e-02,-4.689337313175201416e-02,3.475897610187530518e-01,6.649900078773498535e-01,7.232555150985717773e-01,4.331640899181365967e-01,1.017373085021972656e+00,-5.084145069122314453e-01,-9.940626472234725952e-02,4.218089580535888672e-02,2.524920403957366943e-01,-7.083885669708251953e-01,-5.137545466423034668e-01,5.841468274593353271e-02,5.890819430351257324e-01,-3.148863017559051514e-01,-4.728023409843444824e-01
1.243496611714363098e-01,2.785431146621704102e-01,7.765417695045471191e-01,1.360671818256378174e-01,-5.700735375285148621e-02,7.750988602638244629e-01,-6.143758296966552734e-01,-1.605573296546936035e-01,1.126165166497230530e-01,-1.695422083139419556e-01,1.151959300041198730e+00,-1.226508319377899170e-01,-3.571321070194244385e-02,-6.172912120819091797e-01,-4.532380998134613037e-01,-1.034143492579460144e-01,1.042177557945251465e+00,-7.478345930576324463e-02,-4.279097169637680054e-02,-1.053907424211502075e-01,-1.108329836279153824e-02,3.401895165443420410e-01,5.672982931137084961e-01,6.507966518402099609e-01,1.751064807176589966e-01,8.557638525962829590e-01,-4.574108719825744629e-01,-1.217299327254295349e-01,-2.677979506552219391e-02,2.267937064170837402e-01,-7.002487778663635254e-01,-4.545454382896423340e-01,5.390862002968788147e-02,5.976980328559875488e-01,-3.066251873970031738e-01,-3.780657351016998291e-01
1.301171332597732544e-01,2.489605098962783813e-01,7.907750010490417480e-01,1.478566080331802368e-01,-6.946703046560287476e-02,7.585881352424621582e-01,-6.307588815689086914e-01,-1.417126506567001343e-01,1.242157742381095886e-01,-1.523562371730804443e-01,9.732034802436828613e-01,-6.892643123865127563e-02,-4.933660849928855896e-02,-6.489720940589904785e-01,-4.096945822238922119e-01,-1.069811657071113586e-01,1.205945491790771484e+00,-6.972449272871017456e-02,-2.056593075394630432e-02,-1.326333284378051758e-01,2.768879197537899017e-02,3.309956490993499756e-01,4.468031525611877441e-01,6.024636030197143555e-01,-5.322117358446121216e-02,7.151695489883422852e-01,-4.338011443614959717e-01,-1.359596252441406250e-01,-8.270399272441864014e-02,1.919213384389877319e-01,-6.771341562271118164e-01,-4.255218803882598877e-01,3.336345776915550232e-02,6.283487677574157715e-01,-3.180215954780578613e-01,-3.126438856124877930e-01
1.339247375726699829e-01,2.340977042913436890e-01,8.045894503593444824e-01,1.562139093875885010e-01,-8.691281080245971680e-02,7.561896443367004395e-01,-6.294605731964111328e-01,-1.348619163036346436e-01,1.417829245328903198e-01,-1.378201395273208618e-01,8.403797149658203125e-01,-3.924809396266937256e-02,-4.472946375608444214e-02,-6.951767206192016602e-01,-3.708864748477935791e-01,-1.224140748381614685e-01,1.372981071472167969e+00,-7.293404638767242432e-02,-5.719437729567289352e-03,-1.509996801614761353e-01,6.472416967153549194e-02,3.265174627304077148e-01,3.142015635967254639e-01,5.774959921836853027e-01,-2.273640185594558716e-01,6.278986930847167969e-01,-4.148330390453338623e-01,-1.339984685182571411e-01,-9.789468348026275635e-02,1.530767083168029785e-01,-6.707935929298400879e-01,-3.996748030185699463e-01,3.491841256618499756e-02,6.126350760459899902e-01,-3.261282145977020264e-01,-3.118605315685272217e-01
1.248448416590690613e-01,2.205759584903717041e-01,8.167402744293212891e-01,1.642578095197677612e-01,-1.080422550439834595e-01,7.565295100212097168e-01,-6.237061023712158203e-01,-1.272605657577514648e-01,1.624597162008285522e-01,-1.099576577544212341e-01,6.911433339118957520e-01,-2.045650221407413483e-02,-3.937096521258354187e-02,-7.238758206367492676e-01,-3.259224593639373779e-01,-1.284599900245666504e-01,1.526052236557006836e+00,-6.302861869335174561e-02,8.052750490605831146e-04,-1.731787770986557007e-01,9.957598894834518433e-02,3.109530210494995117e-01,1.636757552623748779e-01,5.825771689414978027e-01,-3.520398437976837158e-01,5.339773893356323242e-01,-3.994660079479217529e-01,-1.440227180719375610e-01,-9.461382776498794556e-02,1.073700189590454102e-01,-6.779968142509460449e-01,-3.624246716499328613e-01,1.909744925796985626e-02,5.759564638137817383e-01,-3.395849466323852539e-01,-3.242719471454620361e-01
1.120142936706542969e-01,2.077746838331222534e-01,8.274497985839843750e-01,1.669419705867767334e-01,-1.275924295186996460e-01,7.639250159263610840e-01,-6.101385951042175293e-01,-1.341003924608230591e-01,1.766033023595809937e-01,-9.663607180118560791e-02,5.758799314498901367e-01,-2.490606158971786499e-02,-3.227259591221809387e-02,-7.457216382026672363e-01,-2.750398218631744385e-01,-1.253015547990798950e-01,1.664018154144287109e+00,-5.599665269255638123e-02,4.970475565642118454e-03,-1.838217526674270630e-01,1.336981654167175293e-01,2.989240288734436035e-01,-2.904849592596292496e-03,5.846334099769592285e-01,-4.422848820686340332e-01,4.343835115432739258e-01,-4.016579389572143555e-01,-1.666213870048522949e-01,-6.104267388582229614e-02,5.309214070439338684e-02,-6.883628964424133301e-01,-3.199867308139801025e-01,-3.355282545089721680e-02,5.385407805442810059e-01,-3.629627525806427002e-01,-3.369328677654266357e-01
1.082068011164665222e-01,2.036482542753219604e-01,8.361482024192810059e-01,1.663650572299957275e-01,-1.414877325296401978e-01,7.767532467842102051e-01,-5.907269120216369629e-01,-1.338714808225631714e-01,1.958507448434829712e-01,-8.080969750881195068e-02,4.665911793708801270e-01,-2.498581446707248688e-02,-2.389846183359622955e-02,-7.441593408584594727e-01,-2.243014872074127197e-01,-1.350173354148864746e-01,1.739223837852478027e+00,-4.260119050741195679e-02,1.782165095210075378e-02,-1.801487505435943604e-01,1.659909784793853760e-01,2.831951379776000977e-01,-1.673738211393356323e-01,6.091484427452087402e-01,-5.080144405364990234e-01,3.232756853103637695e-01,-4.178923070430755615e-01,-1.881590932607650757e-01,-9.877870790660381317e-03,1.267568767070770264e-02,-6.915085911750793457e-01,-2.691614925861358643e-01,-1.221503764390945435e-01,4.641957879066467285e-01,-3.737454712390899658e-01,-3.528073728084564209e-01
1.053763404488563538e-01,1.996482610702514648e-01,8.433636426925659180e-01,1.643097251653671265e-01,-1.527124941349029541e-01,7.924737334251403809e-01,-5.671566128730773926e-01,-1.372476816177368164e-01,2.064283937215805054e-01,-5.917225405573844910e-02,3.957443833351135254e-01,-3.954331949353218079e-02,-1.278606615960597992e-02,-7.304966449737548828e-01,-1.868863850831985474e-01,-1.445582062005996704e-01,1.776245832443237305e+00,-4.172689840197563171e-02,2.089420706033706665e-02,-1.723214685916900635e-01,1.931899785995483398e-01,2.607107758522033691e-01,-3.568497002124786377e-01,6.237584352493286133e-01,-5.703865289688110352e-01,2.347779273986816406e-01,-4.285472333431243896e-01,-2.068296074867248535e-01,1.342289801687002182e-02,-5.245393514633178711e-02,-6.692828536033630371e-01,-2.129417061805725098e-01,-2.653216123580932617e-01,4.189617931842803955e-01,-3.838019073009490967e-01,-3.452843427658081055e-01
1.015734598040580750e-01,1.967262327671051025e-01,8.503770828247070312e-01,1.615533083677291870e-01,-1.587897688150405884e-01,8.092619776725769043e-01,-5.420160293579101562e-01,-1.382319033145904541e-01,2.138625532388687134e-01,-2.194365672767162323e-02,3.397549688816070557e-01,-5.083558335900306702e-02,4.546372219920158386e-03,-7.099201679229736328e-01,-1.841398626565933228e-01,-1.544965654611587524e-01,1.759812235832214355e+00,-2.016254328191280365e-02,1.708328491076827049e-03,-1.769514232873916626e-01,2.001627385616302490e-01,2.415545135736465454e-01,-5.631415843963623047e-01,6.401329636573791504e-01,-6.256917715072631836e-01,1.837275624275207520e-01,-4.228037893772125244e-01,-2.235051989555358887e-01,4.730926826596260071e-02,-1.315440088510513306e-01,-6.855650544166564941e-01,-1.430180370807647705e-01,-4.055801630020141602e-01,3.646529018878936768e-01,-3.708745241165161133e-01,-3.375943005084991455e-01
9.958174824714660645e-02,1.944938600063323975e-01,8.535196185111999512e-01,1.576548963785171509e-01,-1.571067720651626587e-01,8.140513300895690918e-01,-5.364539623260498047e-01,-1.398277282714843750e-01,2.087103426456451416e-01,-2.153536304831504822e-03,3.125323355197906494e-01,-5.080262199044227600e-02,-3.730104072019457817e-03,-6.673178076744079590e-01,-1.678048372268676758e-01,-1.890889108180999756e-01,1.654213666915893555e+00,-4.630037117749452591e-03,-1.587766222655773163e-02,-1.895433813333511353e-01,1.893051564693450928e-01,2.188916355371475220e-01,-7.369965910911560059e-01,6.405515670776367188e-01,-6.772797703742980957e-01,1.471206396818161011e-01,-4.423018395900726318e-01,-2.414071708917617798e-01,6.754258275032043457e-02,-2.081332504749298096e-01,-7.243663668632507324e-01,-9.543042629957199097e-02,-5.085546970367431641e-01,3.470590114593505859e-01,-3.622235357761383057e-01,-3.226085007190704346e-01
9.779123216867446899e-02,1.921885162591934204e-01,8.562490940093994141e-01,1.510209590196609497e-01,-1.527760475873947144e-01,8.238261342048645020e-01,-5.245594978332519531e-01,-1.358404308557510376e-01,1.933810412883758545e-01,2.649939060211181641e-02,2.816287577152252197e-01,-3.956642374396324158e-02,9.900031611323356628e-03,-6.121509671211242676e-01,-1.620945185422897339e-01,-2.256313115358352661e-01,1.468910574913024902e+00,1.295628957450389862e-02,-2.362649887800216675e-02,-2.115556597709655762e-01,1.694598793983459473e-01,2.009840756654739380e-01,-9.413652420043945312e-01,6.438503265380859375e-01,-7.620453238487243652e-01,1.623667627573013306e-01,-4.065431654453277588e-01,-2.368978112936019897e-01,8.947062492370605469e-02,-2.898685336112976074e-01,-7.836153507232666016e-01,-4.437480121850967407e-02,-5.458649992942810059e-01,2.880246043205261230e-01,-3.431313931941986084e-01,-3.352635800838470459e-01
9.658221900463104248e-02,1.896086335182189941e-01,8.578665256500244141e-01,1.425454020500183105e-01,-1.458245664834976196e-01,8.346687555313110352e-01,-5.116093158721923828e-01,-1.288273781538009644e-01,1.715910583734512329e-01,5.356474593281745911e-02,2.596113681793212891e-01,-3.153045102953910828e-02,2.264466602355241776e-03,-5.415031313896179199e-01,-1.642279922962188721e-01,-2.746237218379974365e-01,1.228979945182800293e+00,3.445798903703689575e-02,-2.100104466080665588e-02,-2.248613983392715454e-01,1.391521841287612915e-01,1.842813044786453247e-01,-1.126051187515258789e+00,6.310594677925109863e-01,-8.346153497695922852e-01,1.831063181161880493e-01,-3.314681649208068848e-01,-2.507973611354827881e-01,1.247624009847640991e-01,-3.665958642959594727e-01,-8.219153881072998047e-01,-6.499979645013809204e-03,-5.433263182640075684e-01,2.397873550653457642e-01,-3.416961431503295898e-01,-3.661288917064666748e-01
9.564606100320816040e-02,1.877062171697616577e-01,8.573035001754760742e-01,1.347732096910476685e-01,-1.304037272930145264e-01,8.366618752479553223e-01,-5.146144032478332520e-01,-1.249892860651016235e-01,1.261949837207794189e-01,5.513130128383636475e-02,2.559401094913482666e-01,-1.999938301742076874e-02,-4.243361763656139374e-04,-4.702759087085723877e-01,-1.471485048532485962e-01,-3.119179904460906982e-01,9.401568770408630371e-01,8.372984081506729126e-02,-7.534467149525880814e-03,-2.477250993251800537e-01,9.456206858158111572e-02,1.683862060308456421e-01,-1.289275407791137695e+00,5.915911793708801270e-01,-9.039213061332702637e-01,2.353378683328628540e-01,-2.817471325397491455e-01,-2.451691925525665283e-01,1.678828001022338867e-01,-4.130499958992004395e-01,-8.778821229934692383e-01,1.787146553397178650e-02,-5.312488675117492676e-01,1.785641461610794067e-01,-3.395620286464691162e-01,-4.132098853588104248e-01
9.342305362224578857e-02,1.869037449359893799e-01,8.555091619491577148e-01,1.253167092800140381e-01,-1.075495183467864990e-01,8.329600095748901367e-01,-5.281159877777099609e-01,-1.228703707456588745e-01,6.291481852531433105e-02,5.109956860542297363e-02,2.682063877582550049e-01,-6.429855246096849442e-03,-5.063088145107030869e-03,-3.884231746196746826e-01,-1.413150131702423096e-01,-3.242409229278564453e-01,6.487617492675781250e-01,1.376898586750030518e-01,3.272525733336806297e-03,-2.721931040287017822e-01,5.015091225504875183e-02,1.612431108951568604e-01,-1.406609773635864258e+00,5.379972457885742188e-01,-9.533817768096923828e-01,3.152037858963012695e-01,-2.791987359523773193e-01,-2.301425933837890625e-01,1.950212419033050537e-01,-4.452573359012603760e-01,-9.450076222419738770e-01,2.711059525609016418e-02,-5.360192656517028809e-01,1.106506660580635071e-01,-3.310806155204772949e-01,-4.467480480670928955e-01
9.071232378482818604e-02,1.871807128190994263e-01,8.526642918586730957e-01,1.164743676781654358e-01,-9.857875853776931763e-02,8.391839265823364258e-01,-5.220021605491638184e-01,-1.213191524147987366e-01,3.766501322388648987e-02,7.215985655784606934e-02,2.662114799022674561e-01,-2.767176367342472076e-02,4.688261542469263077e-03,-3.231265842914581299e-01,-1.481162607669830322e-01,-3.226747214794158936e-01,4.728938043117523193e-01,1.568026989698410034e-01,2.526599727571010590e-02,-2.916665673255920410e-01,1.832917518913745880e-02,1.483385413885116577e-01,-1.481633424758911133e+00,5.043880343437194824e-01,-9.858713746070861816e-01,3.642946183681488037e-01,-2.589312493801116943e-01,-2.309596836566925049e-01,2.005960643291473389e-01,-4.678566753864288330e-01,-9.778032898902893066e-01,4.067156091332435608e-02,-5.339619517326354980e-01,7.309176027774810791e-02,-3.280943632125854492e-01,-4.680061042308807373e-01
8.831921219825744629e-02,1.864411085844039917e-01,8.506155014038085938e-01,1.148394122719764709e-01,-9.000041335821151733e-02,8.346960544586181641e-01,-5.310314297676086426e-01,-1.143087595701217651e-01,1.663896813988685608e-02,7.922440767288208008e-02,2.731856703758239746e-01,-3.981629386544227600e-02,8.412504568696022034e-03,-2.825386226177215576e-01,-1.473107337951660156e-01,-3.192502558231353760e-01,3.814239203929901123e-01,1.728248894214630127e-01,3.020480461418628693e-02,-2.976863086223602295e-01,2.303970512002706528e-03,1.469491273164749146e-01,-1.506864070892333984e+00,4.868358671665191650e-01,-1.006798982620239258e+00,3.809459805488586426e-01,-2.410573661327362061e-01,-2.389570474624633789e-01,2.070072591304779053e-01,-4.885978102684020996e-01,-9.962513446807861328e-01,3.256814181804656982e-02,-5.291104316711425781e-01,3.280875086784362793e-02,-3.270406126976013184e-01,-4.921912252902984619e-01
8.523917943239212036e-02,1.873337626457214355e-01,8.484564423561096191e-01,1.126138493418693542e-01,-8.205559104681015015e-02,8.338367938995361328e-01,-5.341359376907348633e-01,-1.104561313986778259e-01,-2.148922212654724717e-04,9.481717646121978760e-02,2.857877910137176514e-01,-4.890902712941169739e-02,1.894886977970600128e-02,-2.489943653345108032e-01,-1.479163169860839844e-01,-3.137719929218292236e-01,3.337403833866119385e-01,1.764642596244812012e-01,3.841137140989303589e-02,-2.896106839179992676e-01,-9.448445402085781097e-03,1.523049771785736084e-01,-1.476993680000305176e+00,4.714486300945281982e-01,-1.001046419143676758e+00,3.674108088016510010e-01,-2.381002753973007202e-01,-2.508912384510040283e-01,2.116008847951889038e-01,-5.044850111007690430e-01,-9.982984662055969238e-01,1.963418908417224884e-02,-5.398181080818176270e-01,7.562809623777866364e-03,-3.316003680229187012e-01,-5.032334327697753906e-01
8.866998553276062012e-02,1.859478652477264404e-01,8.469267487525939941e-01,1.082985103130340576e-01,-7.648891955614089966e-02,8.395754098892211914e-01,-5.268149375915527344e-01,-1.121562644839286804e-01,-5.983521696180105209e-03,1.151925325393676758e-01,2.945090830326080322e-01,-2.666954323649406433e-02,1.450430508702993393e-02,-2.224004119634628296e-01,-1.443371325731277466e-01,-2.867488265037536621e-01,3.086270093917846680e-01,1.875332444906234741e-01,4.871563240885734558e-02,-2.658614814281463623e-01,-1.085574738681316376e-02,1.644632965326309204e-01,-1.365834236145019531e+00,4.917307496070861816e-01,-9.628329277038574219e-01,3.003053963184356689e-01,-2.217592895030975342e-01,-2.729083001613616943e-01,2.077929228544235229e-01,-4.972139298915863037e-01,-9.478077888488769531e-01,1.240634452551603317e-02,-5.642931461334228516e-01,-1.355239655822515488e-03,-3.345045745372772217e-01,-4.888311326503753662e-01
9.507466107606887817e-02,1.851442009210586548e-01,8.440150618553161621e-01,1.054104194045066833e-01,-6.898206472396850586e-02,8.337854146957397461e-01,-5.375239253044128418e-01,-1.116182506084442139e-01,-2.106442488729953766e-02,1.107645705342292786e-01,3.186910450458526611e-01,2.122389152646064758e-02,-1.738248509354889393e-03,-1.986508816480636597e-01,-1.325757056474685669e-01,-2.537577748298645020e-01,2.887625694274902344e-01,1.972216814756393433e-01,5.690436810255050659e-02,-2.323761731386184692e-01,-1.183622237294912338e-02,1.669109165668487549e-01,-1.197034716606140137e+00,5.303989052772521973e-01,-9.221142530441284180e-01,2.014986723661422729e-01,-1.979919523000717163e-01,-2.954505085945129395e-01,1.843881458044052124e-01,-4.304449260234832764e-01,-8.764007687568664551e-01,3.339609876275062561e-02,-6.011916995048522949e-01,1.187864597886800766e-02,-3.407759666442871094e-01,-4.446181654930114746e-01
8.574342727661132812e-02,1.862415075302124023e-01,8.401646018028259277e-01,1.018851846456527710e-01,-4.741105437278747559e-02,7.943070530891418457e-01,-5.970325469970703125e-01,-1.120605841279029846e-01,-7.399366050958633423e-02,6.577015668153762817e-02,3.713220059871673584e-01,3.983204439282417297e-02,-2.524782530963420868e-02,-1.935421079397201538e-01,-1.460893005132675171e-01,-2.301167100667953491e-01,2.759142518043518066e-01,2.330371886491775513e-01,6.342650204896926880e-02,-1.918745040893554688e-01,-1.405958738178014755e-02,1.769653856754302979e-01,-9.378301501274108887e-01,5.481812953948974609e-01,-8.321816325187683105e-01,1.228150501847267151e-01,-2.672775387763977051e-01,-2.999004423618316650e-01,1.489875763654708862e-01,-3.143587708473205566e-01,-8.141233325004577637e-01,4.841622337698936462e-02,-6.418215036392211914e-01,7.105951011180877686e-02,-3.482573926448822021e-01,-3.944609165191650391e-01
9.338889271020889282e-02,1.862494498491287231e-01,8.362501263618469238e-01,8.947654068470001221e-02,-4.848873987793922424e-02,8.092331886291503906e-01,-5.786055922508239746e-01,-1.399289667606353760e-01,-5.818312987685203552e-02,7.598379999399185181e-02,4.177296161651611328e-01,5.728034675121307373e-02,-2.091748453676700592e-02,-1.915560662746429443e-01,-1.528018712997436523e-01,-1.907962411642074585e-01,2.784036993980407715e-01,2.029235512018203735e-01,7.359301298856735229e-02,-1.625756025314331055e-01,-1.946391351521015167e-02,1.916427165269851685e-01,-7.048774361610412598e-01,5.994874835014343262e-01,-7.473515272140502930e-01,7.625386118888854980e-02,-2.808229327201843262e-01,-3.037144541740417480e-01,1.572193205356597900e-01,-2.036131173372268677e-01,-7.640184760093688965e-01,2.980081923305988312e-02,-6.507038474082946777e-01,6.126675009727478027e-02,-3.314999341964721680e-01,-3.665573000907897949e-01
8.460249006748199463e-02,1.878369450569152832e-01,8.326207399368286133e-01,7.789324969053268433e-02,-3.725844621658325195e-02,8.203496336936950684e-01,-5.653060674667358398e-01,-1.706969290971755981e-01,-6.227426975965499878e-02,6.429149955511093140e-02,5.300439596176147461e-01,9.374330751597881317e-03,-1.040003262460231781e-02,-1.959287226200103760e-01,-1.778602004051208496e-01,-1.477766036987304688e-01,3.092270195484161377e-01,1.798491179943084717e-01,7.946193963289260864e-02,-1.248601153492927551e-01,-3.490716591477394104e-02,2.195893973112106323e-01,-4.619254171848297119e-01,6.216589808464050293e-01,-6.508538126945495605e-01,5.667985975742340088e-02,-2.896602451801300049e-01,-3.140265643596649170e-01,1.649714410305023193e-01,-1.121978387236595154e-01,-7.216228842735290527e-01,1.152663771063089371e-02,-6.559891104698181152e-01,4.207366332411766052e-02,-3.264936804771423340e-01,-3.635297417640686035e-01
9.210159629583358765e-02,1.903015226125717163e-01,8.285716176033020020e-01,7.184411585330963135e-02,-2.446078509092330933e-02,8.081144094467163086e-01,-5.841156840324401855e-01,-1.979984343051910400e-01,-4.802021756768226624e-02,3.745915368199348450e-02,6.404154896736145020e-01,2.239919267594814301e-02,-2.373713627457618713e-02,-2.229655981063842773e-01,-2.178975641727447510e-01,-1.396122127771377563e-01,3.463446199893951416e-01,1.756676882505416870e-01,7.336156070232391357e-02,-1.021481603384017944e-01,-4.822598770260810852e-02,2.528176903724670410e-01,-2.392259389162063599e-01,6.407444477081298828e-01,-5.570070147514343262e-01,5.814272537827491760e-02,-3.031108677387237549e-01,-3.190895617008209229e-01,1.753230243921279907e-01,6.460701697506010532e-04,-6.807076334953308105e-01,-3.819601982831954956e-02,-6.610073447227478027e-01,2.248161286115646362e-02,-3.242148458957672119e-01,-3.861308693885803223e-01
8.313520997762680054e-02,1.923124343156814575e-01,8.244908452033996582e-01,6.387892365455627441e-02,-9.845593012869358063e-03,7.989810705184936523e-01,-5.978727340698242188e-01,-2.413562536239624023e-01,-6.002711132168769836e-03,2.468474023044109344e-02,7.722340822219848633e-01,-2.187635935842990875e-02,1.850630273111164570e-03,-2.568821310997009277e-01,-2.550971806049346924e-01,-1.219528838992118835e-01,4.079997539520263672e-01,1.407575607299804688e-01,6.292913109064102173e-02,-8.472593128681182861e-02,-6.874778121709823608e-02,2.835678458213806152e-01,-3.929406031966209412e-02,6.477196812629699707e-01,-4.535156488418579102e-01,7.622367143630981445e-02,-3.336164057254791260e-01,-3.176177740097045898e-01,1.707570701837539673e-01,9.495314955711364746e-02,-6.467069983482360840e-01,-9.209950268268585205e-02,-6.617106199264526367e-01,1.258166506886482239e-02,-3.263347148895263672e-01,-4.223932325839996338e-01
8.908987790346145630e-02,1.933310180902481079e-01,8.200901150703430176e-01,5.391842126846313477e-02,1.025354955345392227e-03,7.995632886886596680e-01,-5.981557965278625488e-01,-2.718474268913269043e-01,2.946827188134193420e-02,9.717755019664764404e-03,8.709630370140075684e-01,-4.163844883441925049e-02,4.543016664683818817e-03,-2.826863825321197510e-01,-2.947514057159423828e-01,-1.059225425124168396e-01,4.222896993160247803e-01,1.238223388791084290e-01,6.736466288566589355e-02,-7.671170681715011597e-02,-8.414390683174133301e-02,3.049075007438659668e-01,1.136881187558174133e-01,6.432756781578063965e-01,-3.621658682823181152e-01,1.073843464255332947e-01,-3.586699962615966797e-01,-3.120155632495880127e-01,1.503010690212249756e-01,1.811567693948745728e-01,-6.191642284393310547e-01,-1.489194482564926147e-01,-6.631956696510314941e-01,2.569678053259849548e-02,-3.295710980892181396e-01,-4.278818070888519287e-01
7.704284787178039551e-02,1.946960240602493286e-01,8.158472776412963867e-01,4.724462330341339111e-02,1.239720918238162994e-02,7.951218485832214355e-01,-6.044795513153076172e-01,-2.796290516853332520e-01,7.854127138853073120e-02,-2.500924281775951385e-02,9.344711899757385254e-01,-4.778034612536430359e-02,-6.897904910147190094e-03,-3.153754472732543945e-01,-3.339678049087524414e-01,-9.862139075994491577e-02,4.437744319438934326e-01,1.179596260190010071e-01,6.655541807413101196e-02,-7.182121276855468750e-02,-8.711580932140350342e-02,3.229459226131439209e-01,2.696495950222015381e-01,6.395213603973388672e-01,-2.577381432056427002e-01,1.598040461540222168e-01,-4.006454050540924072e-01,-2.933386266231536865e-01,1.346358954906463623e-01,2.559882998466491699e-01,-6.191433668136596680e-01,-2.333842068910598755e-01,-6.558562517166137695e-01,5.963296070694923401e-02,-3.177934587001800537e-01,-4.448013305664062500e-01
8.128450065851211548e-02,1.956460773944854736e-01,8.111761212348937988e-01,4.274911805987358093e-02,1.702279411256313324e-02,7.950752377510070801e-01,-6.047628521919250488e-01,-2.582944333553314209e-01,1.521286517381668091e-01,-3.562998026609420776e-02,9.382073879241943359e-01,-4.208237305283546448e-02,-1.355041190981864929e-02,-3.487088680267333984e-01,-3.785496354103088379e-01,-1.126167997717857361e-01,4.523381292819976807e-01,1.154413819313049316e-01,6.669825315475463867e-02,-7.482834905385971069e-02,-8.083267509937286377e-02,3.382166922092437744e-01,4.125462472438812256e-01,6.283807158470153809e-01,-1.280268728733062744e-01,2.494664490222930908e-01,-4.041060507297515869e-01,-2.805294692516326904e-01,1.487048417329788208e-01,3.267162144184112549e-01,-6.119920015335083008e-01,-3.317254185676574707e-01,-6.398431062698364258e-01,8.425381779670715332e-02,-3.119039833545684814e-01,-4.830775260925292969e-01
6.779135763645172119e-02,1.961905807256698608e-01,8.062068223953247070e-01,3.763483837246894836e-02,1.931456476449966431e-02,7.952206730842590332e-01,-6.048426032066345215e-01,-2.335020452737808228e-01,2.238433808088302612e-01,-5.863263458013534546e-02,9.385049343109130859e-01,-2.429205924272537231e-02,-2.278197556734085083e-02,-3.853731751441955566e-01,-4.310038983821868896e-01,-1.213371455669403076e-01,4.656845331192016602e-01,1.141261234879493713e-01,6.364642828702926636e-02,-7.859016209840774536e-02,-7.257885485887527466e-02,3.505482673645019531e-01,5.160638689994812012e-01,6.172596812248229980e-01,3.051660722121596336e-03,3.616180121898651123e-01,-4.602543413639068604e-01,-2.533701360225677490e-01,1.787482649087905884e-01,3.835240900516510010e-01,-6.142866015434265137e-01,-4.331435859203338623e-01,-6.082955002784729004e-01,1.470876038074493408e-01,-3.068256378173828125e-01,-5.371136665344238281e-01
7.063551247119903564e-02,1.963921934366226196e-01,8.007448911666870117e-01,3.561789169907569885e-02,1.868738420307636261e-02,7.976166009902954102e-01,-6.018221378326416016e-01,-2.114702016115188599e-01,3.006466031074523926e-01,-7.467395812273025513e-02,9.498759508132934570e-01,-1.365785486996173859e-02,-3.699899464845657349e-02,-4.270073771476745605e-01,-4.871900379657745361e-01,-1.333190500736236572e-01,4.611001610755920410e-01,1.125452443957328796e-01,6.840217113494873047e-02,-8.999277651309967041e-02,-5.768304318189620972e-02,3.640088737010955811e-01,6.077510118484497070e-01,6.111944913864135742e-01,1.352501660585403442e-01,5.032813549041748047e-01,-5.471009612083435059e-01,-2.215031534433364868e-01,1.918377727270126343e-01,4.059571325778961182e-01,-6.278658509254455566e-01,-5.219299197196960449e-01,-5.562819242477416992e-01,2.351443618535995483e-01,-3.113489747047424316e-01,-5.820534229278564453e-01
5.623582750558853149e-02,1.957500129938125610e-01,7.960617542266845703e-01,3.148599341511726379e-02,1.998247392475605011e-02,7.966406941413879395e-01,-6.033017039299011230e-01,-1.860249936580657959e-01,3.728503882884979248e-01,-9.393428266048431396e-02,9.894790053367614746e-01,1.126842456869781017e-03,-6.111798062920570374e-02,-4.709393978118896484e-01,-5.388242602348327637e-01,-1.301528066396713257e-01,4.744745194911956787e-01,8.734510093927383423e-02,5.670108646154403687e-02,-1.031337529420852661e-01,-3.553141281008720398e-02,3.703897893428802490e-01,6.757025718688964844e-01,6.268295049667358398e-01,3.253188133239746094e-01,7.242943048477172852e-01,-6.182748079299926758e-01,-1.792999655008316040e-01,1.836322695016860962e-01,4.235285222530364990e-01,-6.861345767974853516e-01,-6.432928442955017090e-01,-4.796508848667144775e-01,3.372319042682647705e-01,-3.245744705200195312e-01,-6.104062199592590332e-01
5.789604783058166504e-02,1.953193992376327515e-01,7.913647294044494629e-01,2.900661528110504150e-02,2.313666231930255890e-02,7.927280664443969727e-01,-6.084451675415039062e-01,-1.747947186231613159e-01,4.457885324954986572e-01,-8.740886300802230835e-02,1.051501035690307617e+00,3.486432507634162903e-02,-8.294963091611862183e-02,-5.080224275588989258e-01,-5.963542461395263672e-01,-1.488289684057235718e-01,4.775094687938690186e-01,7.300978153944015503e-02,5.220915004611015320e-02,-1.124043613672256470e-01,-2.103977277874946594e-02,3.805704116821289062e-01,7.072858214378356934e-01,6.500864624977111816e-01,4.741561114788055420e-01,9.104756712913513184e-01,-7.290383577346801758e-01,-1.317294239997863770e-01,2.354081571102142334e-01,4.207204580307006836e-01,-7.285071611404418945e-01,-7.129228711128234863e-01,-3.983610570430755615e-01,4.178068935871124268e-01,-3.307364583015441895e-01,-6.806640625000000000e-01
5.892712622880935669e-02,1.958696693181991577e-01,7.876279354095458984e-01,2.732713520526885986e-02,2.672358043491840363e-02,7.876548171043395996e-01,-6.149300336837768555e-01,-1.632933616638183594e-01,4.704519510269165039e-01,-1.218500286340713501e-01,1.112546086311340332e+00,5.444722995162010193e-02,-1.116497814655303955e-01,-5.430201292037963867e-01,-6.334953308105468750e-01,-1.427261978387832642e-01,4.795855879783630371e-01,6.986963748931884766e-02,4.392960667610168457e-02,-1.230912506580352783e-01,-1.467849826440215111e-03,3.873470723628997803e-01,7.194109559059143066e-01,7.141510844230651855e-01,5.935145616531372070e-01,1.072202324867248535e+00,-7.393143773078918457e-01,-9.023871272802352905e-02,2.683155536651611328e-01,4.021661877632141113e-01,-8.000169992446899414e-01,-7.767103910446166992e-01,-3.011508584022521973e-01,4.439498186111450195e-01,-3.297186195850372314e-01,-7.336183786392211914e-01
5.843856930732727051e-02,1.955184340476989746e-01,7.835373878479003906e-01,2.140469849109649658e-02,2.583256550133228302e-02,7.850921154022216797e-01,-6.184697747230529785e-01,-1.429767757654190063e-01,5.226529240608215332e-01,-1.006992980837821960e-01,1.151543736457824707e+00,5.071093887090682983e-02,-1.242609992623329163e-01,-5.810290575027465820e-01,-6.783400774002075195e-01,-1.770097464323043823e-01,4.780794084072113037e-01,1.738875545561313629e-02,2.897116541862487793e-02,-1.328687071800231934e-01,1.516028214246034622e-02,3.832471668720245361e-01,7.349805831909179688e-01,7.712060809135437012e-01,6.692970395088195801e-01,1.188297748565673828e+00,-7.011725306510925293e-01,-5.761431902647018433e-02,2.917058765888214111e-01,3.757948279380798340e-01,-8.844484090805053711e-01,-8.234975337982177734e-01,-1.968200802803039551e-01,4.620895981788635254e-01,-3.179024755954742432e-01,-7.809799313545227051e-01
5.815324932336807251e-02,1.957422643899917603e-01,7.803210020065307617e-01,2.105374075472354889e-02,1.758672110736370087e-02,7.837450504302978516e-01,-6.204766035079956055e-01,-1.122984141111373901e-01,5.489330291748046875e-01,-9.479710459709167480e-02,1.154467463493347168e+00,3.617380559444427490e-02,-1.427049487829208374e-01,-6.133840680122375488e-01,-7.059025764465332031e-01,-1.972113400697708130e-01,4.766486883163452148e-01,-4.051790107041597366e-03,3.555246070027351379e-02,-1.435799002647399902e-01,3.376869112253189087e-02,3.851309418678283691e-01,7.274504303932189941e-01,8.175599575042724609e-01,6.977544426918029785e-01,1.232929348945617676e+00,-6.733599305152893066e-01,-4.301051795482635498e-02,3.020039796829223633e-01,3.409903049468994141e-01,-9.674775004386901855e-01,-8.494425415992736816e-01,-6.449046730995178223e-02,4.509420096874237061e-01,-2.963924109935760498e-01,-8.418709635734558105e-01
5.858757346868515015e-02,1.961581707000732422e-01,7.783241271972656250e-01,2.327091433107852936e-02,1.658750139176845551e-02,7.819573283195495605e-01,-6.226765513420104980e-01,-1.033795922994613647e-01,5.517024993896484375e-01,-1.026558578014373779e-01,1.203649997711181641e+00,1.517428737133741379e-02,-1.549371480941772461e-01,-6.327924132347106934e-01,-7.178455591201782227e-01,-1.978291422128677368e-01,4.876230061054229736e-01,-1.386456098407506943e-02,2.750111930072307587e-02,-1.504220813512802124e-01,4.051050916314125061e-02,3.987698256969451904e-01,7.069983482360839844e-01,8.136318325996398926e-01,6.638232469558715820e-01,1.240463733673095703e+00,-6.550846695899963379e-01,-3.403315693140029907e-02,3.007765114307403564e-01,3.078016638755798340e-01,-1.014970898628234863e+00,-8.441071510314941406e-01,2.185071073472499847e-02,4.618134200572967529e-01,-2.904067039489746094e-01,-8.655627965927124023e-01
5.868734046816825867e-02,1.962172091007232666e-01,7.760801911354064941e-01,2.635293826460838318e-02,1.532760728150606155e-02,7.844461798667907715e-01,-6.194471716880798340e-01,-9.036926180124282837e-02,5.513529777526855469e-01,-1.094021052122116089e-01,1.261616110801696777e+00,-2.106766216456890106e-02,-1.606203764677047729e-01,-6.329478621482849121e-01,-7.132638692855834961e-01,-1.954556852579116821e-01,4.644258320331573486e-01,-1.984195783734321594e-02,3.341281786561012268e-02,-1.615494936704635620e-01,3.847597166895866394e-02,3.947525322437286377e-01,6.754512786865234375e-01,7.878458499908447266e-01,5.840887427330017090e-01,1.222403645515441895e+00,-6.060887575149536133e-01,-3.219978883862495422e-02,2.749344110488891602e-01,2.484956979751586914e-01,-1.030730843544006348e+00,-7.962698936462402344e-01,7.308048754930496216e-02,4.961596429347991943e-01,-2.889435291290283203e-01,-8.285790681838989258e-01
5.881429091095924377e-02,1.972371637821197510e-01,7.762041091918945312e-01,2.930602245032787323e-02,2.161395549774169922e-02,7.743350863456726074e-01,-6.317270994186401367e-01,-1.022829115390777588e-01,5.290571451187133789e-01,-1.135160699486732483e-01,1.299814939498901367e+00,-4.689286649227142334e-02,-1.573295742273330688e-01,-6.453250050544738770e-01,-7.241542339324951172e-01,-1.742088049650192261e-01,5.077345967292785645e-01,-2.454058825969696045e-02,-3.530353715177625418e-04,-1.716720014810562134e-01,3.209656104445457458e-02,4.155273139476776123e-01,6.396644115447998047e-01,7.039619088172912598e-01,4.497909247875213623e-01,1.162203073501586914e+00,-6.108282804489135742e-01,-3.612575307488441467e-02,2.427755594253540039e-01,2.332903146743774414e-01,-9.940268397331237793e-01,-7.485122680664062500e-01,5.741142854094505310e-02,5.136908292770385742e-01,-2.877346277236938477e-01,-7.909433245658874512e-01
6.076784059405326843e-02,1.984585374593734741e-01,7.755412459373474121e-01,3.388545662164688110e-02,3.199511021375656128e-02,7.584939002990722656e-01,-6.500115990638732910e-01,-1.185300201177597046e-01,4.703640043735504150e-01,-1.439415216445922852e-01,1.348555564880371094e+00,-7.719489932060241699e-02,-1.425204873085021973e-01,-6.225528120994567871e-01,-6.950402855873107910e-01,-1.407607346773147583e-01,5.235517621040344238e-01,-1.431394461542367935e-02,-1.180545426905155182e-02,-1.789210289716720581e-01,1.228784769773483276e-02,4.203422665596008301e-01,5.771903395652770996e-01,6.123346686363220215e-01,3.103935122489929199e-01,1.047070622444152832e+00,-6.036095619201660156e-01,-6.118318066000938416e-02,1.869107484817504883e-01,2.202775031328201294e-01,-8.885604143142700195e-01,-6.575991511344909668e-01,-2.826944179832935333e-02,5.608852505683898926e-01,-2.988484799861907959e-01,-6.831442713737487793e-01
6.216007843613624573e-02,1.995191425085067749e-01,7.748642563819885254e-01,2.944057807326316833e-02,3.920646756887435913e-02,7.535330653190612793e-01,-6.555790901184082031e-01,-1.265557557344436646e-01,4.121143519878387451e-01,-1.532940417528152466e-01,1.369106292724609375e+00,-1.096761748194694519e-01,-1.281773597002029419e-01,-5.916424989700317383e-01,-6.575244665145874023e-01,-1.262577921152114868e-01,4.981409609317779541e-01,-1.215919014066457748e-02,-5.610922351479530334e-03,-1.898526251316070557e-01,-2.480761520564556122e-02,4.040850102901458740e-01,5.057468414306640625e-01,5.501811504364013672e-01,1.807148158550262451e-01,9.760500788688659668e-01,-5.791544318199157715e-01,-7.605437934398651123e-02,1.469096839427947998e-01,1.909466981887817383e-01,-7.916443943977355957e-01,-5.205394029617309570e-01,-1.172623038291931152e-01,5.830203294754028320e-01,-2.841560840606689453e-01,-5.774405598640441895e-01
6.556193530559539795e-02,2.013545632362365723e-01,7.753686904907226562e-01,2.948210947215557098e-02,5.520762875676155090e-02,7.286150455474853516e-01,-6.820579767227172852e-01,-1.564445644617080688e-01,3.157957196235656738e-01,-2.059356570243835449e-01,1.442099452018737793e+00,-1.380739510059356689e-01,-1.049343347549438477e-01,-5.513930320739746094e-01,-5.958169102668762207e-01,-6.254666298627853394e-02,5.063594579696655273e-01,8.831037208437919617e-03,1.936010201461613178e-03,-1.934039294719696045e-01,-6.277611851692199707e-02,3.945778906345367432e-01,4.220096468925476074e-01,4.871068894863128662e-01,4.644799232482910156e-02,8.692538142204284668e-01,-5.530490279197692871e-01,-1.032744422554969788e-01,7.869036495685577393e-02,1.626590192317962646e-01,-6.820676922798156738e-01,-3.797070086002349854e-01,-2.323060184717178345e-01,6.170426607131958008e-01,-2.736655175685882568e-01,-4.342034161090850830e-01
6.821882724761962891e-02,2.021056860685348511e-01,7.757505774497985840e-01,2.059985324740409851e-02,6.449270248413085938e-02,7.086656689643859863e-01,-7.022886276245117188e-01,-2.142811119556427002e-01,2.259434163570404053e-01,-2.202321738004684448e-01,1.469145536422729492e+00,-1.481053531169891357e-01,-6.693689525127410889e-02,-4.966222941875457764e-01,-5.344907641410827637e-01,-1.649226061999797821e-02,4.851616322994232178e-01,1.762850396335124969e-02,6.035479716956615448e-03,-1.854785382747650146e-01,-9.856582432985305786e-02,3.787522614002227783e-01,3.232566714286804199e-01,4.380053281784057617e-01,-6.780298054218292236e-02,7.760686278343200684e-01,-5.277609825134277344e-01,-1.337996870279312134e-01,3.431720659136772156e-02,1.327301859855651855e-01,-6.191138625144958496e-01,-2.756042778491973877e-01,-3.313289582729339600e-01,5.968238115310668945e-01,-2.782999575138092041e-01,-3.533811271190643311e-01
7.057009637355804443e-02,2.025786787271499634e-01,7.770871520042419434e-01,1.757349073886871338e-02,6.980971992015838623e-02,7.029672861099243164e-01,-7.075695991516113281e-01,-2.689600884914398193e-01,1.454996615648269653e-01,-1.981539130210876465e-01,1.496127247810363770e+00,-1.242250800132751465e-01,-3.928809240460395813e-02,-4.280256032943725586e-01,-4.890947341918945312e-01,-6.388877984136343002e-03,4.556033909320831299e-01,5.122876912355422974e-02,7.379870861768722534e-03,-1.922386884689331055e-01,-1.368721872568130493e-01,3.537169396877288818e-01,1.976602077484130859e-01,4.432059228420257568e-01,-1.984959989786148071e-01,6.605194211006164551e-01,-5.170775651931762695e-01,-1.536199152469635010e-01,2.817541360855102539e-03,9.468208998441696167e-02,-6.088483929634094238e-01,-1.729555577039718628e-01,-4.202330112457275391e-01,5.577161312103271484e-01,-2.725945711135864258e-01,-2.914521694183349609e-01
7.435324788093566895e-02,2.014851421117782593e-01,7.802242636680603027e-01,2.013001218438148499e-02,7.289618998765945435e-02,7.036847472190856934e-01,-7.064762711524963379e-01,-3.586333990097045898e-01,6.897750496864318848e-02,-1.743760854005813599e-01,1.562585711479187012e+00,-1.244858801364898682e-01,-2.188383601605892181e-03,-3.754789829254150391e-01,-4.525438845157623291e-01,1.874538138508796692e-02,4.610639810562133789e-01,7.229615747928619385e-02,1.269513741135597229e-03,-1.705300360918045044e-01,-1.563022434711456299e-01,3.477013409137725830e-01,8.080682158470153809e-02,4.583923220634460449e-01,-2.856593132019042969e-01,5.222239494323730469e-01,-4.989013373851776123e-01,-1.820488572120666504e-01,1.000220794230699539e-02,4.481218382716178894e-02,-6.120119094848632812e-01,-1.313203126192092896e-01,-4.851922094821929932e-01,4.585371017456054688e-01,-2.780076265335083008e-01,-2.889402508735656738e-01
7.590800523757934570e-02,2.019004523754119873e-01,7.833257913589477539e-01,2.498067170381546021e-02,7.157446444034576416e-02,7.026803493499755859e-01,-7.074555754661560059e-01,-4.185154736042022705e-01,2.722131088376045227e-02,-1.150978058576583862e-01,1.523923635482788086e+00,-9.927929192781448364e-02,3.023139387369155884e-02,-3.118191957473754883e-01,-4.043012857437133789e-01,2.054181136190891266e-02,4.450544118881225586e-01,1.121164634823799133e-01,4.352535121142864227e-03,-1.573880910873413086e-01,-1.690875887870788574e-01,3.160994350910186768e-01,-4.776896163821220398e-02,4.961726963520050049e-01,-3.803827762603759766e-01,3.628421723842620850e-01,-4.714995920658111572e-01,-2.253959029912948608e-01,2.874486707150936127e-02,-1.690571196377277374e-02,-6.423255205154418945e-01,-9.071224182844161987e-02,-5.547175407409667969e-01,3.576303124427795410e-01,-2.929457426071166992e-01,-2.744973301887512207e-01
7.583622634410858154e-02,2.020007520914077759e-01,7.860481739044189453e-01,2.476129122078418732e-02,6.873413920402526855e-02,7.043756246566772461e-01,-7.060576677322387695e-01,-4.647749662399291992e-01,2.998083084821701050e-02,-4.174867644906044006e-02,1.469635009765625000e+00,-7.981371879577636719e-02,6.397248059511184692e-02,-2.546023428440093994e-01,-3.643481135368347168e-01,1.542262639850378036e-02,4.203228354454040527e-01,1.280580013990402222e-01,3.432783298194408417e-03,-1.378062814474105835e-01,-1.727990210056304932e-01,2.876192331314086914e-01,-2.006153613328933716e-01,5.342623591423034668e-01,-4.705640375614166260e-01,2.112879157066345215e-01,-4.667614996433258057e-01,-2.546718418598175049e-01,6.019146367907524109e-02,-1.054306700825691223e-01,-6.829515695571899414e-01,-3.411841392517089844e-02,-6.016578674316406250e-01,3.100883364677429199e-01,-2.861720323562622070e-01,-2.537955641746520996e-01
7.447379082441329956e-02,2.024504542350769043e-01,7.891094088554382324e-01,3.397639840841293335e-02,6.401014328002929688e-02,7.019836902618408203e-01,-7.084964513778686523e-01,-4.840918481349945068e-01,2.423317544162273407e-02,3.769033402204513550e-02,1.368937492370605469e+00,-3.824824094772338867e-02,5.859021469950675964e-02,-1.964447498321533203e-01,-3.172931373119354248e-01,2.393608167767524719e-02,3.863031566143035889e-01,1.585327982902526855e-01,1.151971612125635147e-02,-1.107769533991813660e-01,-1.678115874528884888e-01,2.541870176792144775e-01,-3.560144007205963135e-01,5.702931880950927734e-01,-5.134785175323486328e-01,9.184571355581283569e-02,-4.460558593273162842e-01,-2.898761630058288574e-01,1.075828447937965393e-01,-2.144596874713897705e-01,-7.392597794532775879e-01,1.082506217062473297e-02,-6.312823295593261719e-01,2.590609490871429443e-01,-2.822859287261962891e-01,-2.549763023853302002e-01
7.349497079849243164e-02,2.035886347293853760e-01,7.924832105636596680e-01,4.623458161950111389e-02,5.725916847586631775e-02,7.100898027420043945e-01,-7.002543807029724121e-01,-4.998201429843902588e-01,1.972783170640468597e-02,1.051593497395515442e-01,1.261102914810180664e+00,-1.489507965743541718e-02,7.339394092559814453e-02,-1.529341191053390503e-01,-2.709257900714874268e-01,3.341294080018997192e-02,3.679369390010833740e-01,1.875846982002258301e-01,2.857160940766334534e-02,-9.409701079130172729e-02,-1.572315990924835205e-01,2.306710779666900635e-01,-5.439895391464233398e-01,5.984125733375549316e-01,-5.739447474479675293e-01,2.415188029408454895e-02,-4.251512885093688965e-01,-3.113579750061035156e-01,1.259269714355468750e-01,-3.341644108295440674e-01,-7.992975711822509766e-01,7.439636439085006714e-02,-6.390820741653442383e-01,2.328874766826629639e-01,-2.766927182674407959e-01,-2.391690909862518311e-01
7.103600353002548218e-02,2.055664509534835815e-01,7.963495850563049316e-01,6.170414760708808899e-02,4.795788973569869995e-02,7.118785977363586426e-01,-6.979408860206604004e-01,-4.606648981571197510e-01,2.720697596669197083e-02,1.773427277803421021e-01,1.032213211059570312e+00,4.134546220302581787e-02,6.543692946434020996e-02,-1.123303547501564026e-01,-2.171424031257629395e-01,2.178969793021678925e-02,3.362269401550292969e-01,2.404042631387710571e-01,5.229159817099571228e-02,-6.535285711288452148e-02,-1.351010203361511230e-01,2.059143334627151489e-01,-7.925157546997070312e-01,6.138423681259155273e-01,-6.704207062721252441e-01,1.719062030315399170e-02,-3.420793414115905762e-01,-3.235519230365753174e-01,1.677655428647994995e-01,-5.295517444610595703e-01,-8.425011038780212402e-01,1.710990518331527710e-01,-6.068444252014160156e-01,2.062113583087921143e-01,-2.828817665576934814e-01,-2.643603086471557617e-01
6.810338050127029419e-02,2.080854326486587524e-01,8.012698888778686523e-01,7.541166245937347412e-02,3.960489481687545776e-02,7.271621823310852051e-01,-6.811605691909790039e-01,-4.162738025188446045e-01,1.030286122113466263e-02,1.946057826280593872e-01,8.191779255867004395e-01,6.873112171888351440e-02,4.907383769750595093e-02,-8.818137645721435547e-02,-1.700033694505691528e-01,2.823119238018989563e-02,3.127685487270355225e-01,2.657553851604461670e-01,7.384278625249862671e-02,-5.673860013484954834e-02,-1.184575185179710388e-01,1.857828944921493530e-01,-9.533386230468750000e-01,6.181719303131103516e-01,-7.186982631683349609e-01,5.317449942231178284e-02,-3.327386975288391113e-01,-3.258406519889831543e-01,2.018118649721145630e-01,-6.407566666603088379e-01,-8.619186282157897949e-01,2.270535528659820557e-01,-5.719161629676818848e-01,1.932687461376190186e-01,-2.967458665370941162e-01,-2.889465093612670898e-01
6.334325671195983887e-02,2.110695689916610718e-01,8.059537410736083984e-01,9.137785434722900391e-02,2.592150680720806122e-02,7.536343336105346680e-01,-6.503948569297790527e-01,-3.497633934020996094e-01,8.654252626001834869e-03,1.914313584566116333e-01,5.705206394195556641e-01,1.242487877607345581e-01,1.724677905440330505e-02,-7.772313803434371948e-02,-1.087126731872558594e-01,2.144542708992958069e-02,3.025560677051544189e-01,2.896609902381896973e-01,8.174092322587966919e-02,-5.737330764532089233e-02,-9.022553265094757080e-02,1.728014349937438965e-01,-1.157709479331970215e+00,6.129198670387268066e-01,-8.067960143089294434e-01,1.408454775810241699e-01,-2.915298342704772949e-01,-3.172948062419891357e-01,2.095270454883575439e-01,-7.883387804031372070e-01,-8.734101057052612305e-01,3.121336102485656738e-01,-4.926947653293609619e-01,1.688865721225738525e-01,-3.071963787078857422e-01,-3.328629434108734131e-01
5.791115760803222656e-02,2.143695205450057983e-01,8.101059198379516602e-01,1.136805713176727295e-01,5.939900409430265427e-03,7.858048081398010254e-01,-6.079081296920776367e-01,-2.829259634017944336e-01,2.835399657487869263e-02,1.788208484649658203e-01,3.579465746879577637e-01,1.785442680120468140e-01,-1.655936241149902344e-02,-7.545265555381774902e-02,-4.790123552083969116e-02,2.305066678673028946e-03,3.126550614833831787e-01,3.138262629508972168e-01,8.613387495279312134e-02,-7.685849070549011230e-02,-5.781616643071174622e-02,1.667343080043792725e-01,-1.371888875961303711e+00,5.814599394798278809e-01,-8.873025178909301758e-01,2.954158484935760498e-01,-2.724082469940185547e-01,-3.007660210132598877e-01,2.352968901395797729e-01,-9.291172623634338379e-01,-8.936489224433898926e-01,3.888775408267974854e-01,-3.880079090595245361e-01,1.568909585475921631e-01,-3.128257393836975098e-01,-3.781471848487854004e-01
5.488245934247970581e-02,2.183946669101715088e-01,8.142457604408264160e-01,1.222624704241752625e-01,-9.246077388525009155e-04,7.937812209129333496e-01,-5.957871675491333008e-01,-2.625968456268310547e-01,3.969188034534454346e-02,1.725506186485290527e-01,2.820035517215728760e-01,1.638146787881851196e-01,-2.178787812590599060e-02,-7.521819323301315308e-02,-2.804603986442089081e-02,-1.275707781314849854e-02,3.248038887977600098e-01,2.960351109504699707e-01,7.506061345338821411e-02,-8.166782557964324951e-02,-4.715123772621154785e-02,1.675118207931518555e-01,-1.457425832748413086e+00,5.736868381500244141e-01,-9.204686284065246582e-01,3.619819581508636475e-01,-3.005829155445098877e-01,-2.944940626621246338e-01,2.425225824117660522e-01,-1.000897049903869629e+00,-9.187997579574584961e-01,4.245893657207489014e-01,-3.315730988979339600e-01,1.251561641693115234e-01,-3.012904226779937744e-01,-4.141965806484222412e-01
5.337905511260032654e-02,2.216405719518661499e-01,8.179453611373901367e-01,1.248171254992485046e-01,-7.082730531692504883e-03,8.014240264892578125e-01,-5.848846435546875000e-01,-2.467368692159652710e-01,4.493598639965057373e-02,1.621813625097274780e-01,2.528675794601440430e-01,1.608615070581436157e-01,-1.985015533864498138e-02,-8.367067575454711914e-02,-1.095417793840169907e-02,-1.532368641346693039e-02,3.430983126163482666e-01,2.971670627593994141e-01,7.565668970346450806e-02,-9.450397640466690063e-02,-4.742771759629249573e-02,1.732431650161743164e-01,-1.525137543678283691e+00,5.502161383628845215e-01,-9.345439672470092773e-01,4.189733266830444336e-01,-2.935152351856231689e-01,-2.898937165737152100e-01,2.534949481487274170e-01,-1.045292139053344727e+00,-9.328745603561401367e-01,4.519920349121093750e-01,-2.839578390121459961e-01,9.835939109325408936e-02,-2.997492253780364990e-01,-4.324659109115600586e-01
5.323478952050209045e-02,2.241786271333694458e-01,8.221386671066284180e-01,1.218562275171279907e-01,-9.493704885244369507e-03,8.136202692985534668e-01,-5.684038996696472168e-01,-2.395927757024765015e-01,4.068857431411743164e-02,1.495064347982406616e-01,2.590378522872924805e-01,1.529924869537353516e-01,-2.204249985516071320e-02,-9.107352793216705322e-02,-1.327490340918302536e-02,-2.964954823255538940e-02,3.521167933940887451e-01,3.153039515018463135e-01,8.442766964435577393e-02,-1.123752221465110779e-01,-5.523154139518737793e-02,1.848084777593612671e-01,-1.542957186698913574e+00,5.238806009292602539e-01,-9.303441047668457031e-01,4.505053162574768066e-01,-2.860468327999114990e-01,-2.850985527038574219e-01,2.698380947113037109e-01,-1.038928747177124023e+00,-9.320566058158874512e-01,4.590492546558380127e-01,-2.595745921134948730e-01,9.307594597339630127e-02,-3.049995899200439453e-01,-4.409969449043273926e-01
5.467941612005233765e-02,2.260601669549942017e-01,8.257653713226318359e-01,1.224161610007286072e-01,-1.452807709574699402e-02,8.142563104629516602e-01,-5.672652721405029297e-01,-2.259516417980194092e-01,3.944795951247215271e-02,1.460172981023788452e-01,2.753573060035705566e-01,1.607535481452941895e-01,-2.459330856800079346e-02,-1.060644537210464478e-01,-1.636978611350059509e-02,-3.763132542371749878e-02,3.668786883354187012e-01,3.396466672420501709e-01,9.674159437417984009e-02,-1.317611038684844971e-01,-5.252641066908836365e-02,2.001237869262695312e-01,-1.500708460807800293e+00,5.030074119567871094e-01,-9.020738005638122559e-01,4.367337822914123535e-01,-2.739740312099456787e-01,-2.944418787956237793e-01,2.946371436119079590e-01,-9.751990437507629395e-01,-9.171518087387084961e-01,4.207248389720916748e-01,-2.729982435703277588e-01,7.490545511245727539e-02,-3.222791254520416260e-01,-4.558670222759246826e-01
5.675014108419418335e-02,2.273585200309753418e-01,8.294156789779663086e-01,1.150813698768615723e-01,-1.767585985362529755e-02,8.100803494453430176e-01,-5.746421813964843750e-01,-2.202456295490264893e-01,3.441371768712997437e-02,1.374467760324478149e-01,2.953694462776184082e-01,1.749185174703598022e-01,-2.503420785069465637e-02,-1.131477206945419312e-01,-2.469670586287975311e-02,-2.982481569051742554e-02,3.678728640079498291e-01,3.632803261280059814e-01,1.037907153367996216e-01,-1.390336751937866211e-01,-5.895094946026802063e-02,2.115942090749740601e-01,-1.383389472961425781e+00,5.082610845565795898e-01,-8.608236312866210938e-01,3.325466513633728027e-01,-2.504832744598388672e-01,-3.206721544265747070e-01,2.862972319126129150e-01,-8.436853289604187012e-01,-8.901371955871582031e-01,3.618879914283752441e-01,-3.311568200588226318e-01,5.226677656173706055e-02,-3.322522938251495361e-01,-4.162609577178955078e-01
6.036261469125747681e-02,2.286071181297302246e-01,8.326426148414611816e-01,1.120222657918930054e-01,-2.649757452309131622e-02,8.056369423866271973e-01,-5.811178684234619141e-01,-2.119463980197906494e-01,4.162081703543663025e-02,1.223464459180831909e-01,3.084982037544250488e-01,1.889412403106689453e-01,-2.033921144902706146e-02,-1.396477967500686646e-01,-3.159949183464050293e-02,-4.350007325410842896e-02,3.929469287395477295e-01,3.691738843917846680e-01,1.037185043096542358e-01,-1.460209935903549194e-01,-5.901856720447540283e-02,2.097047567367553711e-01,-1.207352399826049805e+00,5.387125611305236816e-01,-8.342885971069335938e-01,2.114839702844619751e-01,-2.910269796848297119e-01,-3.170707225799560547e-01,2.560616433620452881e-01,-6.477065682411193848e-01,-8.655945062637329102e-01,2.699912190437316895e-01,-4.264510273933410645e-01,5.804495513439178467e-02,-3.272628486156463623e-01,-3.785454928874969482e-01
6.386373192071914673e-02,2.300938963890075684e-01,8.351899385452270508e-01,1.118807196617126465e-01,-2.945602312684059143e-02,7.792186737060546875e-01,-6.159815788269042969e-01,-1.853893697261810303e-01,3.871808946132659912e-02,8.468247950077056885e-02,3.093684017658233643e-01,2.314667552709579468e-01,-4.224626347422599792e-02,-1.642267107963562012e-01,-3.966533392667770386e-02,-5.640976503491401672e-02,4.367317557334899902e-01,3.948773443698883057e-01,1.091468110680580139e-01,-1.330620795488357544e-01,-4.301530867815017700e-02,2.261779308319091797e-01,-1.000952482223510742e+00,5.562373399734497070e-01,-7.827089428901672363e-01,1.236599758267402649e-01,-3.151047229766845703e-01,-3.335030972957611084e-01,2.592723667621612549e-01,-4.492649435997009277e-01,-8.316587209701538086e-01,1.931634992361068726e-01,-4.766481518745422363e-01,5.368066579103469849e-02,-3.267745077610015869e-01,-3.529633581638336182e-01
6.646814197301864624e-02,2.307302355766296387e-01,8.374164104461669922e-01,1.094334274530410767e-01,-4.245125874876976013e-02,7.827820777893066406e-01,-6.111255288124084473e-01,-1.728475987911224365e-01,6.777048856019973755e-02,6.954389810562133789e-02,3.064308464527130127e-01,2.308606654405593872e-01,-4.084587842226028442e-02,-1.938041001558303833e-01,-4.051110148429870605e-02,-6.666958332061767578e-02,4.885847866535186768e-01,3.698952496051788330e-01,1.074623167514801025e-01,-1.382251381874084473e-01,-3.352369368076324463e-02,2.321524173021316528e-01,-8.128582835197448730e-01,5.967559218406677246e-01,-7.261740565299987793e-01,4.027691110968589783e-02,-3.217338919639587402e-01,-3.385173380374908447e-01,2.239223569631576538e-01,-2.611250579357147217e-01,-7.812139391899108887e-01,9.222624450922012329e-02,-5.464740991592407227e-01,4.780207201838493347e-02,-3.303985297679901123e-01,-3.253378272056579590e-01
6.973702460527420044e-02,2.315547913312911987e-01,8.392479419708251953e-01,1.114336475729942322e-01,-5.302000418305397034e-02,7.805972695350646973e-01,-6.127310395240783691e-01,-1.538629531860351562e-01,9.666191786527633667e-02,4.836527630686759949e-02,3.122233152389526367e-01,2.428225576877593994e-01,-4.510144516825675964e-02,-2.207495719194412231e-01,-5.338133126497268677e-02,-1.006576195359230042e-01,5.798139572143554688e-01,3.480559587478637695e-01,1.004359200596809387e-01,-1.297946870326995850e-01,-1.788031682372093201e-02,2.504496574401855469e-01,-6.435191631317138672e-01,6.137297153472900391e-01,-7.007760405540466309e-01,1.583687216043472290e-02,-3.648454248905181885e-01,-3.386288881301879883e-01,2.189105749130249023e-01,-1.340730041265487671e-01,-7.238374352455139160e-01,4.328083992004394531e-02,-5.700786113739013672e-01,5.910913646221160889e-02,-3.408417701721191406e-01,-3.445544242858886719e-01
7.320289313793182373e-02,2.325272858142852783e-01,8.405854701995849609e-01,1.143314614892005920e-01,-5.818002298474311829e-02,7.730792760848999023e-01,-6.212019324302673340e-01,-1.525977104902267456e-01,1.239543184638023376e-01,2.173551917076110840e-02,3.394896388053894043e-01,2.361916303634643555e-01,-4.592512175440788269e-02,-2.604207992553710938e-01,-7.021725177764892578e-02,-1.127233058214187622e-01,6.970861554145812988e-01,3.123119175434112549e-01,9.242321550846099854e-02,-1.140721663832664490e-01,-6.091990508139133453e-03,2.738485038280487061e-01,-4.589471817016601562e-01,6.597991585731506348e-01,-6.311549544334411621e-01,-2.175389975309371948e-02,-3.833007812500000000e-01,-3.473828732967376709e-01,2.222386598587036133e-01,-2.596678095869719982e-04,-6.736292243003845215e-01,-3.207992017269134521e-02,-5.872640609741210938e-01,4.616936296224594116e-02,-3.494221270084381104e-01,-3.651911914348602295e-01
7.559850066900253296e-02,2.333458811044692993e-01,8.413562774658203125e-01,1.180169209837913513e-01,-6.514160335063934326e-02,7.756893634796142578e-01,-6.165505647659301758e-01,-1.539956778287887573e-01,1.583986431360244751e-01,1.782443374395370483e-02,3.711809217929840088e-01,2.250067591667175293e-01,-3.875126317143440247e-02,-3.021983802318572998e-01,-1.000256314873695374e-01,-1.395803838968276978e-01,7.994116544723510742e-01,2.761225402355194092e-01,7.940999418497085571e-02,-1.007706448435783386e-01,2.262028865516185760e-03,2.861617207527160645e-01,-2.951149046421051025e-01,7.096366882324218750e-01,-5.540589690208435059e-01,-3.670247644186019897e-02,-3.909769952297210693e-01,-3.413579463958740234e-01,1.984321922063827515e-01,9.742551296949386597e-02,-6.333231925964355469e-01,-1.033224985003471375e-01,-5.778508782386779785e-01,3.631326556205749512e-02,-3.439599573612213135e-01,-3.905052840709686279e-01
7.730090618133544922e-02,2.345326691865921021e-01,8.413847684860229492e-01,1.222483366727828979e-01,-6.600121408700942993e-02,7.704646587371826172e-01,-6.221602559089660645e-01,-1.612557917833328247e-01,1.864741891622543335e-01,1.536764320917427540e-03,4.129121601581573486e-01,2.063281536102294922e-01,-2.557458356022834778e-02,-3.569512963294982910e-01,-1.371473520994186401e-01,-1.533754467964172363e-01,9.072579145431518555e-01,2.262104451656341553e-01,6.124379858374595642e-02,-8.802649378776550293e-02,1.042562909424304962e-02,3.033440113067626953e-01,-1.364065557718276978e-01,7.520366311073303223e-01,-4.539082646369934082e-01,-3.584273159503936768e-02,-4.604033827781677246e-01,-3.292489051818847656e-01,1.691240966320037842e-01,1.833493113517761230e-01,-6.103668808937072754e-01,-1.749928295612335205e-01,-5.616723299026489258e-01,5.529823899269104004e-02,-3.384056985378265381e-01,-4.139821827411651611e-01
7.776354998350143433e-02,2.358936667442321777e-01,8.404190540313720703e-01,1.244013607501983643e-01,-7.331312447786331177e-02,7.793458700180053711e-01,-6.097290515899658203e-01,-1.689491719007492065e-01,2.131009101867675781e-01,-1.458647195249795914e-02,4.556404054164886475e-01,1.998863667249679565e-01,-1.856208778917789459e-02,-3.839964866638183594e-01,-1.811258494853973389e-01,-1.529212594032287598e-01,9.533275365829467773e-01,1.689289212226867676e-01,5.258274450898170471e-02,-6.928478926420211792e-02,1.951549574732780457e-02,3.109276294708251953e-01,2.906234189867973328e-02,7.961072325706481934e-01,-3.150116503238677979e-01,-1.975054107606410980e-02,-5.176458954811096191e-01,-3.269980549812316895e-01,1.590286493301391602e-01,2.490884214639663696e-01,-5.852082371711730957e-01,-2.465029060840606689e-01,-5.365689396858215332e-01,1.120503544807434082e-01,-3.481218218803405762e-01,-4.309113323688507080e-01
7.846158742904663086e-02,2.377126663923263550e-01,8.389710783958435059e-01,1.238588392734527588e-01,-7.504011690616607666e-02,7.862842082977294922e-01,-6.006539463996887207e-01,-1.906715035438537598e-01,2.243129312992095947e-01,-2.813665196299552917e-02,5.304681658744812012e-01,1.897167116403579712e-01,-1.590587571263313293e-02,-4.022335708141326904e-01,-2.269449979066848755e-01,-1.488413214683532715e-01,9.737403988838195801e-01,1.371749341487884521e-01,3.574287518858909607e-02,-4.318161681294441223e-02,2.621479704976081848e-02,3.213030993938446045e-01,1.887767910957336426e-01,8.357973098754882812e-01,-1.528947055339813232e-01,1.514566689729690552e-02,-5.621234178543090820e-01,-3.161850273609161377e-01,1.516963839530944824e-01,2.891900241374969482e-01,-5.614606142044067383e-01,-3.395337462425231934e-01,-4.749202430248260498e-01,1.897422373294830322e-01,-3.510697185993194580e-01,-4.580760300159454346e-01
7.919704169034957886e-02,2.395164370536804199e-01,8.370799422264099121e-01,1.231096610426902771e-01,-7.508073002099990845e-02,7.996201515197753906e-01,-5.829361081123352051e-01,-2.128107994794845581e-01,2.293568253517150879e-01,-6.817664206027984619e-02,6.319580078125000000e-01,1.810912638902664185e-01,-2.080406621098518372e-02,-4.244793355464935303e-01,-2.587188482284545898e-01,-1.241752132773399353e-01,9.777183532714843750e-01,9.360645711421966553e-02,2.692935056984424591e-02,-1.780851371586322784e-02,2.899116463959217072e-02,3.283506929874420166e-01,3.280838429927825928e-01,8.590174317359924316e-01,4.784694686532020569e-02,1.170004308223724365e-01,-6.663086414337158203e-01,-3.097642958164215088e-01,1.578241437673568726e-01,3.223913908004760742e-01,-5.738700628280639648e-01,-4.222547411918640137e-01,-4.024505615234375000e-01,2.994056642055511475e-01,-3.705825507640838623e-01,-4.874581992626190186e-01
7.992504537105560303e-02,2.410232126712799072e-01,8.349089026451110840e-01,1.237850561738014221e-01,-7.202818989753723145e-02,8.115189075469970703e-01,-5.665035247802734375e-01,-2.403963655233383179e-01,2.114382237195968628e-01,-1.135477274656295776e-01,7.812247276306152344e-01,1.637627929449081421e-01,-3.583754971623420715e-02,-4.320650100708007812e-01,-2.985839545726776123e-01,-1.093519702553749084e-01,9.357624053955078125e-01,6.565296649932861328e-02,2.250850573182106018e-02,1.636060141026973724e-02,2.250434830784797668e-02,3.347358405590057373e-01,4.219538569450378418e-01,9.021707773208618164e-01,2.727865576744079590e-01,2.677294909954071045e-01,-7.385975718498229980e-01,-2.930867075920104980e-01,1.752995550632476807e-01,3.331587314605712891e-01,-6.156190037727355957e-01,-5.031734108924865723e-01,-2.636023163795471191e-01,4.233680367469787598e-01,-3.840501606464385986e-01,-5.142744183540344238e-01
7.893154025077819824e-02,2.414061278104782104e-01,8.325405716896057129e-01,1.240502670407295227e-01,-6.477398425340652466e-02,8.060169816017150879e-01,-5.751108527183532715e-01,-2.748732268810272217e-01,2.109422385692596436e-01,-1.354344636201858521e-01,9.282204508781433105e-01,1.365977674722671509e-01,-3.979377448558807373e-02,-4.238183200359344482e-01,-3.295340240001678467e-01,-8.467419445514678955e-02,8.674784302711486816e-01,2.474370598793029785e-02,-5.315606016665697098e-03,3.544699028134346008e-02,1.132546737790107727e-02,3.371330499649047852e-01,4.647185802459716797e-01,9.385088086128234863e-01,4.996057748794555664e-01,5.329123139381408691e-01,-8.160461187362670898e-01,-2.686570584774017334e-01,2.467485666275024414e-01,3.196516931056976318e-01,-6.748171448707580566e-01,-5.625067949295043945e-01,-1.078654527664184570e-01,5.313187837600708008e-01,-3.972152173519134521e-01,-5.634814500808715820e-01
7.703909277915954590e-02,2.414303123950958252e-01,8.306292891502380371e-01,1.212535798549652100e-01,-5.916060507297515869e-02,8.058533668518066406e-01,-5.765396356582641602e-01,-3.082607388496398926e-01,1.866359412670135498e-01,-1.692589074373245239e-01,1.059444189071655273e+00,1.201139092445373535e-01,-5.202092602849006653e-02,-4.110698699951171875e-01,-3.529457449913024902e-01,-6.359738856554031372e-02,7.735359072685241699e-01,-3.191252797842025757e-02,-2.281665802001953125e-02,5.971500277519226074e-02,-2.060418715700507164e-03,3.388737440109252930e-01,4.777175784111022949e-01,1.036150336265563965e+00,6.781570911407470703e-01,7.327932715415954590e-01,-8.476109504699707031e-01,-2.400870472192764282e-01,2.776590287685394287e-01,2.933113276958465576e-01,-7.596346139907836914e-01,-6.030685901641845703e-01,5.283524096012115479e-02,6.125134229660034180e-01,-3.885037302970886230e-01,-5.720858573913574219e-01
7.484545558691024780e-02,2.415730208158493042e-01,8.295503854751586914e-01,1.195616200566291809e-01,-5.548551306128501892e-02,7.979180216789245605e-01,-5.881779193878173828e-01,-3.234833776950836182e-01,1.792677938938140869e-01,-1.887031495571136475e-01,1.131192684173583984e+00,7.992202788591384888e-02,-5.219843611121177673e-02,-3.980121612548828125e-01,-3.817695975303649902e-01,-7.064261287450790405e-02,6.890410184860229492e-01,-6.484656035900115967e-02,-3.634741529822349548e-02,8.300235867500305176e-02,-1.189746987074613571e-02,3.365550339221954346e-01,5.033864974975585938e-01,1.111969470977783203e+00,8.176860809326171875e-01,8.627120256423950195e-01,-8.384136557579040527e-01,-2.186221182346343994e-01,3.145237565040588379e-01,2.818966805934906006e-01,-8.126931786537170410e-01,-6.533031463623046875e-01,1.781460046768188477e-01,6.272649168968200684e-01,-3.775231540203094482e-01,-6.077225208282470703e-01
7.430730760097503662e-02,2.422534078359603882e-01,8.299679160118103027e-01,1.173648387193679810e-01,-5.019809305667877197e-02,7.905436754226684570e-01,-5.989543795585632324e-01,-3.369851410388946533e-01,1.774100810289382935e-01,-2.026976346969604492e-01,1.182964920997619629e+00,5.375355109572410583e-02,-4.731608554720878601e-02,-3.922860026359558105e-01,-3.997633755207061768e-01,-6.794033199548721313e-02,6.480852365493774414e-01,-7.974771410226821899e-02,-3.913874179124832153e-02,9.599702805280685425e-02,-2.197036892175674438e-02,3.384325206279754639e-01,5.218213200569152832e-01,1.172701597213745117e+00,9.215136170387268066e-01,9.301643371582031250e-01,-8.298631310462951660e-01,-2.125573903322219849e-01,3.416590690612792969e-01,2.736811935901641846e-01,-8.548030853271484375e-01,-6.815037727355957031e-01,2.640708684921264648e-01,6.290037035942077637e-01,-3.676128983497619629e-01,-6.119906306266784668e-01
7.477831095457077026e-02,2.439824044704437256e-01,8.319712281227111816e-01,1.160152330994606018e-01,-5.015205591917037964e-02,7.916525602340698242e-01,-5.977553725242614746e-01,-3.322625756263732910e-01,1.718248724937438965e-01,-2.004871368408203125e-01,1.183145403861999512e+00,4.312343895435333252e-02,-3.921005129814147949e-02,-3.791505992412567139e-01,-4.041232764720916748e-01,-7.082366943359375000e-02,5.999774336814880371e-01,-8.383020013570785522e-02,-2.873695082962512970e-02,1.010105907917022705e-01,-3.252070024609565735e-02,3.301484286785125732e-01,5.423370599746704102e-01,1.211774826049804688e+00,9.623373150825500488e-01,9.309347271919250488e-01,-8.099605441093444824e-01,-2.193987816572189331e-01,3.408008813858032227e-01,2.547727227210998535e-01,-8.750569224357604980e-01,-6.759778261184692383e-01,3.102793693542480469e-01,6.351803541183471680e-01,-3.593853116035461426e-01,-5.913749337196350098e-01
7.059821486473083496e-02,2.400916069746017456e-01,8.358376622200012207e-01,1.173586547374725342e-01,-5.321310460567474365e-02,7.902312874794006348e-01,-5.991075038909912109e-01,-3.169385790824890137e-01,1.634241491556167603e-01,-1.928077489137649536e-01,1.135861992835998535e+00,3.457610681653022766e-02,-3.386611118912696838e-02,-3.755687773227691650e-01,-4.064199924468994141e-01,-7.576338201761245728e-02,5.865258574485778809e-01,-6.427181512117385864e-02,-2.642231620848178864e-02,9.728494286537170410e-02,-4.128928482532501221e-02,3.205469548702239990e-01,5.502076745033264160e-01,1.226061820983886719e+00,9.643996953964233398e-01,8.771694302558898926e-01,-7.970913648605346680e-01,-2.359185516834259033e-01,3.317103683948516846e-01,2.351352572441101074e-01,-8.891903758049011230e-01,-6.542683243751525879e-01,3.325648903846740723e-01,6.282207965850830078e-01,-3.510412275791168213e-01,-5.711246132850646973e-01
7.086762785911560059e-02,2.490402460098266602e-01,8.406212925910949707e-01,1.185814887285232544e-01,-6.104973331093788147e-02,7.903120517730712891e-01,-5.980118513107299805e-01,-2.768085896968841553e-01,1.526983380317687988e-01,-1.670972406864166260e-01,1.039065718650817871e+00,5.622057244181632996e-02,-3.660859912633895874e-02,-3.581774830818176270e-01,-4.000288546085357666e-01,-8.378674089908599854e-02,5.739360451698303223e-01,-1.481302455067634583e-02,-1.749366708099842072e-02,7.643826305866241455e-02,-4.313336312770843506e-02,3.003197908401489258e-01,5.486110448837280273e-01,1.203131914138793945e+00,9.232061505317687988e-01,7.544696927070617676e-01,-7.777660489082336426e-01,-2.710970342159271240e-01,3.099145591259002686e-01,2.229873538017272949e-01,-8.747389316558837891e-01,-6.277496218681335449e-01,3.287426531314849854e-01,6.175817251205444336e-01,-3.526282012462615967e-01,-5.406052470207214355e-01
8.154732733964920044e-02,2.613440454006195068e-01,8.470354080200195312e-01,1.173688545823097229e-01,-6.525829434394836426e-02,7.944613695144653320e-01,-5.922812223434448242e-01,-2.301833778619766235e-01,1.467852592468261719e-01,-1.226367205381393433e-01,9.145022630691528320e-01,1.063915342092514038e-01,-4.378632828593254089e-02,-3.372876644134521484e-01,-3.925269842147827148e-01,-1.048578247427940369e-01,5.760460495948791504e-01,6.828777492046356201e-02,5.573183298110961914e-03,5.141536891460418701e-02,-4.174974933266639709e-02,2.868055403232574463e-01,5.454641580581665039e-01,1.138156890869140625e+00,8.078384995460510254e-01,5.466536879539489746e-01,-7.410702109336853027e-01,-3.095779120922088623e-01,2.723978161811828613e-01,2.173234075307846069e-01,-8.383681178092956543e-01,-5.861498117446899414e-01,2.871292531490325928e-01,5.972869992256164551e-01,-3.557425737380981445e-01,-4.893696010112762451e-01
9.286380559206008911e-02,2.639853656291961670e-01,8.542881011962890625e-01,1.228903308510780334e-01,-7.601001113653182983e-02,7.927951216697692871e-01,-5.921117663383483887e-01,-1.633565723896026611e-01,1.537254154682159424e-01,-9.422884881496429443e-02,7.233592867851257324e-01,1.582016646862030029e-01,-4.173434898257255554e-02,-3.274625241756439209e-01,-3.652882874011993408e-01,-1.393558681011199951e-01,6.099644899368286133e-01,1.508111506700515747e-01,3.093211539089679718e-02,2.457325346767902374e-02,-2.577826008200645447e-02,2.608365714550018311e-01,5.404317975044250488e-01,1.055985212326049805e+00,6.519865989685058594e-01,2.911823093891143799e-01,-6.975005269050598145e-01,-3.439289033412933350e-01,2.321691215038299561e-01,2.194275259971618652e-01,-7.790097594261169434e-01,-5.412799715995788574e-01,2.245343327522277832e-01,5.700850486755371094e-01,-3.656701147556304932e-01,-4.524398446083068848e-01
9.595172107219696045e-02,2.728361785411834717e-01,8.623116016387939453e-01,1.235296502709388733e-01,-8.837896585464477539e-02,7.989573478698730469e-01,-5.818907022476196289e-01,-1.125533580780029297e-01,1.612980663776397705e-01,-6.261135637760162354e-02,5.617022514343261719e-01,1.897168606519699097e-01,-4.553734511137008667e-02,-3.223810195922851562e-01,-3.494988977909088135e-01,-1.813695430755615234e-01,6.461090445518493652e-01,1.964607238769531250e-01,3.737039119005203247e-02,4.441736731678247452e-03,-6.485712365247309208e-04,2.402141243219375610e-01,5.243629217147827148e-01,9.855655431747436523e-01,4.805569946765899658e-01,3.500497713685035706e-02,-6.145017743110656738e-01,-3.623650074005126953e-01,2.127443403005599976e-01,2.393506616353988647e-01,-7.409395575523376465e-01,-5.224780440330505371e-01,1.448007225990295410e-01,5.034332871437072754e-01,-3.644874989986419678e-01,-4.161686897277832031e-01
1.024468243122100830e-01,2.713419198989868164e-01,8.693127632141113281e-01,1.237385421991348267e-01,-1.040201410651206970e-01,8.041962981224060059e-01,-5.719588398933410645e-01,-7.856891304254531860e-02,1.731818318367004395e-01,-4.437052458524703979e-02,4.030765891075134277e-01,2.262501865625381470e-01,-5.709731206297874451e-02,-3.141719400882720947e-01,-3.124108314514160156e-01,-2.194201201200485229e-01,6.688546538352966309e-01,2.286737710237503052e-01,5.236069485545158386e-02,-1.898815110325813293e-02,2.216473780572414398e-02,2.140671312808990479e-01,4.910975396633148193e-01,9.359911680221557617e-01,2.763687968254089355e-01,-1.550207287073135376e-01,-5.703503489494323730e-01,-3.757228851318359375e-01,1.676856279373168945e-01,2.408657521009445190e-01,-7.004727721214294434e-01,-4.729238748550415039e-01,6.802274286746978760e-02,4.713820517063140869e-01,-3.725798726081848145e-01,-3.834902048110961914e-01
1.100481823086738586e-01,2.687288522720336914e-01,8.749499320983886719e-01,1.252646148204803467e-01,-1.137617155909538269e-01,8.031937479972839355e-01,-5.711802244186401367e-01,-6.294852495193481445e-02,1.750189661979675293e-01,-4.208543896675109863e-02,3.153929710388183594e-01,2.444522529840469360e-01,-6.977064162492752075e-02,-3.021378517150878906e-01,-2.706644833087921143e-01,-2.259280979633331299e-01,6.851377487182617188e-01,2.432829737663269043e-01,5.946376919746398926e-02,-3.614196553826332092e-02,4.066599160432815552e-02,1.957922875881195068e-01,4.402841925621032715e-01,8.821105957031250000e-01,1.546877622604370117e-01,-2.431323081254959106e-01,-5.363358855247497559e-01,-3.668513596057891846e-01,1.413253843784332275e-01,2.603397369384765625e-01,-6.728208661079406738e-01,-4.459005296230316162e-01,6.653168704360723495e-03,4.140877425670623779e-01,-3.746223747730255127e-01,-3.681808114051818848e-01
1.128708422183990479e-01,2.609866857528686523e-01,8.806056380271911621e-01,1.274910569190979004e-01,-1.137783080339431763e-01,7.956902384757995605e-01,-5.811002850532531738e-01,-5.259508639574050903e-02,1.739964336156845093e-01,-2.449089474976062775e-02,2.573719322681427002e-01,2.345331758260726929e-01,-6.680725514888763428e-02,-2.958322167396545410e-01,-2.483875453472137451e-01,-2.398342192173004150e-01,7.079066038131713867e-01,2.610673010349273682e-01,6.415533274412155151e-02,-4.489721357822418213e-02,5.648975074291229248e-02,1.892565935850143433e-01,3.563607931137084961e-01,8.405747413635253906e-01,4.147336259484291077e-02,-2.963520586490631104e-01,-4.878829717636108398e-01,-3.610126376152038574e-01,1.233451068401336670e-01,2.877255976200103760e-01,-6.586629152297973633e-01,-4.394911229610443115e-01,-7.301079481840133667e-02,3.365602195262908936e-01,-3.657139837741851807e-01,-3.532570004463195801e-01
1.187751591205596924e-01,2.537517249584197998e-01,8.845154643058776855e-01,1.312869489192962646e-01,-1.159827336668968201e-01,7.873368859291076660e-01,-5.911111235618591309e-01,-4.549436643719673157e-02,1.683335602283477783e-01,-2.040514536201953888e-02,2.127001881599426270e-01,2.264405637979507446e-01,-7.149901986122131348e-02,-2.869364321231842041e-01,-2.135993689298629761e-01,-2.502067685127258301e-01,7.180172204971313477e-01,2.797313034534454346e-01,7.594942301511764526e-02,-5.928156897425651550e-02,6.953674554824829102e-02,1.842557936906814575e-01,2.830915451049804688e-01,8.167859911918640137e-01,-4.990326240658760071e-02,-3.279582858085632324e-01,-4.583377540111541748e-01,-3.576578199863433838e-01,1.022185161709785461e-01,3.068254888057708740e-01,-6.431412696838378906e-01,-4.164781272411346436e-01,-1.412693858146667480e-01,2.851220071315765381e-01,-3.668054938316345215e-01,-3.353321850299835205e-01
1.194372028112411499e-01,2.532121241092681885e-01,8.876537680625915527e-01,1.300942003726959229e-01,-1.147085279226303101e-01,7.831369638442993164e-01,-5.971716046333312988e-01,-4.086070507764816284e-02,1.512109786272048950e-01,-1.433794759213924408e-02,1.815097630023956299e-01,2.139013707637786865e-01,-7.255026698112487793e-02,-2.677066326141357422e-01,-1.861967891454696655e-01,-2.538167536258697510e-01,6.907659769058227539e-01,2.847448885440826416e-01,7.968729734420776367e-02,-6.595883518457412720e-02,7.449527084827423096e-02,1.805887222290039062e-01,2.181590795516967773e-01,7.800607681274414062e-01,-1.178412437438964844e-01,-3.280712366104125977e-01,-4.212318956851959229e-01,-3.590904474258422852e-01,1.065782979130744934e-01,3.321202397346496582e-01,-6.320360898971557617e-01,-4.086718559265136719e-01,-2.183792293071746826e-01,2.293166220188140869e-01,-3.689615726470947266e-01,-3.260948657989501953e-01
1.198633387684822083e-01,2.530170679092407227e-01,8.895160555839538574e-01,1.301222592592239380e-01,-1.117875128984451294e-01,7.775815725326538086e-01,-6.049286127090454102e-01,-3.586961701512336731e-02,1.388999074697494507e-01,-8.813550695776939392e-03,1.575071066617965698e-01,2.044155150651931763e-01,-7.434185594320297241e-02,-2.457047253847122192e-01,-1.612650454044342041e-01,-2.642868161201477051e-01,6.522261500358581543e-01,2.982100546360015869e-01,8.380624651908874512e-02,-6.836920231580734253e-02,7.536426931619644165e-02,1.714018434286117554e-01,1.846740990877151489e-01,7.485676407814025879e-01,-1.669067144393920898e-01,-3.174189925193786621e-01,-4.002649188041687012e-01,-3.549206256866455078e-01,1.138455048203468323e-01,3.519928455352783203e-01,-6.189802885055541992e-01,-3.915987014770507812e-01,-2.779828608036041260e-01,2.036319673061370850e-01,-3.681705594062805176e-01,-3.120722174644470215e-01
1.203549131751060486e-01,2.524785399436950684e-01,8.907941579818725586e-01,1.317878961563110352e-01,-1.073325127363204956e-01,7.652540802955627441e-01,-6.208847165107727051e-01,-3.343521431088447571e-02,1.232727393507957458e-01,-1.202283147722482681e-02,1.473190039396286011e-01,2.064082920551300049e-01,-7.398587465286254883e-02,-2.254277467727661133e-01,-1.424689292907714844e-01,-2.616631388664245605e-01,6.066308021545410156e-01,3.290285468101501465e-01,9.101751446723937988e-02,-7.135028392076492310e-02,7.426039874553680420e-02,1.684570461511611938e-01,1.543271094560623169e-01,7.238228321075439453e-01,-2.184086292982101440e-01,-2.930095493793487549e-01,-3.783769607543945312e-01,-3.478389680385589600e-01,1.096570640802383423e-01,3.751988112926483154e-01,-5.924221277236938477e-01,-3.684359490871429443e-01,-3.369909226894378662e-01,1.955553442239761353e-01,-3.643126487731933594e-01,-2.903476655483245850e-01
1.205176189541816711e-01,2.516214549541473389e-01,8.916750550270080566e-01,1.306089758872985840e-01,-1.009662747383117676e-01,7.560678124427795410e-01,-6.333312988281250000e-01,-3.012584336102008820e-02,1.045905351638793945e-01,-1.755076646804809570e-02,1.373754441738128662e-01,2.112150341272354126e-01,-7.367753982543945312e-02,-2.024672925472259521e-01,-1.226282343268394470e-01,-2.498975843191146851e-01,5.546380281448364258e-01,3.454000353813171387e-01,9.889857470989227295e-02,-7.023524492979049683e-02,7.083081454038619995e-02,1.672164052724838257e-01,1.369509100914001465e-01,6.951707601547241211e-01,-2.647725343704223633e-01,-2.562166750431060791e-01,-3.619053065776824951e-01,-3.420129716396331787e-01,1.125414371490478516e-01,3.886061906814575195e-01,-5.664488077163696289e-01,-3.313897252082824707e-01,-3.926836848258972168e-01,1.841195225715637207e-01,-3.559447526931762695e-01,-2.676325142383575439e-01
1.196026876568794250e-01,2.507751882076263428e-01,8.916421532630920410e-01,1.281515508890151978e-01,-9.353455156087875366e-02,7.437167167663574219e-01,-6.493950486183166504e-01,-2.781804464757442474e-02,8.139781653881072998e-02,-1.519868057221174240e-02,1.302148401737213135e-01,2.207747995853424072e-01,-7.204090058803558350e-02,-1.700434535741806030e-01,-1.124828457832336426e-01,-2.418886721134185791e-01,4.743774235248565674e-01,3.667329847812652588e-01,1.052574366331100464e-01,-7.109023630619049072e-02,6.043851748108863831e-02,1.603015214204788208e-01,1.253360211849212646e-01,6.682981252670288086e-01,-3.102716803550720215e-01,-1.982071697711944580e-01,-3.450016975402832031e-01,-3.371586501598358154e-01,1.195670813322067261e-01,3.994557559490203857e-01,-5.353948473930358887e-01,-2.782157063484191895e-01,-4.173979461193084717e-01,1.850955486297607422e-01,-3.457158207893371582e-01,-2.459523528814315796e-01
1.186416596174240112e-01,2.500215172767639160e-01,8.914789557456970215e-01,1.246553510427474976e-01,-8.414403349161148071e-02,7.310166954994201660e-01,-6.655790209770202637e-01,-2.426312677562236786e-02,6.064776331186294556e-02,-1.355006918311119080e-02,1.233585998415946960e-01,2.311547100543975830e-01,-7.501554489135742188e-02,-1.413333117961883545e-01,-9.980116039514541626e-02,-2.225942164659500122e-01,4.093882441520690918e-01,3.795942366123199463e-01,1.170435547828674316e-01,-6.788825243711471558e-02,4.914797842502593994e-02,1.568374037742614746e-01,1.277748346328735352e-01,6.397924423217773438e-01,-3.466540575027465820e-01,-1.173319891095161438e-01,-3.373533487319946289e-01,-3.266122937202453613e-01,1.170138120651245117e-01,4.086498022079467773e-01,-5.055495500564575195e-01,-2.225151062011718750e-01,-4.036578536033630371e-01,2.000692784786224365e-01,-3.288138806819915771e-01,-2.253816127777099609e-01
1.175878122448921204e-01,2.497003078460693359e-01,8.915648460388183594e-01,1.233347505331039429e-01,-7.533551007509231567e-02,7.161250710487365723e-01,-6.828455328941345215e-01,-1.947323605418205261e-02,4.293607547879219055e-02,-1.315654348582029343e-02,1.188368350267410278e-01,2.395772039890289307e-01,-8.051889389753341675e-02,-1.185040175914764404e-01,-9.357947856187820435e-02,-2.071706801652908325e-01,3.590981960296630859e-01,4.001646935939788818e-01,1.268077343702316284e-01,-6.829359382390975952e-02,3.763685002923011780e-02,1.536556482315063477e-01,1.314149796962738037e-01,6.151214241981506348e-01,-3.753469884395599365e-01,-3.096009418368339539e-02,-3.193223178386688232e-01,-3.197895884513854980e-01,1.075406223535537720e-01,4.145227968692779541e-01,-4.797162115573883057e-01,-1.655987352132797241e-01,-3.440231084823608398e-01,2.123967260122299194e-01,-3.044441640377044678e-01,-2.031352519989013672e-01
1.164760217070579529e-01,2.493047863245010376e-01,8.919183611869812012e-01,1.242884919047355652e-01,-6.461583077907562256e-02,6.916899085044860840e-01,-7.084788084030151367e-01,-8.257910609245300293e-03,2.303912676870822906e-02,-3.042233176529407501e-02,1.082859560847282410e-01,2.553295791149139404e-01,-9.085024893283843994e-02,-1.002774536609649658e-01,-9.345164895057678223e-02,-1.960047632455825806e-01,3.199038505554199219e-01,4.223614931106567383e-01,1.352488994598388672e-01,-6.808947771787643433e-02,2.475243993103504181e-02,1.536411643028259277e-01,1.264330297708511353e-01,5.889551639556884766e-01,-3.971576690673828125e-01,8.825428783893585205e-02,-2.927443087100982666e-01,-3.117689192295074463e-01,9.360843896865844727e-02,4.031002223491668701e-01,-4.558468759059906006e-01,-1.062115803360939026e-01,-2.192603796720504761e-01,2.248697727918624878e-01,-2.804786562919616699e-01,-1.898091435432434082e-01
1.151398196816444397e-01,2.493725270032882690e-01,8.917545676231384277e-01,1.253176480531692505e-01,-5.640202388167381287e-02,6.673314571380615234e-01,-7.319719791412353516e-01,2.960562997031956911e-04,7.040397729724645615e-03,-4.703747853636741638e-02,1.035136729478836060e-01,2.588039338588714600e-01,-1.035918146371841431e-01,-8.329484611749649048e-02,-9.195648133754730225e-02,-1.919944137334823608e-01,2.814629375934600830e-01,4.267059862613677979e-01,1.409572362899780273e-01,-6.899948418140411377e-02,1.655956916511058807e-02,1.533521115779876709e-01,1.280100345611572266e-01,5.655754208564758301e-01,-4.175037741661071777e-01,1.969157904386520386e-01,-2.776289880275726318e-01,-3.016078770160675049e-01,6.222778558731079102e-02,3.802187740802764893e-01,-4.398220777511596680e-01,-5.413773283362388611e-02,-7.550039887428283691e-02,2.398537397384643555e-01,-2.616544365882873535e-01,-1.646892428398132324e-01
1.149414479732513428e-01,2.412258684635162354e-01,8.917787671089172363e-01,1.252776533365249634e-01,-4.737150296568870544e-02,6.447590589523315430e-01,-7.525604367256164551e-01,3.202243009582161903e-03,-1.272144448012113571e-02,-6.958111375570297241e-02,9.691933542490005493e-02,2.810172140598297119e-01,-1.320236474275588989e-01,-7.238874584436416626e-02,-8.668925613164901733e-02,-1.799537688493728638e-01,2.505882680416107178e-01,4.309014678001403809e-01,1.406507939100265503e-01,-6.588096171617507935e-02,1.126553863286972046e-02,1.530554294586181641e-01,1.314677447080612183e-01,5.441873669624328613e-01,-4.260949790477752686e-01,3.081313967704772949e-01,-2.427227944135665894e-01,-2.919702529907226562e-01,4.238712415099143982e-02,3.475643694400787354e-01,-4.344464242458343506e-01,-6.082739215344190598e-03,8.977892994880676270e-02,2.342269867658615112e-01,-2.389577627182006836e-01,-1.452630609273910522e-01
1.136555820703506470e-01,2.319655567407608032e-01,8.916506767272949219e-01,1.287951618432998657e-01,-4.077900946140289307e-02,6.241713762283325195e-01,-7.695186734199523926e-01,4.080691840499639511e-03,-2.324141189455986023e-02,-8.519236743450164795e-02,1.004276946187019348e-01,2.894900441169738770e-01,-1.525791883468627930e-01,-6.569053977727890015e-02,-7.795313000679016113e-02,-1.700080633163452148e-01,2.367535680532455444e-01,4.351029396057128906e-01,1.451092511415481567e-01,-6.468842923641204834e-02,1.101756468415260315e-02,1.484297662973403931e-01,1.469623595476150513e-01,5.285623669624328613e-01,-4.299800097942352295e-01,3.863298296928405762e-01,-2.195504605770111084e-01,-2.826308310031890869e-01,2.624951861798763275e-02,3.338733911514282227e-01,-4.274236559867858887e-01,2.173707261681556702e-02,2.055614292621612549e-01,2.319080680608749390e-01,-2.228225022554397583e-01,-1.289882957935333252e-01
1.120292544364929199e-01,2.231660634279251099e-01,8.918247818946838379e-01,1.304908990859985352e-01,-3.523881360888481140e-02,6.099408864974975586e-01,-7.808344364166259766e-01,5.628626793622970581e-03,-3.381701186299324036e-02,-9.542402625083923340e-02,9.593486040830612183e-02,2.969824373722076416e-01,-1.656405925750732422e-01,-5.992164462804794312e-02,-7.481186091899871826e-02,-1.654011160135269165e-01,2.181467860937118530e-01,4.345814287662506104e-01,1.549915969371795654e-01,-6.549011170864105225e-02,6.877921987324953079e-03,1.445104926824569702e-01,1.566499471664428711e-01,5.135222673416137695e-01,-4.333553314208984375e-01,4.650770723819732666e-01,-1.888585388660430908e-01,-2.742641866207122803e-01,8.581648580729961395e-03,3.120781779289245605e-01,-4.225052893161773682e-01,4.843125864863395691e-02,3.207138478755950928e-01,2.302755713462829590e-01,-2.086344659328460693e-01,-1.096070557832717896e-01
1.111546754837036133e-01,2.164645045995712280e-01,8.923996686935424805e-01,1.321374177932739258e-01,-2.980205230414867401e-02,5.948898196220397949e-01,-7.923115491867065430e-01,8.421801961958408356e-03,-4.612590000033378601e-02,-1.104781851172447205e-01,9.572986513376235962e-02,3.069943785667419434e-01,-1.861630231142044067e-01,-5.417245253920555115e-02,-7.191803306341171265e-02,-1.583850234746932983e-01,2.071927487850189209e-01,4.337808787822723389e-01,1.549423933029174805e-01,-6.372424960136413574e-02,5.841106176376342773e-03,1.438959538936614990e-01,1.636947393417358398e-01,4.958475232124328613e-01,-4.275508522987365723e-01,5.399766564369201660e-01,-1.665819287300109863e-01,-2.666657865047454834e-01,-4.385277163237333298e-03,2.951692640781402588e-01,-4.202376306056976318e-01,6.902205944061279297e-02,4.177084565162658691e-01,2.237607240676879883e-01,-1.984950453042984009e-01,-9.156816452741622925e-02
1.101287230849266052e-01,2.105051726102828979e-01,8.927060365676879883e-01,1.335368901491165161e-01,-2.520782314240932465e-02,5.823959112167358398e-01,-8.014658093452453613e-01,1.142964605242013931e-02,-5.529452487826347351e-02,-1.205537468194961548e-01,9.399545192718505859e-02,3.140474855899810791e-01,-1.969185322523117065e-01,-5.019400641322135925e-02,-6.755731254816055298e-02,-1.492564380168914795e-01,1.955281794071197510e-01,4.308588504791259766e-01,1.592450588941574097e-01,-6.451452523469924927e-02,4.441744182258844376e-03,1.440606266260147095e-01,1.637739986181259155e-01,4.847860038280487061e-01,-4.248097538948059082e-01,5.984504222869873047e-01,-1.488132923841476440e-01,-2.650152444839477539e-01,-1.150836516171693802e-02,2.764306366443634033e-01,-4.223744273185729980e-01,8.847278356552124023e-02,4.942280054092407227e-01,2.199503332376480103e-01,-1.913870275020599365e-01,-7.420098036527633667e-02
1.115222424268722534e-01,2.075775861740112305e-01,8.930445909500122070e-01,1.346463710069656372e-01,-2.186702936887741089e-02,5.715395808219909668e-01,-8.091567754745483398e-01,1.669896394014358521e-02,-6.077533587813377380e-02,-1.278384923934936523e-01,9.151264280080795288e-02,3.271664977073669434e-01,-2.062734812498092651e-01,-4.578175395727157593e-02,-6.267664581537246704e-02,-1.417304724454879761e-01,1.856733262538909912e-01,4.328527450561523438e-01,1.678026020526885986e-01,-6.791387498378753662e-02,2.327960915863513947e-03,1.451732069253921509e-01,1.661200225353240967e-01,4.749197959899902344e-01,-4.223084449768066406e-01,6.477878689765930176e-01,-1.329202204942703247e-01,-2.626705765724182129e-01,-1.976132206618785858e-02,2.609112560749053955e-01,-4.208360314369201660e-01,1.038413718342781067e-01,5.587731003761291504e-01,2.176958620548248291e-01,-1.849114298820495605e-01,-5.861138552427291870e-02
1.123073324561119080e-01,2.035588026046752930e-01,8.934839367866516113e-01,1.360659003257751465e-01,-1.888548582792282104e-02,5.605213642120361328e-01,-8.166671395301818848e-01,2.010834030807018280e-02,-6.569701433181762695e-02,-1.336438357830047607e-01,8.893607556819915771e-02,3.387425839900970459e-01,-2.152641117572784424e-01,-4.366729781031608582e-02,-5.976153537631034851e-02,-1.357282102108001709e-01,1.785346120595932007e-01,4.340389966964721680e-01,1.721403449773788452e-01,-7.053244858980178833e-02,6.656174082309007645e-04,1.452284753322601318e-01,1.693895757198333740e-01,4.662183821201324463e-01,-4.197847843170166016e-01,6.886264085769653320e-01,-1.196253299713134766e-01,-2.615014314651489258e-01,-2.902315557003021240e-02,2.480947673320770264e-01,-4.198780059814453125e-01,1.149413958191871643e-01,6.086213588714599609e-01,2.173214405775070190e-01,-1.805907189846038818e-01,-4.425243660807609558e-02
1.122042462229728699e-01,2.004738599061965942e-01,8.938727974891662598e-01,1.372669488191604614e-01,-1.682603172957897186e-02,5.524479746818542480e-01,-8.219950795173645020e-01,2.252659946680068970e-02,-6.798571348190307617e-02,-1.351394355297088623e-01,8.646505326032638550e-02,3.420599997043609619e-01,-2.159226089715957642e-01,-4.255034029483795166e-02,-5.785095691680908203e-02,-1.322275549173355103e-01,1.726559996604919434e-01,4.322665929794311523e-01,1.752695441246032715e-01,-7.332520931959152222e-02,-1.703963382169604301e-03,1.457587331533432007e-01,1.703199446201324463e-01,4.620106816291809082e-01,-4.182543158531188965e-01,7.124247550964355469e-01,-1.088214293122291565e-01,-2.657208740711212158e-01,-3.400138765573501587e-02,2.384299337863922119e-01,-4.199649393558502197e-01,1.204855889081954956e-01,6.417547464370727539e-01,2.150930911302566528e-01,-1.812082231044769287e-01,-3.527288138866424561e-02
1.121668294072151184e-01,1.973312944173812866e-01,8.943405151367187500e-01,1.383019834756851196e-01,-1.524107530713081360e-02,5.426254868507385254e-01,-8.283705711364746094e-01,2.297956869006156921e-02,-7.073864340782165527e-02,-1.374973356723785400e-01,8.664320409297943115e-02,3.438716232776641846e-01,-2.219400256872177124e-01,-4.162882268428802490e-02,-5.683232098817825317e-02,-1.280122101306915283e-01,1.688345968723297119e-01,4.297182857990264893e-01,1.750096082687377930e-01,-7.407485693693161011e-02,-2.006572671234607697e-03,1.467369198799133301e-01,1.716115176677703857e-01,4.583657681941986084e-01,-4.138222932815551758e-01,7.335262894630432129e-01,-1.043029874563217163e-01,-2.651253640651702881e-01,-4.203381016850471497e-02,2.352329343557357788e-01,-4.201101958751678467e-01,1.235513091087341309e-01,6.672296524047851562e-01,2.145672589540481567e-01,-1.786911636590957642e-01,-2.416742965579032898e-02
1.120318621397018433e-01,1.942959129810333252e-01,8.947719931602478027e-01,1.392398625612258911e-01,-1.385174691677093506e-02,5.355521440505981445e-01,-8.328291177749633789e-01,2.354274131357669830e-02,-7.179198414087295532e-02,-1.376565545797348022e-01,8.451062440872192383e-02,3.450615406036376953e-01,-2.235198318958282471e-01,-4.227244108915328979e-02,-5.573114752769470215e-02,-1.272161751985549927e-01,1.658915430307388306e-01,4.288072884082794189e-01,1.768255084753036499e-01,-7.685604691505432129e-02,-2.734035486355423927e-03,1.467124819755554199e-01,1.742570102214813232e-01,4.567773342132568359e-01,-4.110378026962280273e-01,7.505026459693908691e-01,-9.909085929393768311e-02,-2.645037174224853516e-01,-5.091288685798645020e-02,2.315247654914855957e-01,-4.215713441371917725e-01,1.236395463347434998e-01,6.836177706718444824e-01,2.142697423696517944e-01,-1.774779856204986572e-01,-1.565185189247131348e-02
1.117099002003669739e-01,1.908522695302963257e-01,8.952957391738891602e-01,1.406752914190292358e-01,-1.253606379032135010e-02,5.266782045364379883e-01,-8.382501602172851562e-01,2.310374192893505096e-02,-7.296028733253479004e-02,-1.398934870958328247e-01,8.532521128654479980e-02,3.439087271690368652e-01,-2.245242744684219360e-01,-4.347925260663032532e-02,-5.509316176176071167e-02,-1.255650669336318970e-01,1.687541157007217407e-01,4.291760325431823730e-01,1.756747066974639893e-01,-7.875066995620727539e-02,-2.725252183154225349e-03,1.468869745731353760e-01,1.756759583950042725e-01,4.549221396446228027e-01,-4.050188064575195312e-01,7.650762796401977539e-01,-9.470733255147933960e-02,-2.643248438835144043e-01,-5.749370157718658447e-02,2.317600995302200317e-01,-4.227986037731170654e-01,1.206634938716888428e-01,6.953710317611694336e-01,2.137665003538131714e-01,-1.769605129957199097e-01,-1.003388222306966782e-02
1.113485842943191528e-01,1.903633624315261841e-01,8.956270217895507812e-01,1.413381844758987427e-01,-1.213255245238542557e-02,5.249063968658447266e-01,-8.392553925514221191e-01,2.239417843520641327e-02,-7.001449167728424072e-02,-1.377709358930587769e-01,8.630079030990600586e-02,3.361065387725830078e-01,-2.132750153541564941e-01,-4.598223045468330383e-02,-5.167898908257484436e-02,-1.205431222915649414e-01,1.696036159992218018e-01,4.250309467315673828e-01,1.791301965713500977e-01,-8.310408890247344971e-02,-5.266888998448848724e-03,1.505752950906753540e-01,1.828241795301437378e-01,4.536653459072113037e-01,-4.000686109066009521e-01,7.789412140846252441e-01,-9.109522402286529541e-02,-2.627564668655395508e-01,-6.134171038866043091e-02,2.280884683132171631e-01,-4.226997792720794678e-01,1.169735416769981384e-01,7.015212178230285645e-01,2.138493061065673828e-01,-1.778309941291809082e-01,-5.765169393271207809e-03
1.107246652245521545e-01,1.882027238607406616e-01,8.961820602416992188e-01,1.430239826440811157e-01,-1.167951989918947220e-02,5.210008025169372559e-01,-8.414071202278137207e-01,2.063996344804763794e-02,-6.743031740188598633e-02,-1.379704177379608154e-01,8.846600353717803955e-02,3.304258882999420166e-01,-2.043050825595855713e-01,-4.979392513632774353e-02,-5.023589357733726501e-02,-1.179063394665718079e-01,1.774156838655471802e-01,4.247500598430633545e-01,1.790184676647186279e-01,-8.457147330045700073e-02,-7.093142252415418625e-03,1.529841274023056030e-01,1.867714524269104004e-01,4.522204399108886719e-01,-3.912289440631866455e-01,7.907671332359313965e-01,-8.999896049499511719e-02,-2.609645426273345947e-01,-6.643711030483245850e-02,2.261893898248672485e-01,-4.225846827030181885e-01,1.115916967391967773e-01,7.071465253829956055e-01,2.145444601774215698e-01,-1.782527565956115723e-01,-2.275695558637380600e-03
1.101347506046295166e-01,1.841105073690414429e-01,8.968616724014282227e-01,1.455505937337875366e-01,-1.077243778854608536e-02,5.109881758689880371e-01,-8.471068739891052246e-01,1.897693797945976257e-02,-6.825418025255203247e-02,-1.428734660148620605e-01,9.272968769073486328e-02,3.279327452182769775e-01,-2.072808444499969482e-01,-5.252404883503913879e-02,-5.101415514945983887e-02,-1.193464696407318115e-01,1.883239746093750000e-01,4.283315539360046387e-01,1.725456863641738892e-01,-8.430136740207672119e-02,-5.998260341584682465e-03,1.555906087160110474e-01,1.870046406984329224e-01,4.509110152721405029e-01,-3.836265504360198975e-01,7.985659241676330566e-01,-9.539409726858139038e-02,-2.587527930736541748e-01,-7.322533428668975830e-02,2.296042442321777344e-01,-4.240768849849700928e-01,1.085830777883529663e-01,7.116700410842895508e-01,2.141077965497970581e-01,-1.778153628110885620e-01,1.697899075224995613e-03
1.095829457044601440e-01,1.819629967212677002e-01,8.973284959793090820e-01,1.470145434141159058e-01,-1.042491663247346878e-02,5.044345855712890625e-01,-8.507783412933349609e-01,1.710167713463306427e-02,-6.680727005004882812e-02,-1.442605555057525635e-01,9.517502039670944214e-02,3.235327303409576416e-01,-2.017379999160766602e-01,-5.606505274772644043e-02,-5.057164654135704041e-02,-1.214488893747329712e-01,1.964973360300064087e-01,4.296580851078033447e-01,1.712979227304458618e-01,-8.607973903417587280e-02,-5.605091806501150131e-03,1.600157916545867920e-01,1.936328262090682983e-01,4.503616094589233398e-01,-3.782885372638702393e-01,8.034695982933044434e-01,-1.047283932566642761e-01,-2.570078074932098389e-01,-8.203960955142974854e-02,2.320742011070251465e-01,-4.249476194381713867e-01,1.028902307152748108e-01,7.125618457794189453e-01,2.160072028636932373e-01,-1.785356253385543823e-01,5.050317384302616119e-03
1.086038276553153992e-01,1.832870692014694214e-01,8.975479602813720703e-01,1.472235172986984253e-01,-1.188143528997898102e-02,5.075448155403137207e-01,-8.488712310791015625e-01,1.387917250394821167e-02,-5.983568355441093445e-02,-1.367801874876022339e-01,9.712307155132293701e-02,3.075718581676483154e-01,-1.798277944326400757e-01,-6.103428453207015991e-02,-4.675948992371559143e-02,-1.196039691567420959e-01,1.976644694805145264e-01,4.219925999641418457e-01,1.762331724166870117e-01,-8.968108147382736206e-02,-8.818103931844234467e-03,1.678719371557235718e-01,2.096631526947021484e-01,4.526063203811645508e-01,-3.729949891567230225e-01,8.050460815429687500e-01,-1.136252656579017639e-01,-2.566754817962646484e-01,-8.527621626853942871e-02,2.282267659902572632e-01,-4.250938892364501953e-01,9.661195427179336548e-02,7.083090543746948242e-01,2.188240140676498413e-01,-1.804851144552230835e-01,5.848065949976444244e-03
1.071256920695304871e-01,1.821366846561431885e-01,8.981139659881591797e-01,1.488003134727478027e-01,-1.267272699624300003e-02,5.084948539733886719e-01,-8.480158448219299316e-01,8.707523345947265625e-03,-5.491699650883674622e-02,-1.303822398185729980e-01,1.042727157473564148e-01,2.938436865806579590e-01,-1.661389172077178955e-01,-6.742775440216064453e-02,-4.687931761145591736e-02,-1.204196140170097351e-01,2.062102854251861572e-01,4.172423183917999268e-01,1.779356598854064941e-01,-9.060405194759368896e-02,-1.244048960506916046e-02,1.732335537672042847e-01,2.208559960126876831e-01,4.531090557575225830e-01,-3.654246628284454346e-01,8.038043379783630371e-01,-1.262677907943725586e-01,-2.542065680027008057e-01,-9.102394431829452515e-02,2.229554504156112671e-01,-4.265612065792083740e-01,9.254742413759231567e-02,7.087157964706420898e-01,2.190056443214416504e-01,-1.798511892557144165e-01,6.918760947883129120e-03
1.066179871559143066e-01,1.830031722784042358e-01,8.988267183303833008e-01,1.504230350255966187e-01,-1.413579843938350677e-02,5.052676200866699219e-01,-8.496338725090026855e-01,6.212736014276742935e-03,-4.999275505542755127e-02,-1.298217028379440308e-01,1.105496287345886230e-01,2.817942798137664795e-01,-1.581483185291290283e-01,-7.388846576213836670e-02,-4.781739041209220886e-02,-1.243426725268363953e-01,2.228012830018997192e-01,4.144451618194580078e-01,1.712221503257751465e-01,-9.190858900547027588e-02,-1.139776874333620071e-02,1.816046833992004395e-01,2.282420396804809570e-01,4.562374353408813477e-01,-3.571930825710296631e-01,8.013754487037658691e-01,-1.399177759885787964e-01,-2.524196207523345947e-01,-9.921281039714813232e-02,2.279878407716751099e-01,-4.262751936912536621e-01,8.851461857557296753e-02,7.049106955528259277e-01,2.163859903812408447e-01,-1.800441592931747437e-01,9.569265879690647125e-03
1.062154844403266907e-01,1.846123039722442627e-01,8.994013667106628418e-01,1.514831781387329102e-01,-1.547590177506208420e-02,5.066509246826171875e-01,-8.485977649688720703e-01,3.596934257075190544e-03,-4.483193904161453247e-02,-1.292161941528320312e-01,1.174398139119148254e-01,2.692634463310241699e-01,-1.467895507812500000e-01,-8.211890608072280884e-02,-4.797825589776039124e-02,-1.263569593429565430e-01,2.390662580728530884e-01,4.069076478481292725e-01,1.679226458072662354e-01,-9.378400444984436035e-02,-1.022479310631752014e-02,1.901918649673461914e-01,2.405886948108673096e-01,4.592950344085693359e-01,-3.489048182964324951e-01,7.994766235351562500e-01,-1.462302654981613159e-01,-2.493083328008651733e-01,-1.065561473369598389e-01,2.295328378677368164e-01,-4.250056445598602295e-01,8.047031611204147339e-02,6.969462633132934570e-01,2.155412584543228149e-01,-1.801900118589401245e-01,1.003742404282093048e-02
1.053351610898971558e-01,1.852212548255920410e-01,8.999043107032775879e-01,1.537282019853591919e-01,-1.769145391881465912e-02,5.092291235923767090e-01,-8.466051816940307617e-01,1.599733368493616581e-03,-3.467845171689987183e-02,-1.220301985740661621e-01,1.186764761805534363e-01,2.554040849208831787e-01,-1.308548897504806519e-01,-9.188888221979141235e-02,-4.805952683091163635e-02,-1.354167610406875610e-01,2.547515332698822021e-01,4.013524055480957031e-01,1.700032353401184082e-01,-9.602165222167968750e-02,-1.115704514086246490e-02,1.974665224552154541e-01,2.521553337574005127e-01,4.601362645626068115e-01,-3.426788449287414551e-01,7.993108630180358887e-01,-1.586195826530456543e-01,-2.444496303796768188e-01,-1.167723909020423889e-01,2.268150448799133301e-01,-4.251767098903656006e-01,7.736124098300933838e-02,6.936725378036499023e-01,2.187244743108749390e-01,-1.777318716049194336e-01,1.465584710240364075e-02
1.050380170345306396e-01,1.860087066888809204e-01,9.007043838500976562e-01,1.563890725374221802e-01,-1.896600984036922455e-02,5.078666210174560547e-01,-8.469086289405822754e-01,2.614230616018176079e-04,-2.878103777766227722e-02,-1.247797012329101562e-01,1.263310760259628296e-01,2.442612498998641968e-01,-1.262363493442535400e-01,-9.927360713481903076e-02,-4.960333555936813354e-02,-1.399748474359512329e-01,2.733735442161560059e-01,3.967728912830352783e-01,1.602266132831573486e-01,-9.676466882228851318e-02,-8.914477191865444183e-03,2.037881463766098022e-01,2.564747631549835205e-01,4.598202109336853027e-01,-3.313431143760681152e-01,8.048425316810607910e-01,-1.678588688373565674e-01,-2.408939749002456665e-01,-1.201050281524658203e-01,2.292882204055786133e-01,-4.231543242931365967e-01,7.082705199718475342e-02,6.919521689414978027e-01,2.207737863063812256e-01,-1.782371699810028076e-01,1.224423944950103760e-02
1.043047234416007996e-01,1.864963024854660034e-01,9.012887477874755859e-01,1.590107381343841553e-01,-1.996313966810703278e-02,5.081915855407714844e-01,-8.462023138999938965e-01,-2.510145772248506546e-03,-2.272687479853630066e-02,-1.242155730724334717e-01,1.362847089767456055e-01,2.314815521240234375e-01,-1.166883558034896851e-01,-1.061252802610397339e-01,-5.227303132414817810e-02,-1.476875096559524536e-01,2.885533273220062256e-01,3.893604576587677002e-01,1.529670506715774536e-01,-9.862349182367324829e-02,-8.281470276415348053e-03,2.095096707344055176e-01,2.636583745479583740e-01,4.601640105247497559e-01,-3.239942789077758789e-01,8.023443818092346191e-01,-1.762820929288864136e-01,-2.391991764307022095e-01,-1.271303445100784302e-01,2.293166816234588623e-01,-4.216135144233703613e-01,6.297066807746887207e-02,6.855350136756896973e-01,2.237339019775390625e-01,-1.802873760461807251e-01,1.515164133161306381e-02
1.042740866541862488e-01,1.897133141756057739e-01,9.019907712936401367e-01,1.600854843854904175e-01,-2.086912468075752258e-02,5.129668116569519043e-01,-8.430908322334289551e-01,-5.175806581974029541e-03,-1.643966510891914368e-02,-1.203766465187072754e-01,1.495647579431533813e-01,2.184811979532241821e-01,-1.094916984438896179e-01,-1.128106415271759033e-01,-5.638271197676658630e-02,-1.574404686689376831e-01,3.038896322250366211e-01,3.735534548759460449e-01,1.458167582750320435e-01,-9.846020489931106567e-02,-7.142829243093729019e-03,2.170913964509963989e-01,2.788003981113433838e-01,4.603138267993927002e-01,-3.147796094417572021e-01,8.041281700134277344e-01,-1.766342967748641968e-01,-2.343122214078903198e-01,-1.270656585693359375e-01,2.303530275821685791e-01,-4.210425913333892822e-01,5.685240402817726135e-02,6.779487133026123047e-01,2.248776853084564209e-01,-1.807729899883270264e-01,1.538055669516324997e-02
1.037575453519821167e-01,1.899944990873336792e-01,9.026541113853454590e-01,1.618420332670211792e-01,-2.246764674782752991e-02,5.100060701370239258e-01,-8.445094227790832520e-01,-6.478817202150821686e-03,-1.297075767070055008e-02,-1.246316954493522644e-01,1.526083797216415405e-01,2.090840786695480347e-01,-1.084540113806724548e-01,-1.202667206525802612e-01,-6.072561442852020264e-02,-1.631559580564498901e-01,3.196047544479370117e-01,3.655806779861450195e-01,1.343823522329330444e-01,-9.902279078960418701e-02,-3.466029884293675423e-03,2.225493788719177246e-01,2.810496687889099121e-01,4.625014066696166992e-01,-3.070557415485382080e-01,8.004611730575561523e-01,-1.796097308397293091e-01,-2.304652333259582520e-01,-1.309054344892501831e-01,2.358896583318710327e-01,-4.201673865318298340e-01,5.020197853446006775e-02,6.753187179565429688e-01,2.261987030506134033e-01,-1.777278035879135132e-01,1.448618993163108826e-02
1.030532196164131165e-01,1.902762204408645630e-01,9.032114148139953613e-01,1.632352620363235474e-01,-2.312179654836654663e-02,5.090021491050720215e-01,-8.448292016983032227e-01,-8.871896192431449890e-03,-1.110350247472524643e-02,-1.285597234964370728e-01,1.602246314287185669e-01,1.988120079040527344e-01,-1.040347218513488770e-01,-1.251095831394195557e-01,-6.526507437229156494e-02,-1.684696525335311890e-01,3.295969963073730469e-01,3.570249378681182861e-01,1.278842836618423462e-01,-9.991598129272460938e-02,-2.920841798186302185e-03,2.283738553524017334e-01,2.839190065860748291e-01,4.621376395225524902e-01,-3.003904819488525391e-01,7.998716235160827637e-01,-1.818769276142120361e-01,-2.260236442089080811e-01,-1.334131658077239990e-01,2.375947833061218262e-01,-4.191831350326538086e-01,4.307581111788749695e-02,6.729157567024230957e-01,2.288230955600738525e-01,-1.764245778322219849e-01,1.149608287960290909e-02
1.022258996963500977e-01,1.889387965202331543e-01,9.038006663322448730e-01,1.651663631200790405e-01,-2.270253933966159821e-02,5.068191885948181152e-01,-8.457771539688110352e-01,-1.197512913495302200e-02,-1.144667621701955795e-02,-1.331177055835723877e-01,1.712773740291595459e-01,1.934660971164703369e-01,-1.041638627648353577e-01,-1.283493191003799438e-01,-7.017011940479278564e-02,-1.710623800754547119e-01,3.374759256839752197e-01,3.518893122673034668e-01,1.209346950054168701e-01,-9.950933605432510376e-02,-2.403697231784462929e-03,2.330414354801177979e-01,2.827086746692657471e-01,4.631987512111663818e-01,-2.958181202411651611e-01,7.950817346572875977e-01,-1.836003065109252930e-01,-2.237110286951065063e-01,-1.322957277297973633e-01,2.384586632251739502e-01,-4.204579293727874756e-01,3.986789658665657043e-02,6.704819202423095703e-01,2.313199490308761597e-01,-1.753948330879211426e-01,1.167266257107257843e-02
1.018915623426437378e-01,1.894863098859786987e-01,9.043117165565490723e-01,1.662482172250747681e-01,-2.258464135229587555e-02,5.054070949554443359e-01,-8.464130759239196777e-01,-1.226679887622594833e-02,-1.114415749907493591e-02,-1.364717632532119751e-01,1.778008043766021729e-01,1.868424117565155029e-01,-1.056883707642555237e-01,-1.306922882795333862e-01,-7.458108663558959961e-02,-1.756650805473327637e-01,3.450471460819244385e-01,3.420507311820983887e-01,1.155830919742584229e-01,-9.881456941366195679e-02,-8.753187721595168114e-04,2.390158176422119141e-01,2.842442691326141357e-01,4.640901386737823486e-01,-2.898214459419250488e-01,7.954270839691162109e-01,-1.830559819936752319e-01,-2.191839069128036499e-01,-1.326712518930435181e-01,2.418344318866729736e-01,-4.196390211582183838e-01,3.448892757296562195e-02,6.670684218406677246e-01,2.339228242635726929e-01,-1.727066934108734131e-01,1.318067312240600586e-02
1.020158156752586365e-01,1.904292851686477661e-01,9.047710299491882324e-01,1.653947532176971436e-01,-2.240324392914772034e-02,5.056294798851013184e-01,-8.464522957801818848e-01,-1.386696752160787582e-02,-1.347765419632196426e-02,-1.383414566516876221e-01,1.832706630229949951e-01,1.852352470159530640e-01,-1.087175756692886353e-01,-1.303211152553558350e-01,-7.907944172620773315e-02,-1.771929562091827393e-01,3.405908942222595215e-01,3.306527435779571533e-01,1.079731211066246033e-01,-9.889148920774459839e-02,-8.344682282768189907e-04,2.424290031194686890e-01,2.882507145404815674e-01,4.636525809764862061e-01,-2.857168018817901611e-01,8.013101220130920410e-01,-1.827111691236495972e-01,-2.148636281490325928e-01,-1.349301189184188843e-01,2.445299625396728516e-01,-4.196066558361053467e-01,3.114635869860649109e-02,6.661618947982788086e-01,2.345273941755294800e-01,-1.683457642793655396e-01,1.490626297891139984e-02
1.019110977649688721e-01,1.912227421998977661e-01,9.051219224929809570e-01,1.639894098043441772e-01,-2.197961509227752686e-02,5.053073763847351074e-01,-8.469290733337402344e-01,-1.690264977514743805e-02,-1.751741021871566772e-02,-1.383603215217590332e-01,1.915173083543777466e-01,1.824949085712432861e-01,-1.131998375058174133e-01,-1.264041662216186523e-01,-8.455353230237960815e-02,-1.774259507656097412e-01,3.275384902954101562e-01,3.230099081993103027e-01,1.053180620074272156e-01,-1.006833463907241821e-01,-3.954609390348196030e-03,2.436821013689041138e-01,2.910523116588592529e-01,4.618505835533142090e-01,-2.818763256072998047e-01,8.103645443916320801e-01,-1.831806302070617676e-01,-2.115758508443832397e-01,-1.326587796211242676e-01,2.474656105041503906e-01,-4.167093634605407715e-01,2.584526501595973969e-02,6.620475649833679199e-01,2.422070205211639404e-01,-1.684537380933761597e-01,1.364688761532306671e-02
1.017205491662025452e-01,1.899688988924026489e-01,9.056763648986816406e-01,1.634817272424697876e-01,-2.067113667726516724e-02,4.993152320384979248e-01,-8.506060838699340820e-01,-2.069915272295475006e-02,-2.501704171299934387e-02,-1.410132497549057007e-01,2.037233561277389526e-01,1.825488507747650146e-01,-1.237188354134559631e-01,-1.221256628632545471e-01,-9.303759783506393433e-02,-1.796550005674362183e-01,3.184792399406433105e-01,3.211075365543365479e-01,9.453442692756652832e-02,-9.968068450689315796e-02,-4.930142778903245926e-03,2.430164068937301636e-01,2.857071161270141602e-01,4.642017185688018799e-01,-2.789901494979858398e-01,8.115463256835937500e-01,-1.821966916322708130e-01,-2.118139714002609253e-01,-1.353249102830886841e-01,2.578045427799224854e-01,-4.181709587574005127e-01,2.437967434525489807e-02,6.591898202896118164e-01,2.388984262943267822e-01,-1.656386703252792358e-01,1.324980705976486206e-02
1.027271077036857605e-01,1.905396431684494019e-01,9.061732888221740723e-01,1.601325273513793945e-01,-1.907335594296455383e-02,4.942099452018737793e-01,-8.542542457580566406e-01,-2.236807718873023987e-02,-3.714043647050857544e-02,-1.473642587661743164e-01,2.098607271909713745e-01,1.915973275899887085e-01,-1.407736241817474365e-01,-1.145382374525070190e-01,-1.009430661797523499e-01,-1.792482882738113403e-01,2.976475656032562256e-01,3.186042010784149170e-01,8.367310464382171631e-02,-9.698376804590225220e-02,-4.417223390191793442e-03,2.437927424907684326e-01,2.831692099571228027e-01,4.664076268672943115e-01,-2.790853381156921387e-01,8.169584870338439941e-01,-1.868984103202819824e-01,-2.111792862415313721e-01,-1.402682811021804810e-01,2.705164849758148193e-01,-4.169783294200897217e-01,2.258492261171340942e-02,6.595015525817871094e-01,2.372901737689971924e-01,-1.626956462860107422e-01,1.175754703581333160e-02
1.040847525000572205e-01,1.910372078418731689e-01,9.066091179847717285e-01,1.573812812566757202e-01,-1.709669083356857300e-02,4.848393499851226807e-01,-8.601567745208740234e-01,-1.929582655429840088e-02,-4.973905906081199646e-02,-1.572559028863906860e-01,2.097216844558715820e-01,2.046103179454803467e-01,-1.672610640525817871e-01,-1.063064858317375183e-01,-1.059662252664566040e-01,-1.761504113674163818e-01,2.799513041973114014e-01,3.229620158672332764e-01,7.681585848331451416e-02,-9.352181106805801392e-02,-1.154427998699247837e-03,2.409699708223342896e-01,2.765359878540039062e-01,4.686839878559112549e-01,-2.788350284099578857e-01,8.248507976531982422e-01,-1.943659037351608276e-01,-2.097908705472946167e-01,-1.484805941581726074e-01,2.887887954711914062e-01,-4.113024175167083740e-01,1.889358647167682648e-02,6.634152531623840332e-01,2.483104765415191650e-01,-1.597299128770828247e-01,9.178967215120792389e-03
1.049816310405731201e-01,1.893310546875000000e-01,9.071915149688720703e-01,1.555400192737579346e-01,-1.419153623282909393e-02,4.740394353866577148e-01,-8.665405511856079102e-01,-1.921188458800315857e-02,-6.411828845739364624e-02,-1.676913946866989136e-01,2.166717052459716797e-01,2.206823080778121948e-01,-1.899991780519485474e-01,-9.997446835041046143e-02,-1.097705215215682983e-01,-1.705805659294128418e-01,2.656850516796112061e-01,3.295418024063110352e-01,7.212365418672561646e-02,-9.098478406667709351e-02,-6.039417930878698826e-04,2.359500676393508911e-01,2.667840719223022461e-01,4.710829257965087891e-01,-2.823090553283691406e-01,8.308293223381042480e-01,-1.967151463031768799e-01,-2.092694342136383057e-01,-1.505082845687866211e-01,3.037377893924713135e-01,-4.095672070980072021e-01,1.831240393221378326e-02,6.701277494430541992e-01,2.515302896499633789e-01,-1.561493873596191406e-01,7.310127839446067810e-03
1.058346033096313477e-01,1.913000196218490601e-01,9.077046513557434082e-01,1.516548395156860352e-01,-1.132122427225112915e-02,4.577633440494537354e-01,-8.759710788726806641e-01,-1.743876934051513672e-02,-8.170940726995468140e-02,-1.777689754962921143e-01,2.259688675403594971e-01,2.354934066534042358e-01,-2.233312427997589111e-01,-9.050265699625015259e-02,-1.109435409307479858e-01,-1.571067124605178833e-01,2.511243224143981934e-01,3.283383250236511230e-01,6.493202596902847290e-02,-8.724975585937500000e-02,3.218642203137278557e-03,2.322447896003723145e-01,2.577281594276428223e-01,4.756639599800109863e-01,-2.818638980388641357e-01,8.301820755004882812e-01,-2.003237009048461914e-01,-2.128902673721313477e-01,-1.531712114810943604e-01,3.326150476932525635e-01,-4.056585133075714111e-01,1.866028644144535065e-02,6.744621992111206055e-01,2.552393972873687744e-01,-1.544558554887771606e-01,9.843578562140464783e-03
1.059336066246032715e-01,1.917949914932250977e-01,9.076458215713500977e-01,1.465844959020614624e-01,-8.117088116705417633e-03,4.487316906452178955e-01,-8.815253376960754395e-01,-1.712910085916519165e-02,-9.926275163888931274e-02,-1.825930774211883545e-01,2.305653542280197144e-01,2.475867718458175659e-01,-2.403806447982788086e-01,-8.219391107559204102e-02,-1.081115528941154480e-01,-1.350982785224914551e-01,2.214379012584686279e-01,3.212833702564239502e-01,8.001565933227539062e-02,-8.446000516414642334e-02,-2.797309076413512230e-03,2.278782129287719727e-01,2.545270025730133057e-01,4.785529673099517822e-01,-2.874648571014404297e-01,8.316408395767211914e-01,-2.025136649608612061e-01,-2.145744711160659790e-01,-1.509755253791809082e-01,3.471109867095947266e-01,-4.072116613388061523e-01,2.308034151792526245e-02,6.827820539474487305e-01,2.512236237525939941e-01,-1.505559831857681274e-01,1.004078146070241928e-02
1.046962291002273560e-01,1.898694485425949097e-01,9.077858924865722656e-01,1.448026448488235474e-01,-5.914395675063133240e-03,4.357411265373229980e-01,-8.883281350135803223e-01,-1.814344897866249084e-02,-1.125498712062835693e-01,-1.902315020561218262e-01,2.386044412851333618e-01,2.502567470073699951e-01,-2.477169483900070190e-01,-8.087667822837829590e-02,-1.034189611673355103e-01,-1.162337213754653931e-01,2.077353000640869141e-01,3.225409090518951416e-01,9.862875193357467651e-02,-8.485381305217742920e-02,-1.049078628420829773e-02,2.255728393793106079e-01,2.489433884620666504e-01,4.824036359786987305e-01,-2.917835116386413574e-01,8.144443035125732422e-01,-2.115956544876098633e-01,-2.214307636022567749e-01,-1.526109129190444946e-01,3.605847954750061035e-01,-4.047704339027404785e-01,2.193158864974975586e-02,6.844286322593688965e-01,2.594814300537109375e-01,-1.517604738473892212e-01,1.165924221277236938e-02
1.043345406651496887e-01,1.915162950754165649e-01,9.083921313285827637e-01,1.383177787065505981e-01,-3.899316303431987762e-03,4.271395504474639893e-01,-8.935350179672241211e-01,-1.972330547869205475e-02,-1.311292052268981934e-01,-1.868331730365753174e-01,2.434258759021759033e-01,2.586289942264556885e-01,-2.602177560329437256e-01,-7.361533492803573608e-02,-1.042690724134445190e-01,-1.007884368300437927e-01,1.776190400123596191e-01,3.157471418380737305e-01,1.056578755378723145e-01,-8.179137855768203735e-02,-1.621557213366031647e-02,2.232412844896316528e-01,2.482536882162094116e-01,4.893676936626434326e-01,-2.986685633659362793e-01,8.065272569656372070e-01,-2.156870961189270020e-01,-2.249220609664916992e-01,-1.506632715463638306e-01,3.772393465042114258e-01,-4.048781394958496094e-01,3.156727179884910583e-02,6.878662109375000000e-01,2.612254917621612549e-01,-1.530672460794448853e-01,1.485805958509445190e-02
1.038737744092941284e-01,1.931253820657730103e-01,9.097220301628112793e-01,1.318881362676620483e-01,-2.169948536902666092e-03,4.225863218307495117e-01,-8.966724872589111328e-01,-2.089266479015350342e-02,-1.484889090061187744e-01,-1.746691614389419556e-01,2.461492568254470825e-01,2.688936591148376465e-01,-2.607102096080780029e-01,-7.366766780614852905e-02,-1.007146462798118591e-01,-7.685489952564239502e-02,1.625281125307083130e-01,3.117116391658782959e-01,1.250908523797988892e-01,-8.385636657476425171e-02,-2.206179685890674591e-02,2.193746864795684814e-01,2.562341690063476562e-01,4.949811398983001709e-01,-3.020212650299072266e-01,8.047870993614196777e-01,-2.052271068096160889e-01,-2.255554199218750000e-01,-1.485878527164459229e-01,3.877971768379211426e-01,-4.079269170761108398e-01,3.741148859262466431e-02,6.898920536041259766e-01,2.432744204998016357e-01,-1.512209326028823853e-01,2.048208005726337433e-02
1.031152978539466858e-01,1.931506395339965820e-01,9.116825461387634277e-01,1.257760226726531982e-01,3.867008199449628592e-04,4.137055277824401855e-01,-9.016806483268737793e-01,-2.126313932240009308e-02,-1.718444973230361938e-01,-1.703953891992568970e-01,2.510121166706085205e-01,2.797042131423950195e-01,-2.611766755580902100e-01,-7.072716206312179565e-02,-1.011736914515495300e-01,-5.267643928527832031e-02,1.469461619853973389e-01,3.117443025112152100e-01,1.455062180757522583e-01,-8.322235941886901855e-02,-2.740754000842571259e-02,2.159169465303421021e-01,2.543894052505493164e-01,4.939917623996734619e-01,-3.005545437335968018e-01,8.041549921035766602e-01,-2.019131481647491455e-01,-2.252207249402999878e-01,-1.515249013900756836e-01,4.023005366325378418e-01,-4.055680632591247559e-01,4.143844917416572571e-02,6.940702795982360840e-01,2.379824370145797729e-01,-1.479418426752090454e-01,2.671912498772144318e-02
1.019008308649063110e-01,1.950456351041793823e-01,9.129958152770996094e-01,1.190107241272926331e-01,3.455023979768157005e-03,4.119067192077636719e-01,-9.034142494201660156e-01,-2.280430682003498077e-02,-1.914429217576980591e-01,-1.640449613332748413e-01,2.582789957523345947e-01,2.845218181610107422e-01,-2.613574266433715820e-01,-7.034276425838470459e-02,-1.005256921052932739e-01,-3.195051103830337524e-02,1.328410357236862183e-01,3.109143674373626709e-01,1.694319546222686768e-01,-8.443859219551086426e-02,-3.378099575638771057e-02,2.164525091648101807e-01,2.607869803905487061e-01,4.978754520416259766e-01,-3.058303892612457275e-01,7.972804307937622070e-01,-1.982282698154449463e-01,-2.272512614727020264e-01,-1.486024558544158936e-01,4.135804772377014160e-01,-4.072647690773010254e-01,4.316920042037963867e-02,6.808760166168212891e-01,2.348529398441314697e-01,-1.510077267885208130e-01,2.747444249689579010e-02
1.011736541986465454e-01,1.903184354305267334e-01,9.145070910453796387e-01,1.179934442043304443e-01,3.807663451880216599e-03,3.983479440212249756e-01,-9.096053838729858398e-01,-1.259705703705549240e-02,-2.013268619775772095e-01,-1.587112993001937866e-01,2.345641851425170898e-01,2.976506948471069336e-01,-2.616882920265197754e-01,-7.994943857192993164e-02,-8.979843556880950928e-02,-1.860995963215827942e-02,1.428636908531188965e-01,3.347644507884979248e-01,1.983584910631179810e-01,-8.864513784646987915e-02,-3.108697384595870972e-02,2.113124877214431763e-01,2.521418035030364990e-01,5.011448264122009277e-01,-3.167968988418579102e-01,7.836068868637084961e-01,-1.970518231391906738e-01,-2.255889475345611572e-01,-1.560996323823928833e-01,4.275283813476562500e-01,-4.087955057621002197e-01,5.109491571784019470e-02,6.747565269470214844e-01,2.339148372411727905e-01,-1.506614536046981812e-01,2.804050594568252563e-02
